        CONTROL INFO 2.3.16
** GAMBIT NEUTRAL FILE
sqgBox
PROGRAM:                Gambit     VERSION:  2.3.16
 8 Mar 2019    19:25:39 
     NUMNP     NELEM     NGRPS    NBSETS     NDFCD     NDFVL
      9409      2304         2         1         2         2
ENDOFSECTION
   NODAL COORDINATES 2.3.16
         1  -4.80000000000e+00  -4.80000000000e+00
         2  -4.70000000000e+00  -4.80000000000e+00
         3  -4.60000000000e+00  -4.80000000000e+00
         4  -4.50000000000e+00  -4.80000000000e+00
         5  -4.40000000000e+00  -4.80000000000e+00
         6  -4.30000000000e+00  -4.80000000000e+00
         7  -4.20000000000e+00  -4.80000000000e+00
         8  -4.10000000000e+00  -4.80000000000e+00
         9  -4.00000000000e+00  -4.80000000000e+00
        10  -3.90000000000e+00  -4.80000000000e+00
        11  -3.80000000000e+00  -4.80000000000e+00
        12  -3.70000000000e+00  -4.80000000000e+00
        13  -3.60000000000e+00  -4.80000000000e+00
        14  -3.50000000000e+00  -4.80000000000e+00
        15  -3.40000000000e+00  -4.80000000000e+00
        16  -3.30000000000e+00  -4.80000000000e+00
        17  -3.20000000000e+00  -4.80000000000e+00
        18  -3.10000000000e+00  -4.80000000000e+00
        19  -3.00000000000e+00  -4.80000000000e+00
        20  -2.90000000000e+00  -4.80000000000e+00
        21  -2.80000000000e+00  -4.80000000000e+00
        22  -2.70000000000e+00  -4.80000000000e+00
        23  -2.60000000000e+00  -4.80000000000e+00
        24  -2.50000000000e+00  -4.80000000000e+00
        25  -2.40000000000e+00  -4.80000000000e+00
        26  -2.30000000000e+00  -4.80000000000e+00
        27  -2.20000000000e+00  -4.80000000000e+00
        28  -2.10000000000e+00  -4.80000000000e+00
        29  -2.00000000000e+00  -4.80000000000e+00
        30  -1.90000000000e+00  -4.80000000000e+00
        31  -1.80000000000e+00  -4.80000000000e+00
        32  -1.70000000000e+00  -4.80000000000e+00
        33  -1.60000000000e+00  -4.80000000000e+00
        34  -1.50000000000e+00  -4.80000000000e+00
        35  -1.40000000000e+00  -4.80000000000e+00
        36  -1.30000000000e+00  -4.80000000000e+00
        37  -1.20000000000e+00  -4.80000000000e+00
        38  -1.10000000000e+00  -4.80000000000e+00
        39  -1.00000000000e+00  -4.80000000000e+00
        40  -9.00000000000e-01  -4.80000000000e+00
        41  -8.00000000000e-01  -4.80000000000e+00
        42  -7.00000000000e-01  -4.80000000000e+00
        43  -6.00000000000e-01  -4.80000000000e+00
        44  -5.00000000000e-01  -4.80000000000e+00
        45  -4.00000000000e-01  -4.80000000000e+00
        46  -3.00000000000e-01  -4.80000000000e+00
        47  -2.00000000000e-01  -4.80000000000e+00
        48  -1.00000000000e-01  -4.80000000000e+00
        49   0.00000000000e+00  -4.80000000000e+00
        50   1.00000000000e-01  -4.80000000000e+00
        51   2.00000000000e-01  -4.80000000000e+00
        52   3.00000000000e-01  -4.80000000000e+00
        53   4.00000000000e-01  -4.80000000000e+00
        54   5.00000000000e-01  -4.80000000000e+00
        55   6.00000000000e-01  -4.80000000000e+00
        56   7.00000000000e-01  -4.80000000000e+00
        57   8.00000000000e-01  -4.80000000000e+00
        58   9.00000000000e-01  -4.80000000000e+00
        59   1.00000000000e+00  -4.80000000000e+00
        60   1.10000000000e+00  -4.80000000000e+00
        61   1.20000000000e+00  -4.80000000000e+00
        62   1.30000000000e+00  -4.80000000000e+00
        63   1.40000000000e+00  -4.80000000000e+00
        64   1.50000000000e+00  -4.80000000000e+00
        65   1.60000000000e+00  -4.80000000000e+00
        66   1.70000000000e+00  -4.80000000000e+00
        67   1.80000000000e+00  -4.80000000000e+00
        68   1.90000000000e+00  -4.80000000000e+00
        69   2.00000000000e+00  -4.80000000000e+00
        70   2.10000000000e+00  -4.80000000000e+00
        71   2.20000000000e+00  -4.80000000000e+00
        72   2.30000000000e+00  -4.80000000000e+00
        73   2.40000000000e+00  -4.80000000000e+00
        74   2.50000000000e+00  -4.80000000000e+00
        75   2.60000000000e+00  -4.80000000000e+00
        76   2.70000000000e+00  -4.80000000000e+00
        77   2.80000000000e+00  -4.80000000000e+00
        78   2.90000000000e+00  -4.80000000000e+00
        79   3.00000000000e+00  -4.80000000000e+00
        80   3.10000000000e+00  -4.80000000000e+00
        81   3.20000000000e+00  -4.80000000000e+00
        82   3.30000000000e+00  -4.80000000000e+00
        83   3.40000000000e+00  -4.80000000000e+00
        84   3.50000000000e+00  -4.80000000000e+00
        85   3.60000000000e+00  -4.80000000000e+00
        86   3.70000000000e+00  -4.80000000000e+00
        87   3.80000000000e+00  -4.80000000000e+00
        88   3.90000000000e+00  -4.80000000000e+00
        89   4.00000000000e+00  -4.80000000000e+00
        90   4.10000000000e+00  -4.80000000000e+00
        91   4.20000000000e+00  -4.80000000000e+00
        92   4.30000000000e+00  -4.80000000000e+00
        93   4.40000000000e+00  -4.80000000000e+00
        94   4.50000000000e+00  -4.80000000000e+00
        95   4.60000000000e+00  -4.80000000000e+00
        96   4.70000000000e+00  -4.80000000000e+00
        97   4.80000000000e+00  -4.80000000000e+00
        98  -4.80000000000e+00  -4.70000000000e+00
        99  -4.70000000000e+00  -4.70000000000e+00
       100  -4.60000000000e+00  -4.70000000000e+00
       101  -4.50000000000e+00  -4.70000000000e+00
       102  -4.40000000000e+00  -4.70000000000e+00
       103  -4.30000000000e+00  -4.70000000000e+00
       104  -4.20000000000e+00  -4.70000000000e+00
       105  -4.10000000000e+00  -4.70000000000e+00
       106  -4.00000000000e+00  -4.70000000000e+00
       107  -3.90000000000e+00  -4.70000000000e+00
       108  -3.80000000000e+00  -4.70000000000e+00
       109  -3.70000000000e+00  -4.70000000000e+00
       110  -3.60000000000e+00  -4.70000000000e+00
       111  -3.50000000000e+00  -4.70000000000e+00
       112  -3.40000000000e+00  -4.70000000000e+00
       113  -3.30000000000e+00  -4.70000000000e+00
       114  -3.20000000000e+00  -4.70000000000e+00
       115  -3.10000000000e+00  -4.70000000000e+00
       116  -3.00000000000e+00  -4.70000000000e+00
       117  -2.90000000000e+00  -4.70000000000e+00
       118  -2.80000000000e+00  -4.70000000000e+00
       119  -2.70000000000e+00  -4.70000000000e+00
       120  -2.60000000000e+00  -4.70000000000e+00
       121  -2.50000000000e+00  -4.70000000000e+00
       122  -2.40000000000e+00  -4.70000000000e+00
       123  -2.30000000000e+00  -4.70000000000e+00
       124  -2.20000000000e+00  -4.70000000000e+00
       125  -2.10000000000e+00  -4.70000000000e+00
       126  -2.00000000000e+00  -4.70000000000e+00
       127  -1.90000000000e+00  -4.70000000000e+00
       128  -1.80000000000e+00  -4.70000000000e+00
       129  -1.70000000000e+00  -4.70000000000e+00
       130  -1.60000000000e+00  -4.70000000000e+00
       131  -1.50000000000e+00  -4.70000000000e+00
       132  -1.40000000000e+00  -4.70000000000e+00
       133  -1.30000000000e+00  -4.70000000000e+00
       134  -1.20000000000e+00  -4.70000000000e+00
       135  -1.10000000000e+00  -4.70000000000e+00
       136  -1.00000000000e+00  -4.70000000000e+00
       137  -9.00000000000e-01  -4.70000000000e+00
       138  -8.00000000000e-01  -4.70000000000e+00
       139  -7.00000000000e-01  -4.70000000000e+00
       140  -6.00000000000e-01  -4.70000000000e+00
       141  -5.00000000000e-01  -4.70000000000e+00
       142  -4.00000000000e-01  -4.70000000000e+00
       143  -3.00000000000e-01  -4.70000000000e+00
       144  -2.00000000000e-01  -4.70000000000e+00
       145  -1.00000000000e-01  -4.70000000000e+00
       146   0.00000000000e+00  -4.70000000000e+00
       147   1.00000000000e-01  -4.70000000000e+00
       148   2.00000000000e-01  -4.70000000000e+00
       149   3.00000000000e-01  -4.70000000000e+00
       150   4.00000000000e-01  -4.70000000000e+00
       151   5.00000000000e-01  -4.70000000000e+00
       152   6.00000000000e-01  -4.70000000000e+00
       153   7.00000000000e-01  -4.70000000000e+00
       154   8.00000000000e-01  -4.70000000000e+00
       155   9.00000000000e-01  -4.70000000000e+00
       156   1.00000000000e+00  -4.70000000000e+00
       157   1.10000000000e+00  -4.70000000000e+00
       158   1.20000000000e+00  -4.70000000000e+00
       159   1.30000000000e+00  -4.70000000000e+00
       160   1.40000000000e+00  -4.70000000000e+00
       161   1.50000000000e+00  -4.70000000000e+00
       162   1.60000000000e+00  -4.70000000000e+00
       163   1.70000000000e+00  -4.70000000000e+00
       164   1.80000000000e+00  -4.70000000000e+00
       165   1.90000000000e+00  -4.70000000000e+00
       166   2.00000000000e+00  -4.70000000000e+00
       167   2.10000000000e+00  -4.70000000000e+00
       168   2.20000000000e+00  -4.70000000000e+00
       169   2.30000000000e+00  -4.70000000000e+00
       170   2.40000000000e+00  -4.70000000000e+00
       171   2.50000000000e+00  -4.70000000000e+00
       172   2.60000000000e+00  -4.70000000000e+00
       173   2.70000000000e+00  -4.70000000000e+00
       174   2.80000000000e+00  -4.70000000000e+00
       175   2.90000000000e+00  -4.70000000000e+00
       176   3.00000000000e+00  -4.70000000000e+00
       177   3.10000000000e+00  -4.70000000000e+00
       178   3.20000000000e+00  -4.70000000000e+00
       179   3.30000000000e+00  -4.70000000000e+00
       180   3.40000000000e+00  -4.70000000000e+00
       181   3.50000000000e+00  -4.70000000000e+00
       182   3.60000000000e+00  -4.70000000000e+00
       183   3.70000000000e+00  -4.70000000000e+00
       184   3.80000000000e+00  -4.70000000000e+00
       185   3.90000000000e+00  -4.70000000000e+00
       186   4.00000000000e+00  -4.70000000000e+00
       187   4.10000000000e+00  -4.70000000000e+00
       188   4.20000000000e+00  -4.70000000000e+00
       189   4.30000000000e+00  -4.70000000000e+00
       190   4.40000000000e+00  -4.70000000000e+00
       191   4.50000000000e+00  -4.70000000000e+00
       192   4.60000000000e+00  -4.70000000000e+00
       193   4.70000000000e+00  -4.70000000000e+00
       194   4.80000000000e+00  -4.70000000000e+00
       195  -4.80000000000e+00  -4.60000000000e+00
       196  -4.70000000000e+00  -4.60000000000e+00
       197  -4.60000000000e+00  -4.60000000000e+00
       198  -4.50000000000e+00  -4.60000000000e+00
       199  -4.40000000000e+00  -4.60000000000e+00
       200  -4.30000000000e+00  -4.60000000000e+00
       201  -4.20000000000e+00  -4.60000000000e+00
       202  -4.10000000000e+00  -4.60000000000e+00
       203  -4.00000000000e+00  -4.60000000000e+00
       204  -3.90000000000e+00  -4.60000000000e+00
       205  -3.80000000000e+00  -4.60000000000e+00
       206  -3.70000000000e+00  -4.60000000000e+00
       207  -3.60000000000e+00  -4.60000000000e+00
       208  -3.50000000000e+00  -4.60000000000e+00
       209  -3.40000000000e+00  -4.60000000000e+00
       210  -3.30000000000e+00  -4.60000000000e+00
       211  -3.20000000000e+00  -4.60000000000e+00
       212  -3.10000000000e+00  -4.60000000000e+00
       213  -3.00000000000e+00  -4.60000000000e+00
       214  -2.90000000000e+00  -4.60000000000e+00
       215  -2.80000000000e+00  -4.60000000000e+00
       216  -2.70000000000e+00  -4.60000000000e+00
       217  -2.60000000000e+00  -4.60000000000e+00
       218  -2.50000000000e+00  -4.60000000000e+00
       219  -2.40000000000e+00  -4.60000000000e+00
       220  -2.30000000000e+00  -4.60000000000e+00
       221  -2.20000000000e+00  -4.60000000000e+00
       222  -2.10000000000e+00  -4.60000000000e+00
       223  -2.00000000000e+00  -4.60000000000e+00
       224  -1.90000000000e+00  -4.60000000000e+00
       225  -1.80000000000e+00  -4.60000000000e+00
       226  -1.70000000000e+00  -4.60000000000e+00
       227  -1.60000000000e+00  -4.60000000000e+00
       228  -1.50000000000e+00  -4.60000000000e+00
       229  -1.40000000000e+00  -4.60000000000e+00
       230  -1.30000000000e+00  -4.60000000000e+00
       231  -1.20000000000e+00  -4.60000000000e+00
       232  -1.10000000000e+00  -4.60000000000e+00
       233  -1.00000000000e+00  -4.60000000000e+00
       234  -9.00000000000e-01  -4.60000000000e+00
       235  -8.00000000000e-01  -4.60000000000e+00
       236  -7.00000000000e-01  -4.60000000000e+00
       237  -6.00000000000e-01  -4.60000000000e+00
       238  -5.00000000000e-01  -4.60000000000e+00
       239  -4.00000000000e-01  -4.60000000000e+00
       240  -3.00000000000e-01  -4.60000000000e+00
       241  -2.00000000000e-01  -4.60000000000e+00
       242  -1.00000000000e-01  -4.60000000000e+00
       243   0.00000000000e+00  -4.60000000000e+00
       244   1.00000000000e-01  -4.60000000000e+00
       245   2.00000000000e-01  -4.60000000000e+00
       246   3.00000000000e-01  -4.60000000000e+00
       247   4.00000000000e-01  -4.60000000000e+00
       248   5.00000000000e-01  -4.60000000000e+00
       249   6.00000000000e-01  -4.60000000000e+00
       250   7.00000000000e-01  -4.60000000000e+00
       251   8.00000000000e-01  -4.60000000000e+00
       252   9.00000000000e-01  -4.60000000000e+00
       253   1.00000000000e+00  -4.60000000000e+00
       254   1.10000000000e+00  -4.60000000000e+00
       255   1.20000000000e+00  -4.60000000000e+00
       256   1.30000000000e+00  -4.60000000000e+00
       257   1.40000000000e+00  -4.60000000000e+00
       258   1.50000000000e+00  -4.60000000000e+00
       259   1.60000000000e+00  -4.60000000000e+00
       260   1.70000000000e+00  -4.60000000000e+00
       261   1.80000000000e+00  -4.60000000000e+00
       262   1.90000000000e+00  -4.60000000000e+00
       263   2.00000000000e+00  -4.60000000000e+00
       264   2.10000000000e+00  -4.60000000000e+00
       265   2.20000000000e+00  -4.60000000000e+00
       266   2.30000000000e+00  -4.60000000000e+00
       267   2.40000000000e+00  -4.60000000000e+00
       268   2.50000000000e+00  -4.60000000000e+00
       269   2.60000000000e+00  -4.60000000000e+00
       270   2.70000000000e+00  -4.60000000000e+00
       271   2.80000000000e+00  -4.60000000000e+00
       272   2.90000000000e+00  -4.60000000000e+00
       273   3.00000000000e+00  -4.60000000000e+00
       274   3.10000000000e+00  -4.60000000000e+00
       275   3.20000000000e+00  -4.60000000000e+00
       276   3.30000000000e+00  -4.60000000000e+00
       277   3.40000000000e+00  -4.60000000000e+00
       278   3.50000000000e+00  -4.60000000000e+00
       279   3.60000000000e+00  -4.60000000000e+00
       280   3.70000000000e+00  -4.60000000000e+00
       281   3.80000000000e+00  -4.60000000000e+00
       282   3.90000000000e+00  -4.60000000000e+00
       283   4.00000000000e+00  -4.60000000000e+00
       284   4.10000000000e+00  -4.60000000000e+00
       285   4.20000000000e+00  -4.60000000000e+00
       286   4.30000000000e+00  -4.60000000000e+00
       287   4.40000000000e+00  -4.60000000000e+00
       288   4.50000000000e+00  -4.60000000000e+00
       289   4.60000000000e+00  -4.60000000000e+00
       290   4.70000000000e+00  -4.60000000000e+00
       291   4.80000000000e+00  -4.60000000000e+00
       292  -4.80000000000e+00  -4.50000000000e+00
       293  -4.70000000000e+00  -4.50000000000e+00
       294  -4.60000000000e+00  -4.50000000000e+00
       295  -4.50000000000e+00  -4.50000000000e+00
       296  -4.40000000000e+00  -4.50000000000e+00
       297  -4.30000000000e+00  -4.50000000000e+00
       298  -4.20000000000e+00  -4.50000000000e+00
       299  -4.10000000000e+00  -4.50000000000e+00
       300  -4.00000000000e+00  -4.50000000000e+00
       301  -3.90000000000e+00  -4.50000000000e+00
       302  -3.80000000000e+00  -4.50000000000e+00
       303  -3.70000000000e+00  -4.50000000000e+00
       304  -3.60000000000e+00  -4.50000000000e+00
       305  -3.50000000000e+00  -4.50000000000e+00
       306  -3.40000000000e+00  -4.50000000000e+00
       307  -3.30000000000e+00  -4.50000000000e+00
       308  -3.20000000000e+00  -4.50000000000e+00
       309  -3.10000000000e+00  -4.50000000000e+00
       310  -3.00000000000e+00  -4.50000000000e+00
       311  -2.90000000000e+00  -4.50000000000e+00
       312  -2.80000000000e+00  -4.50000000000e+00
       313  -2.70000000000e+00  -4.50000000000e+00
       314  -2.60000000000e+00  -4.50000000000e+00
       315  -2.50000000000e+00  -4.50000000000e+00
       316  -2.40000000000e+00  -4.50000000000e+00
       317  -2.30000000000e+00  -4.50000000000e+00
       318  -2.20000000000e+00  -4.50000000000e+00
       319  -2.10000000000e+00  -4.50000000000e+00
       320  -2.00000000000e+00  -4.50000000000e+00
       321  -1.90000000000e+00  -4.50000000000e+00
       322  -1.80000000000e+00  -4.50000000000e+00
       323  -1.70000000000e+00  -4.50000000000e+00
       324  -1.60000000000e+00  -4.50000000000e+00
       325  -1.50000000000e+00  -4.50000000000e+00
       326  -1.40000000000e+00  -4.50000000000e+00
       327  -1.30000000000e+00  -4.50000000000e+00
       328  -1.20000000000e+00  -4.50000000000e+00
       329  -1.10000000000e+00  -4.50000000000e+00
       330  -1.00000000000e+00  -4.50000000000e+00
       331  -9.00000000000e-01  -4.50000000000e+00
       332  -8.00000000000e-01  -4.50000000000e+00
       333  -7.00000000000e-01  -4.50000000000e+00
       334  -6.00000000000e-01  -4.50000000000e+00
       335  -5.00000000000e-01  -4.50000000000e+00
       336  -4.00000000000e-01  -4.50000000000e+00
       337  -3.00000000000e-01  -4.50000000000e+00
       338  -2.00000000000e-01  -4.50000000000e+00
       339  -1.00000000000e-01  -4.50000000000e+00
       340   0.00000000000e+00  -4.50000000000e+00
       341   1.00000000000e-01  -4.50000000000e+00
       342   2.00000000000e-01  -4.50000000000e+00
       343   3.00000000000e-01  -4.50000000000e+00
       344   4.00000000000e-01  -4.50000000000e+00
       345   5.00000000000e-01  -4.50000000000e+00
       346   6.00000000000e-01  -4.50000000000e+00
       347   7.00000000000e-01  -4.50000000000e+00
       348   8.00000000000e-01  -4.50000000000e+00
       349   9.00000000000e-01  -4.50000000000e+00
       350   1.00000000000e+00  -4.50000000000e+00
       351   1.10000000000e+00  -4.50000000000e+00
       352   1.20000000000e+00  -4.50000000000e+00
       353   1.30000000000e+00  -4.50000000000e+00
       354   1.40000000000e+00  -4.50000000000e+00
       355   1.50000000000e+00  -4.50000000000e+00
       356   1.60000000000e+00  -4.50000000000e+00
       357   1.70000000000e+00  -4.50000000000e+00
       358   1.80000000000e+00  -4.50000000000e+00
       359   1.90000000000e+00  -4.50000000000e+00
       360   2.00000000000e+00  -4.50000000000e+00
       361   2.10000000000e+00  -4.50000000000e+00
       362   2.20000000000e+00  -4.50000000000e+00
       363   2.30000000000e+00  -4.50000000000e+00
       364   2.40000000000e+00  -4.50000000000e+00
       365   2.50000000000e+00  -4.50000000000e+00
       366   2.60000000000e+00  -4.50000000000e+00
       367   2.70000000000e+00  -4.50000000000e+00
       368   2.80000000000e+00  -4.50000000000e+00
       369   2.90000000000e+00  -4.50000000000e+00
       370   3.00000000000e+00  -4.50000000000e+00
       371   3.10000000000e+00  -4.50000000000e+00
       372   3.20000000000e+00  -4.50000000000e+00
       373   3.30000000000e+00  -4.50000000000e+00
       374   3.40000000000e+00  -4.50000000000e+00
       375   3.50000000000e+00  -4.50000000000e+00
       376   3.60000000000e+00  -4.50000000000e+00
       377   3.70000000000e+00  -4.50000000000e+00
       378   3.80000000000e+00  -4.50000000000e+00
       379   3.90000000000e+00  -4.50000000000e+00
       380   4.00000000000e+00  -4.50000000000e+00
       381   4.10000000000e+00  -4.50000000000e+00
       382   4.20000000000e+00  -4.50000000000e+00
       383   4.30000000000e+00  -4.50000000000e+00
       384   4.40000000000e+00  -4.50000000000e+00
       385   4.50000000000e+00  -4.50000000000e+00
       386   4.60000000000e+00  -4.50000000000e+00
       387   4.70000000000e+00  -4.50000000000e+00
       388   4.80000000000e+00  -4.50000000000e+00
       389  -4.80000000000e+00  -4.40000000000e+00
       390  -4.70000000000e+00  -4.40000000000e+00
       391  -4.60000000000e+00  -4.40000000000e+00
       392  -4.50000000000e+00  -4.40000000000e+00
       393  -4.40000000000e+00  -4.40000000000e+00
       394  -4.30000000000e+00  -4.40000000000e+00
       395  -4.20000000000e+00  -4.40000000000e+00
       396  -4.10000000000e+00  -4.40000000000e+00
       397  -4.00000000000e+00  -4.40000000000e+00
       398  -3.90000000000e+00  -4.40000000000e+00
       399  -3.80000000000e+00  -4.40000000000e+00
       400  -3.70000000000e+00  -4.40000000000e+00
       401  -3.60000000000e+00  -4.40000000000e+00
       402  -3.50000000000e+00  -4.40000000000e+00
       403  -3.40000000000e+00  -4.40000000000e+00
       404  -3.30000000000e+00  -4.40000000000e+00
       405  -3.20000000000e+00  -4.40000000000e+00
       406  -3.10000000000e+00  -4.40000000000e+00
       407  -3.00000000000e+00  -4.40000000000e+00
       408  -2.90000000000e+00  -4.40000000000e+00
       409  -2.80000000000e+00  -4.40000000000e+00
       410  -2.70000000000e+00  -4.40000000000e+00
       411  -2.60000000000e+00  -4.40000000000e+00
       412  -2.50000000000e+00  -4.40000000000e+00
       413  -2.40000000000e+00  -4.40000000000e+00
       414  -2.30000000000e+00  -4.40000000000e+00
       415  -2.20000000000e+00  -4.40000000000e+00
       416  -2.10000000000e+00  -4.40000000000e+00
       417  -2.00000000000e+00  -4.40000000000e+00
       418  -1.90000000000e+00  -4.40000000000e+00
       419  -1.80000000000e+00  -4.40000000000e+00
       420  -1.70000000000e+00  -4.40000000000e+00
       421  -1.60000000000e+00  -4.40000000000e+00
       422  -1.50000000000e+00  -4.40000000000e+00
       423  -1.40000000000e+00  -4.40000000000e+00
       424  -1.30000000000e+00  -4.40000000000e+00
       425  -1.20000000000e+00  -4.40000000000e+00
       426  -1.10000000000e+00  -4.40000000000e+00
       427  -1.00000000000e+00  -4.40000000000e+00
       428  -9.00000000000e-01  -4.40000000000e+00
       429  -8.00000000000e-01  -4.40000000000e+00
       430  -7.00000000000e-01  -4.40000000000e+00
       431  -6.00000000000e-01  -4.40000000000e+00
       432  -5.00000000000e-01  -4.40000000000e+00
       433  -4.00000000000e-01  -4.40000000000e+00
       434  -3.00000000000e-01  -4.40000000000e+00
       435  -2.00000000000e-01  -4.40000000000e+00
       436  -1.00000000000e-01  -4.40000000000e+00
       437   0.00000000000e+00  -4.40000000000e+00
       438   1.00000000000e-01  -4.40000000000e+00
       439   2.00000000000e-01  -4.40000000000e+00
       440   3.00000000000e-01  -4.40000000000e+00
       441   4.00000000000e-01  -4.40000000000e+00
       442   5.00000000000e-01  -4.40000000000e+00
       443   6.00000000000e-01  -4.40000000000e+00
       444   7.00000000000e-01  -4.40000000000e+00
       445   8.00000000000e-01  -4.40000000000e+00
       446   9.00000000000e-01  -4.40000000000e+00
       447   1.00000000000e+00  -4.40000000000e+00
       448   1.10000000000e+00  -4.40000000000e+00
       449   1.20000000000e+00  -4.40000000000e+00
       450   1.30000000000e+00  -4.40000000000e+00
       451   1.40000000000e+00  -4.40000000000e+00
       452   1.50000000000e+00  -4.40000000000e+00
       453   1.60000000000e+00  -4.40000000000e+00
       454   1.70000000000e+00  -4.40000000000e+00
       455   1.80000000000e+00  -4.40000000000e+00
       456   1.90000000000e+00  -4.40000000000e+00
       457   2.00000000000e+00  -4.40000000000e+00
       458   2.10000000000e+00  -4.40000000000e+00
       459   2.20000000000e+00  -4.40000000000e+00
       460   2.30000000000e+00  -4.40000000000e+00
       461   2.40000000000e+00  -4.40000000000e+00
       462   2.50000000000e+00  -4.40000000000e+00
       463   2.60000000000e+00  -4.40000000000e+00
       464   2.70000000000e+00  -4.40000000000e+00
       465   2.80000000000e+00  -4.40000000000e+00
       466   2.90000000000e+00  -4.40000000000e+00
       467   3.00000000000e+00  -4.40000000000e+00
       468   3.10000000000e+00  -4.40000000000e+00
       469   3.20000000000e+00  -4.40000000000e+00
       470   3.30000000000e+00  -4.40000000000e+00
       471   3.40000000000e+00  -4.40000000000e+00
       472   3.50000000000e+00  -4.40000000000e+00
       473   3.60000000000e+00  -4.40000000000e+00
       474   3.70000000000e+00  -4.40000000000e+00
       475   3.80000000000e+00  -4.40000000000e+00
       476   3.90000000000e+00  -4.40000000000e+00
       477   4.00000000000e+00  -4.40000000000e+00
       478   4.10000000000e+00  -4.40000000000e+00
       479   4.20000000000e+00  -4.40000000000e+00
       480   4.30000000000e+00  -4.40000000000e+00
       481   4.40000000000e+00  -4.40000000000e+00
       482   4.50000000000e+00  -4.40000000000e+00
       483   4.60000000000e+00  -4.40000000000e+00
       484   4.70000000000e+00  -4.40000000000e+00
       485   4.80000000000e+00  -4.40000000000e+00
       486  -4.80000000000e+00  -4.30000000000e+00
       487  -4.70000000000e+00  -4.30000000000e+00
       488  -4.60000000000e+00  -4.30000000000e+00
       489  -4.50000000000e+00  -4.30000000000e+00
       490  -4.40000000000e+00  -4.30000000000e+00
       491  -4.30000000000e+00  -4.30000000000e+00
       492  -4.20000000000e+00  -4.30000000000e+00
       493  -4.10000000000e+00  -4.30000000000e+00
       494  -4.00000000000e+00  -4.30000000000e+00
       495  -3.90000000000e+00  -4.30000000000e+00
       496  -3.80000000000e+00  -4.30000000000e+00
       497  -3.70000000000e+00  -4.30000000000e+00
       498  -3.60000000000e+00  -4.30000000000e+00
       499  -3.50000000000e+00  -4.30000000000e+00
       500  -3.40000000000e+00  -4.30000000000e+00
       501  -3.30000000000e+00  -4.30000000000e+00
       502  -3.20000000000e+00  -4.30000000000e+00
       503  -3.10000000000e+00  -4.30000000000e+00
       504  -3.00000000000e+00  -4.30000000000e+00
       505  -2.90000000000e+00  -4.30000000000e+00
       506  -2.80000000000e+00  -4.30000000000e+00
       507  -2.70000000000e+00  -4.30000000000e+00
       508  -2.60000000000e+00  -4.30000000000e+00
       509  -2.50000000000e+00  -4.30000000000e+00
       510  -2.40000000000e+00  -4.30000000000e+00
       511  -2.30000000000e+00  -4.30000000000e+00
       512  -2.20000000000e+00  -4.30000000000e+00
       513  -2.10000000000e+00  -4.30000000000e+00
       514  -2.00000000000e+00  -4.30000000000e+00
       515  -1.90000000000e+00  -4.30000000000e+00
       516  -1.80000000000e+00  -4.30000000000e+00
       517  -1.70000000000e+00  -4.30000000000e+00
       518  -1.60000000000e+00  -4.30000000000e+00
       519  -1.50000000000e+00  -4.30000000000e+00
       520  -1.40000000000e+00  -4.30000000000e+00
       521  -1.30000000000e+00  -4.30000000000e+00
       522  -1.20000000000e+00  -4.30000000000e+00
       523  -1.10000000000e+00  -4.30000000000e+00
       524  -1.00000000000e+00  -4.30000000000e+00
       525  -9.00000000000e-01  -4.30000000000e+00
       526  -8.00000000000e-01  -4.30000000000e+00
       527  -7.00000000000e-01  -4.30000000000e+00
       528  -6.00000000000e-01  -4.30000000000e+00
       529  -5.00000000000e-01  -4.30000000000e+00
       530  -4.00000000000e-01  -4.30000000000e+00
       531  -3.00000000000e-01  -4.30000000000e+00
       532  -2.00000000000e-01  -4.30000000000e+00
       533  -1.00000000000e-01  -4.30000000000e+00
       534   0.00000000000e+00  -4.30000000000e+00
       535   1.00000000000e-01  -4.30000000000e+00
       536   2.00000000000e-01  -4.30000000000e+00
       537   3.00000000000e-01  -4.30000000000e+00
       538   4.00000000000e-01  -4.30000000000e+00
       539   5.00000000000e-01  -4.30000000000e+00
       540   6.00000000000e-01  -4.30000000000e+00
       541   7.00000000000e-01  -4.30000000000e+00
       542   8.00000000000e-01  -4.30000000000e+00
       543   9.00000000000e-01  -4.30000000000e+00
       544   1.00000000000e+00  -4.30000000000e+00
       545   1.10000000000e+00  -4.30000000000e+00
       546   1.20000000000e+00  -4.30000000000e+00
       547   1.30000000000e+00  -4.30000000000e+00
       548   1.40000000000e+00  -4.30000000000e+00
       549   1.50000000000e+00  -4.30000000000e+00
       550   1.60000000000e+00  -4.30000000000e+00
       551   1.70000000000e+00  -4.30000000000e+00
       552   1.80000000000e+00  -4.30000000000e+00
       553   1.90000000000e+00  -4.30000000000e+00
       554   2.00000000000e+00  -4.30000000000e+00
       555   2.10000000000e+00  -4.30000000000e+00
       556   2.20000000000e+00  -4.30000000000e+00
       557   2.30000000000e+00  -4.30000000000e+00
       558   2.40000000000e+00  -4.30000000000e+00
       559   2.50000000000e+00  -4.30000000000e+00
       560   2.60000000000e+00  -4.30000000000e+00
       561   2.70000000000e+00  -4.30000000000e+00
       562   2.80000000000e+00  -4.30000000000e+00
       563   2.90000000000e+00  -4.30000000000e+00
       564   3.00000000000e+00  -4.30000000000e+00
       565   3.10000000000e+00  -4.30000000000e+00
       566   3.20000000000e+00  -4.30000000000e+00
       567   3.30000000000e+00  -4.30000000000e+00
       568   3.40000000000e+00  -4.30000000000e+00
       569   3.50000000000e+00  -4.30000000000e+00
       570   3.60000000000e+00  -4.30000000000e+00
       571   3.70000000000e+00  -4.30000000000e+00
       572   3.80000000000e+00  -4.30000000000e+00
       573   3.90000000000e+00  -4.30000000000e+00
       574   4.00000000000e+00  -4.30000000000e+00
       575   4.10000000000e+00  -4.30000000000e+00
       576   4.20000000000e+00  -4.30000000000e+00
       577   4.30000000000e+00  -4.30000000000e+00
       578   4.40000000000e+00  -4.30000000000e+00
       579   4.50000000000e+00  -4.30000000000e+00
       580   4.60000000000e+00  -4.30000000000e+00
       581   4.70000000000e+00  -4.30000000000e+00
       582   4.80000000000e+00  -4.30000000000e+00
       583  -4.80000000000e+00  -4.20000000000e+00
       584  -4.70000000000e+00  -4.20000000000e+00
       585  -4.60000000000e+00  -4.20000000000e+00
       586  -4.50000000000e+00  -4.20000000000e+00
       587  -4.40000000000e+00  -4.20000000000e+00
       588  -4.30000000000e+00  -4.20000000000e+00
       589  -4.20000000000e+00  -4.20000000000e+00
       590  -4.10000000000e+00  -4.20000000000e+00
       591  -4.00000000000e+00  -4.20000000000e+00
       592  -3.90000000000e+00  -4.20000000000e+00
       593  -3.80000000000e+00  -4.20000000000e+00
       594  -3.70000000000e+00  -4.20000000000e+00
       595  -3.60000000000e+00  -4.20000000000e+00
       596  -3.50000000000e+00  -4.20000000000e+00
       597  -3.40000000000e+00  -4.20000000000e+00
       598  -3.30000000000e+00  -4.20000000000e+00
       599  -3.20000000000e+00  -4.20000000000e+00
       600  -3.10000000000e+00  -4.20000000000e+00
       601  -3.00000000000e+00  -4.20000000000e+00
       602  -2.90000000000e+00  -4.20000000000e+00
       603  -2.80000000000e+00  -4.20000000000e+00
       604  -2.70000000000e+00  -4.20000000000e+00
       605  -2.60000000000e+00  -4.20000000000e+00
       606  -2.50000000000e+00  -4.20000000000e+00
       607  -2.40000000000e+00  -4.20000000000e+00
       608  -2.30000000000e+00  -4.20000000000e+00
       609  -2.20000000000e+00  -4.20000000000e+00
       610  -2.10000000000e+00  -4.20000000000e+00
       611  -2.00000000000e+00  -4.20000000000e+00
       612  -1.90000000000e+00  -4.20000000000e+00
       613  -1.80000000000e+00  -4.20000000000e+00
       614  -1.70000000000e+00  -4.20000000000e+00
       615  -1.60000000000e+00  -4.20000000000e+00
       616  -1.50000000000e+00  -4.20000000000e+00
       617  -1.40000000000e+00  -4.20000000000e+00
       618  -1.30000000000e+00  -4.20000000000e+00
       619  -1.20000000000e+00  -4.20000000000e+00
       620  -1.10000000000e+00  -4.20000000000e+00
       621  -1.00000000000e+00  -4.20000000000e+00
       622  -9.00000000000e-01  -4.20000000000e+00
       623  -8.00000000000e-01  -4.20000000000e+00
       624  -7.00000000000e-01  -4.20000000000e+00
       625  -6.00000000000e-01  -4.20000000000e+00
       626  -5.00000000000e-01  -4.20000000000e+00
       627  -4.00000000000e-01  -4.20000000000e+00
       628  -3.00000000000e-01  -4.20000000000e+00
       629  -2.00000000000e-01  -4.20000000000e+00
       630  -1.00000000000e-01  -4.20000000000e+00
       631   0.00000000000e+00  -4.20000000000e+00
       632   1.00000000000e-01  -4.20000000000e+00
       633   2.00000000000e-01  -4.20000000000e+00
       634   3.00000000000e-01  -4.20000000000e+00
       635   4.00000000000e-01  -4.20000000000e+00
       636   5.00000000000e-01  -4.20000000000e+00
       637   6.00000000000e-01  -4.20000000000e+00
       638   7.00000000000e-01  -4.20000000000e+00
       639   8.00000000000e-01  -4.20000000000e+00
       640   9.00000000000e-01  -4.20000000000e+00
       641   1.00000000000e+00  -4.20000000000e+00
       642   1.10000000000e+00  -4.20000000000e+00
       643   1.20000000000e+00  -4.20000000000e+00
       644   1.30000000000e+00  -4.20000000000e+00
       645   1.40000000000e+00  -4.20000000000e+00
       646   1.50000000000e+00  -4.20000000000e+00
       647   1.60000000000e+00  -4.20000000000e+00
       648   1.70000000000e+00  -4.20000000000e+00
       649   1.80000000000e+00  -4.20000000000e+00
       650   1.90000000000e+00  -4.20000000000e+00
       651   2.00000000000e+00  -4.20000000000e+00
       652   2.10000000000e+00  -4.20000000000e+00
       653   2.20000000000e+00  -4.20000000000e+00
       654   2.30000000000e+00  -4.20000000000e+00
       655   2.40000000000e+00  -4.20000000000e+00
       656   2.50000000000e+00  -4.20000000000e+00
       657   2.60000000000e+00  -4.20000000000e+00
       658   2.70000000000e+00  -4.20000000000e+00
       659   2.80000000000e+00  -4.20000000000e+00
       660   2.90000000000e+00  -4.20000000000e+00
       661   3.00000000000e+00  -4.20000000000e+00
       662   3.10000000000e+00  -4.20000000000e+00
       663   3.20000000000e+00  -4.20000000000e+00
       664   3.30000000000e+00  -4.20000000000e+00
       665   3.40000000000e+00  -4.20000000000e+00
       666   3.50000000000e+00  -4.20000000000e+00
       667   3.60000000000e+00  -4.20000000000e+00
       668   3.70000000000e+00  -4.20000000000e+00
       669   3.80000000000e+00  -4.20000000000e+00
       670   3.90000000000e+00  -4.20000000000e+00
       671   4.00000000000e+00  -4.20000000000e+00
       672   4.10000000000e+00  -4.20000000000e+00
       673   4.20000000000e+00  -4.20000000000e+00
       674   4.30000000000e+00  -4.20000000000e+00
       675   4.40000000000e+00  -4.20000000000e+00
       676   4.50000000000e+00  -4.20000000000e+00
       677   4.60000000000e+00  -4.20000000000e+00
       678   4.70000000000e+00  -4.20000000000e+00
       679   4.80000000000e+00  -4.20000000000e+00
       680  -4.80000000000e+00  -4.10000000000e+00
       681  -4.70000000000e+00  -4.10000000000e+00
       682  -4.60000000000e+00  -4.10000000000e+00
       683  -4.50000000000e+00  -4.10000000000e+00
       684  -4.40000000000e+00  -4.10000000000e+00
       685  -4.30000000000e+00  -4.10000000000e+00
       686  -4.20000000000e+00  -4.10000000000e+00
       687  -4.10000000000e+00  -4.10000000000e+00
       688  -4.00000000000e+00  -4.10000000000e+00
       689  -3.90000000000e+00  -4.10000000000e+00
       690  -3.80000000000e+00  -4.10000000000e+00
       691  -3.70000000000e+00  -4.10000000000e+00
       692  -3.60000000000e+00  -4.10000000000e+00
       693  -3.50000000000e+00  -4.10000000000e+00
       694  -3.40000000000e+00  -4.10000000000e+00
       695  -3.30000000000e+00  -4.10000000000e+00
       696  -3.20000000000e+00  -4.10000000000e+00
       697  -3.10000000000e+00  -4.10000000000e+00
       698  -3.00000000000e+00  -4.10000000000e+00
       699  -2.90000000000e+00  -4.10000000000e+00
       700  -2.80000000000e+00  -4.10000000000e+00
       701  -2.70000000000e+00  -4.10000000000e+00
       702  -2.60000000000e+00  -4.10000000000e+00
       703  -2.50000000000e+00  -4.10000000000e+00
       704  -2.40000000000e+00  -4.10000000000e+00
       705  -2.30000000000e+00  -4.10000000000e+00
       706  -2.20000000000e+00  -4.10000000000e+00
       707  -2.10000000000e+00  -4.10000000000e+00
       708  -2.00000000000e+00  -4.10000000000e+00
       709  -1.90000000000e+00  -4.10000000000e+00
       710  -1.80000000000e+00  -4.10000000000e+00
       711  -1.70000000000e+00  -4.10000000000e+00
       712  -1.60000000000e+00  -4.10000000000e+00
       713  -1.50000000000e+00  -4.10000000000e+00
       714  -1.40000000000e+00  -4.10000000000e+00
       715  -1.30000000000e+00  -4.10000000000e+00
       716  -1.20000000000e+00  -4.10000000000e+00
       717  -1.10000000000e+00  -4.10000000000e+00
       718  -1.00000000000e+00  -4.10000000000e+00
       719  -9.00000000000e-01  -4.10000000000e+00
       720  -8.00000000000e-01  -4.10000000000e+00
       721  -7.00000000000e-01  -4.10000000000e+00
       722  -6.00000000000e-01  -4.10000000000e+00
       723  -5.00000000000e-01  -4.10000000000e+00
       724  -4.00000000000e-01  -4.10000000000e+00
       725  -3.00000000000e-01  -4.10000000000e+00
       726  -2.00000000000e-01  -4.10000000000e+00
       727  -1.00000000000e-01  -4.10000000000e+00
       728   0.00000000000e+00  -4.10000000000e+00
       729   1.00000000000e-01  -4.10000000000e+00
       730   2.00000000000e-01  -4.10000000000e+00
       731   3.00000000000e-01  -4.10000000000e+00
       732   4.00000000000e-01  -4.10000000000e+00
       733   5.00000000000e-01  -4.10000000000e+00
       734   6.00000000000e-01  -4.10000000000e+00
       735   7.00000000000e-01  -4.10000000000e+00
       736   8.00000000000e-01  -4.10000000000e+00
       737   9.00000000000e-01  -4.10000000000e+00
       738   1.00000000000e+00  -4.10000000000e+00
       739   1.10000000000e+00  -4.10000000000e+00
       740   1.20000000000e+00  -4.10000000000e+00
       741   1.30000000000e+00  -4.10000000000e+00
       742   1.40000000000e+00  -4.10000000000e+00
       743   1.50000000000e+00  -4.10000000000e+00
       744   1.60000000000e+00  -4.10000000000e+00
       745   1.70000000000e+00  -4.10000000000e+00
       746   1.80000000000e+00  -4.10000000000e+00
       747   1.90000000000e+00  -4.10000000000e+00
       748   2.00000000000e+00  -4.10000000000e+00
       749   2.10000000000e+00  -4.10000000000e+00
       750   2.20000000000e+00  -4.10000000000e+00
       751   2.30000000000e+00  -4.10000000000e+00
       752   2.40000000000e+00  -4.10000000000e+00
       753   2.50000000000e+00  -4.10000000000e+00
       754   2.60000000000e+00  -4.10000000000e+00
       755   2.70000000000e+00  -4.10000000000e+00
       756   2.80000000000e+00  -4.10000000000e+00
       757   2.90000000000e+00  -4.10000000000e+00
       758   3.00000000000e+00  -4.10000000000e+00
       759   3.10000000000e+00  -4.10000000000e+00
       760   3.20000000000e+00  -4.10000000000e+00
       761   3.30000000000e+00  -4.10000000000e+00
       762   3.40000000000e+00  -4.10000000000e+00
       763   3.50000000000e+00  -4.10000000000e+00
       764   3.60000000000e+00  -4.10000000000e+00
       765   3.70000000000e+00  -4.10000000000e+00
       766   3.80000000000e+00  -4.10000000000e+00
       767   3.90000000000e+00  -4.10000000000e+00
       768   4.00000000000e+00  -4.10000000000e+00
       769   4.10000000000e+00  -4.10000000000e+00
       770   4.20000000000e+00  -4.10000000000e+00
       771   4.30000000000e+00  -4.10000000000e+00
       772   4.40000000000e+00  -4.10000000000e+00
       773   4.50000000000e+00  -4.10000000000e+00
       774   4.60000000000e+00  -4.10000000000e+00
       775   4.70000000000e+00  -4.10000000000e+00
       776   4.80000000000e+00  -4.10000000000e+00
       777  -4.80000000000e+00  -4.00000000000e+00
       778  -4.70000000000e+00  -4.00000000000e+00
       779  -4.60000000000e+00  -4.00000000000e+00
       780  -4.50000000000e+00  -4.00000000000e+00
       781  -4.40000000000e+00  -4.00000000000e+00
       782  -4.30000000000e+00  -4.00000000000e+00
       783  -4.20000000000e+00  -4.00000000000e+00
       784  -4.10000000000e+00  -4.00000000000e+00
       785  -4.00000000000e+00  -4.00000000000e+00
       786  -3.90000000000e+00  -4.00000000000e+00
       787  -3.80000000000e+00  -4.00000000000e+00
       788  -3.70000000000e+00  -4.00000000000e+00
       789  -3.60000000000e+00  -4.00000000000e+00
       790  -3.50000000000e+00  -4.00000000000e+00
       791  -3.40000000000e+00  -4.00000000000e+00
       792  -3.30000000000e+00  -4.00000000000e+00
       793  -3.20000000000e+00  -4.00000000000e+00
       794  -3.10000000000e+00  -4.00000000000e+00
       795  -3.00000000000e+00  -4.00000000000e+00
       796  -2.90000000000e+00  -4.00000000000e+00
       797  -2.80000000000e+00  -4.00000000000e+00
       798  -2.70000000000e+00  -4.00000000000e+00
       799  -2.60000000000e+00  -4.00000000000e+00
       800  -2.50000000000e+00  -4.00000000000e+00
       801  -2.40000000000e+00  -4.00000000000e+00
       802  -2.30000000000e+00  -4.00000000000e+00
       803  -2.20000000000e+00  -4.00000000000e+00
       804  -2.10000000000e+00  -4.00000000000e+00
       805  -2.00000000000e+00  -4.00000000000e+00
       806  -1.90000000000e+00  -4.00000000000e+00
       807  -1.80000000000e+00  -4.00000000000e+00
       808  -1.70000000000e+00  -4.00000000000e+00
       809  -1.60000000000e+00  -4.00000000000e+00
       810  -1.50000000000e+00  -4.00000000000e+00
       811  -1.40000000000e+00  -4.00000000000e+00
       812  -1.30000000000e+00  -4.00000000000e+00
       813  -1.20000000000e+00  -4.00000000000e+00
       814  -1.10000000000e+00  -4.00000000000e+00
       815  -1.00000000000e+00  -4.00000000000e+00
       816  -9.00000000000e-01  -4.00000000000e+00
       817  -8.00000000000e-01  -4.00000000000e+00
       818  -7.00000000000e-01  -4.00000000000e+00
       819  -6.00000000000e-01  -4.00000000000e+00
       820  -5.00000000000e-01  -4.00000000000e+00
       821  -4.00000000000e-01  -4.00000000000e+00
       822  -3.00000000000e-01  -4.00000000000e+00
       823  -2.00000000000e-01  -4.00000000000e+00
       824  -1.00000000000e-01  -4.00000000000e+00
       825   0.00000000000e+00  -4.00000000000e+00
       826   1.00000000000e-01  -4.00000000000e+00
       827   2.00000000000e-01  -4.00000000000e+00
       828   3.00000000000e-01  -4.00000000000e+00
       829   4.00000000000e-01  -4.00000000000e+00
       830   5.00000000000e-01  -4.00000000000e+00
       831   6.00000000000e-01  -4.00000000000e+00
       832   7.00000000000e-01  -4.00000000000e+00
       833   8.00000000000e-01  -4.00000000000e+00
       834   9.00000000000e-01  -4.00000000000e+00
       835   1.00000000000e+00  -4.00000000000e+00
       836   1.10000000000e+00  -4.00000000000e+00
       837   1.20000000000e+00  -4.00000000000e+00
       838   1.30000000000e+00  -4.00000000000e+00
       839   1.40000000000e+00  -4.00000000000e+00
       840   1.50000000000e+00  -4.00000000000e+00
       841   1.60000000000e+00  -4.00000000000e+00
       842   1.70000000000e+00  -4.00000000000e+00
       843   1.80000000000e+00  -4.00000000000e+00
       844   1.90000000000e+00  -4.00000000000e+00
       845   2.00000000000e+00  -4.00000000000e+00
       846   2.10000000000e+00  -4.00000000000e+00
       847   2.20000000000e+00  -4.00000000000e+00
       848   2.30000000000e+00  -4.00000000000e+00
       849   2.40000000000e+00  -4.00000000000e+00
       850   2.50000000000e+00  -4.00000000000e+00
       851   2.60000000000e+00  -4.00000000000e+00
       852   2.70000000000e+00  -4.00000000000e+00
       853   2.80000000000e+00  -4.00000000000e+00
       854   2.90000000000e+00  -4.00000000000e+00
       855   3.00000000000e+00  -4.00000000000e+00
       856   3.10000000000e+00  -4.00000000000e+00
       857   3.20000000000e+00  -4.00000000000e+00
       858   3.30000000000e+00  -4.00000000000e+00
       859   3.40000000000e+00  -4.00000000000e+00
       860   3.50000000000e+00  -4.00000000000e+00
       861   3.60000000000e+00  -4.00000000000e+00
       862   3.70000000000e+00  -4.00000000000e+00
       863   3.80000000000e+00  -4.00000000000e+00
       864   3.90000000000e+00  -4.00000000000e+00
       865   4.00000000000e+00  -4.00000000000e+00
       866   4.10000000000e+00  -4.00000000000e+00
       867   4.20000000000e+00  -4.00000000000e+00
       868   4.30000000000e+00  -4.00000000000e+00
       869   4.40000000000e+00  -4.00000000000e+00
       870   4.50000000000e+00  -4.00000000000e+00
       871   4.60000000000e+00  -4.00000000000e+00
       872   4.70000000000e+00  -4.00000000000e+00
       873   4.80000000000e+00  -4.00000000000e+00
       874  -4.80000000000e+00  -3.90000000000e+00
       875  -4.70000000000e+00  -3.90000000000e+00
       876  -4.60000000000e+00  -3.90000000000e+00
       877  -4.50000000000e+00  -3.90000000000e+00
       878  -4.40000000000e+00  -3.90000000000e+00
       879  -4.30000000000e+00  -3.90000000000e+00
       880  -4.20000000000e+00  -3.90000000000e+00
       881  -4.10000000000e+00  -3.90000000000e+00
       882  -4.00000000000e+00  -3.90000000000e+00
       883  -3.90000000000e+00  -3.90000000000e+00
       884  -3.80000000000e+00  -3.90000000000e+00
       885  -3.70000000000e+00  -3.90000000000e+00
       886  -3.60000000000e+00  -3.90000000000e+00
       887  -3.50000000000e+00  -3.90000000000e+00
       888  -3.40000000000e+00  -3.90000000000e+00
       889  -3.30000000000e+00  -3.90000000000e+00
       890  -3.20000000000e+00  -3.90000000000e+00
       891  -3.10000000000e+00  -3.90000000000e+00
       892  -3.00000000000e+00  -3.90000000000e+00
       893  -2.90000000000e+00  -3.90000000000e+00
       894  -2.80000000000e+00  -3.90000000000e+00
       895  -2.70000000000e+00  -3.90000000000e+00
       896  -2.60000000000e+00  -3.90000000000e+00
       897  -2.50000000000e+00  -3.90000000000e+00
       898  -2.40000000000e+00  -3.90000000000e+00
       899  -2.30000000000e+00  -3.90000000000e+00
       900  -2.20000000000e+00  -3.90000000000e+00
       901  -2.10000000000e+00  -3.90000000000e+00
       902  -2.00000000000e+00  -3.90000000000e+00
       903  -1.90000000000e+00  -3.90000000000e+00
       904  -1.80000000000e+00  -3.90000000000e+00
       905  -1.70000000000e+00  -3.90000000000e+00
       906  -1.60000000000e+00  -3.90000000000e+00
       907  -1.50000000000e+00  -3.90000000000e+00
       908  -1.40000000000e+00  -3.90000000000e+00
       909  -1.30000000000e+00  -3.90000000000e+00
       910  -1.20000000000e+00  -3.90000000000e+00
       911  -1.10000000000e+00  -3.90000000000e+00
       912  -1.00000000000e+00  -3.90000000000e+00
       913  -9.00000000000e-01  -3.90000000000e+00
       914  -8.00000000000e-01  -3.90000000000e+00
       915  -7.00000000000e-01  -3.90000000000e+00
       916  -6.00000000000e-01  -3.90000000000e+00
       917  -5.00000000000e-01  -3.90000000000e+00
       918  -4.00000000000e-01  -3.90000000000e+00
       919  -3.00000000000e-01  -3.90000000000e+00
       920  -2.00000000000e-01  -3.90000000000e+00
       921  -1.00000000000e-01  -3.90000000000e+00
       922   0.00000000000e+00  -3.90000000000e+00
       923   1.00000000000e-01  -3.90000000000e+00
       924   2.00000000000e-01  -3.90000000000e+00
       925   3.00000000000e-01  -3.90000000000e+00
       926   4.00000000000e-01  -3.90000000000e+00
       927   5.00000000000e-01  -3.90000000000e+00
       928   6.00000000000e-01  -3.90000000000e+00
       929   7.00000000000e-01  -3.90000000000e+00
       930   8.00000000000e-01  -3.90000000000e+00
       931   9.00000000000e-01  -3.90000000000e+00
       932   1.00000000000e+00  -3.90000000000e+00
       933   1.10000000000e+00  -3.90000000000e+00
       934   1.20000000000e+00  -3.90000000000e+00
       935   1.30000000000e+00  -3.90000000000e+00
       936   1.40000000000e+00  -3.90000000000e+00
       937   1.50000000000e+00  -3.90000000000e+00
       938   1.60000000000e+00  -3.90000000000e+00
       939   1.70000000000e+00  -3.90000000000e+00
       940   1.80000000000e+00  -3.90000000000e+00
       941   1.90000000000e+00  -3.90000000000e+00
       942   2.00000000000e+00  -3.90000000000e+00
       943   2.10000000000e+00  -3.90000000000e+00
       944   2.20000000000e+00  -3.90000000000e+00
       945   2.30000000000e+00  -3.90000000000e+00
       946   2.40000000000e+00  -3.90000000000e+00
       947   2.50000000000e+00  -3.90000000000e+00
       948   2.60000000000e+00  -3.90000000000e+00
       949   2.70000000000e+00  -3.90000000000e+00
       950   2.80000000000e+00  -3.90000000000e+00
       951   2.90000000000e+00  -3.90000000000e+00
       952   3.00000000000e+00  -3.90000000000e+00
       953   3.10000000000e+00  -3.90000000000e+00
       954   3.20000000000e+00  -3.90000000000e+00
       955   3.30000000000e+00  -3.90000000000e+00
       956   3.40000000000e+00  -3.90000000000e+00
       957   3.50000000000e+00  -3.90000000000e+00
       958   3.60000000000e+00  -3.90000000000e+00
       959   3.70000000000e+00  -3.90000000000e+00
       960   3.80000000000e+00  -3.90000000000e+00
       961   3.90000000000e+00  -3.90000000000e+00
       962   4.00000000000e+00  -3.90000000000e+00
       963   4.10000000000e+00  -3.90000000000e+00
       964   4.20000000000e+00  -3.90000000000e+00
       965   4.30000000000e+00  -3.90000000000e+00
       966   4.40000000000e+00  -3.90000000000e+00
       967   4.50000000000e+00  -3.90000000000e+00
       968   4.60000000000e+00  -3.90000000000e+00
       969   4.70000000000e+00  -3.90000000000e+00
       970   4.80000000000e+00  -3.90000000000e+00
       971  -4.80000000000e+00  -3.80000000000e+00
       972  -4.70000000000e+00  -3.80000000000e+00
       973  -4.60000000000e+00  -3.80000000000e+00
       974  -4.50000000000e+00  -3.80000000000e+00
       975  -4.40000000000e+00  -3.80000000000e+00
       976  -4.30000000000e+00  -3.80000000000e+00
       977  -4.20000000000e+00  -3.80000000000e+00
       978  -4.10000000000e+00  -3.80000000000e+00
       979  -4.00000000000e+00  -3.80000000000e+00
       980  -3.90000000000e+00  -3.80000000000e+00
       981  -3.80000000000e+00  -3.80000000000e+00
       982  -3.70000000000e+00  -3.80000000000e+00
       983  -3.60000000000e+00  -3.80000000000e+00
       984  -3.50000000000e+00  -3.80000000000e+00
       985  -3.40000000000e+00  -3.80000000000e+00
       986  -3.30000000000e+00  -3.80000000000e+00
       987  -3.20000000000e+00  -3.80000000000e+00
       988  -3.10000000000e+00  -3.80000000000e+00
       989  -3.00000000000e+00  -3.80000000000e+00
       990  -2.90000000000e+00  -3.80000000000e+00
       991  -2.80000000000e+00  -3.80000000000e+00
       992  -2.70000000000e+00  -3.80000000000e+00
       993  -2.60000000000e+00  -3.80000000000e+00
       994  -2.50000000000e+00  -3.80000000000e+00
       995  -2.40000000000e+00  -3.80000000000e+00
       996  -2.30000000000e+00  -3.80000000000e+00
       997  -2.20000000000e+00  -3.80000000000e+00
       998  -2.10000000000e+00  -3.80000000000e+00
       999  -2.00000000000e+00  -3.80000000000e+00
      1000  -1.90000000000e+00  -3.80000000000e+00
      1001  -1.80000000000e+00  -3.80000000000e+00
      1002  -1.70000000000e+00  -3.80000000000e+00
      1003  -1.60000000000e+00  -3.80000000000e+00
      1004  -1.50000000000e+00  -3.80000000000e+00
      1005  -1.40000000000e+00  -3.80000000000e+00
      1006  -1.30000000000e+00  -3.80000000000e+00
      1007  -1.20000000000e+00  -3.80000000000e+00
      1008  -1.10000000000e+00  -3.80000000000e+00
      1009  -1.00000000000e+00  -3.80000000000e+00
      1010  -9.00000000000e-01  -3.80000000000e+00
      1011  -8.00000000000e-01  -3.80000000000e+00
      1012  -7.00000000000e-01  -3.80000000000e+00
      1013  -6.00000000000e-01  -3.80000000000e+00
      1014  -5.00000000000e-01  -3.80000000000e+00
      1015  -4.00000000000e-01  -3.80000000000e+00
      1016  -3.00000000000e-01  -3.80000000000e+00
      1017  -2.00000000000e-01  -3.80000000000e+00
      1018  -1.00000000000e-01  -3.80000000000e+00
      1019   0.00000000000e+00  -3.80000000000e+00
      1020   1.00000000000e-01  -3.80000000000e+00
      1021   2.00000000000e-01  -3.80000000000e+00
      1022   3.00000000000e-01  -3.80000000000e+00
      1023   4.00000000000e-01  -3.80000000000e+00
      1024   5.00000000000e-01  -3.80000000000e+00
      1025   6.00000000000e-01  -3.80000000000e+00
      1026   7.00000000000e-01  -3.80000000000e+00
      1027   8.00000000000e-01  -3.80000000000e+00
      1028   9.00000000000e-01  -3.80000000000e+00
      1029   1.00000000000e+00  -3.80000000000e+00
      1030   1.10000000000e+00  -3.80000000000e+00
      1031   1.20000000000e+00  -3.80000000000e+00
      1032   1.30000000000e+00  -3.80000000000e+00
      1033   1.40000000000e+00  -3.80000000000e+00
      1034   1.50000000000e+00  -3.80000000000e+00
      1035   1.60000000000e+00  -3.80000000000e+00
      1036   1.70000000000e+00  -3.80000000000e+00
      1037   1.80000000000e+00  -3.80000000000e+00
      1038   1.90000000000e+00  -3.80000000000e+00
      1039   2.00000000000e+00  -3.80000000000e+00
      1040   2.10000000000e+00  -3.80000000000e+00
      1041   2.20000000000e+00  -3.80000000000e+00
      1042   2.30000000000e+00  -3.80000000000e+00
      1043   2.40000000000e+00  -3.80000000000e+00
      1044   2.50000000000e+00  -3.80000000000e+00
      1045   2.60000000000e+00  -3.80000000000e+00
      1046   2.70000000000e+00  -3.80000000000e+00
      1047   2.80000000000e+00  -3.80000000000e+00
      1048   2.90000000000e+00  -3.80000000000e+00
      1049   3.00000000000e+00  -3.80000000000e+00
      1050   3.10000000000e+00  -3.80000000000e+00
      1051   3.20000000000e+00  -3.80000000000e+00
      1052   3.30000000000e+00  -3.80000000000e+00
      1053   3.40000000000e+00  -3.80000000000e+00
      1054   3.50000000000e+00  -3.80000000000e+00
      1055   3.60000000000e+00  -3.80000000000e+00
      1056   3.70000000000e+00  -3.80000000000e+00
      1057   3.80000000000e+00  -3.80000000000e+00
      1058   3.90000000000e+00  -3.80000000000e+00
      1059   4.00000000000e+00  -3.80000000000e+00
      1060   4.10000000000e+00  -3.80000000000e+00
      1061   4.20000000000e+00  -3.80000000000e+00
      1062   4.30000000000e+00  -3.80000000000e+00
      1063   4.40000000000e+00  -3.80000000000e+00
      1064   4.50000000000e+00  -3.80000000000e+00
      1065   4.60000000000e+00  -3.80000000000e+00
      1066   4.70000000000e+00  -3.80000000000e+00
      1067   4.80000000000e+00  -3.80000000000e+00
      1068  -4.80000000000e+00  -3.70000000000e+00
      1069  -4.70000000000e+00  -3.70000000000e+00
      1070  -4.60000000000e+00  -3.70000000000e+00
      1071  -4.50000000000e+00  -3.70000000000e+00
      1072  -4.40000000000e+00  -3.70000000000e+00
      1073  -4.30000000000e+00  -3.70000000000e+00
      1074  -4.20000000000e+00  -3.70000000000e+00
      1075  -4.10000000000e+00  -3.70000000000e+00
      1076  -4.00000000000e+00  -3.70000000000e+00
      1077  -3.90000000000e+00  -3.70000000000e+00
      1078  -3.80000000000e+00  -3.70000000000e+00
      1079  -3.70000000000e+00  -3.70000000000e+00
      1080  -3.60000000000e+00  -3.70000000000e+00
      1081  -3.50000000000e+00  -3.70000000000e+00
      1082  -3.40000000000e+00  -3.70000000000e+00
      1083  -3.30000000000e+00  -3.70000000000e+00
      1084  -3.20000000000e+00  -3.70000000000e+00
      1085  -3.10000000000e+00  -3.70000000000e+00
      1086  -3.00000000000e+00  -3.70000000000e+00
      1087  -2.90000000000e+00  -3.70000000000e+00
      1088  -2.80000000000e+00  -3.70000000000e+00
      1089  -2.70000000000e+00  -3.70000000000e+00
      1090  -2.60000000000e+00  -3.70000000000e+00
      1091  -2.50000000000e+00  -3.70000000000e+00
      1092  -2.40000000000e+00  -3.70000000000e+00
      1093  -2.30000000000e+00  -3.70000000000e+00
      1094  -2.20000000000e+00  -3.70000000000e+00
      1095  -2.10000000000e+00  -3.70000000000e+00
      1096  -2.00000000000e+00  -3.70000000000e+00
      1097  -1.90000000000e+00  -3.70000000000e+00
      1098  -1.80000000000e+00  -3.70000000000e+00
      1099  -1.70000000000e+00  -3.70000000000e+00
      1100  -1.60000000000e+00  -3.70000000000e+00
      1101  -1.50000000000e+00  -3.70000000000e+00
      1102  -1.40000000000e+00  -3.70000000000e+00
      1103  -1.30000000000e+00  -3.70000000000e+00
      1104  -1.20000000000e+00  -3.70000000000e+00
      1105  -1.10000000000e+00  -3.70000000000e+00
      1106  -1.00000000000e+00  -3.70000000000e+00
      1107  -9.00000000000e-01  -3.70000000000e+00
      1108  -8.00000000000e-01  -3.70000000000e+00
      1109  -7.00000000000e-01  -3.70000000000e+00
      1110  -6.00000000000e-01  -3.70000000000e+00
      1111  -5.00000000000e-01  -3.70000000000e+00
      1112  -4.00000000000e-01  -3.70000000000e+00
      1113  -3.00000000000e-01  -3.70000000000e+00
      1114  -2.00000000000e-01  -3.70000000000e+00
      1115  -1.00000000000e-01  -3.70000000000e+00
      1116   0.00000000000e+00  -3.70000000000e+00
      1117   1.00000000000e-01  -3.70000000000e+00
      1118   2.00000000000e-01  -3.70000000000e+00
      1119   3.00000000000e-01  -3.70000000000e+00
      1120   4.00000000000e-01  -3.70000000000e+00
      1121   5.00000000000e-01  -3.70000000000e+00
      1122   6.00000000000e-01  -3.70000000000e+00
      1123   7.00000000000e-01  -3.70000000000e+00
      1124   8.00000000000e-01  -3.70000000000e+00
      1125   9.00000000000e-01  -3.70000000000e+00
      1126   1.00000000000e+00  -3.70000000000e+00
      1127   1.10000000000e+00  -3.70000000000e+00
      1128   1.20000000000e+00  -3.70000000000e+00
      1129   1.30000000000e+00  -3.70000000000e+00
      1130   1.40000000000e+00  -3.70000000000e+00
      1131   1.50000000000e+00  -3.70000000000e+00
      1132   1.60000000000e+00  -3.70000000000e+00
      1133   1.70000000000e+00  -3.70000000000e+00
      1134   1.80000000000e+00  -3.70000000000e+00
      1135   1.90000000000e+00  -3.70000000000e+00
      1136   2.00000000000e+00  -3.70000000000e+00
      1137   2.10000000000e+00  -3.70000000000e+00
      1138   2.20000000000e+00  -3.70000000000e+00
      1139   2.30000000000e+00  -3.70000000000e+00
      1140   2.40000000000e+00  -3.70000000000e+00
      1141   2.50000000000e+00  -3.70000000000e+00
      1142   2.60000000000e+00  -3.70000000000e+00
      1143   2.70000000000e+00  -3.70000000000e+00
      1144   2.80000000000e+00  -3.70000000000e+00
      1145   2.90000000000e+00  -3.70000000000e+00
      1146   3.00000000000e+00  -3.70000000000e+00
      1147   3.10000000000e+00  -3.70000000000e+00
      1148   3.20000000000e+00  -3.70000000000e+00
      1149   3.30000000000e+00  -3.70000000000e+00
      1150   3.40000000000e+00  -3.70000000000e+00
      1151   3.50000000000e+00  -3.70000000000e+00
      1152   3.60000000000e+00  -3.70000000000e+00
      1153   3.70000000000e+00  -3.70000000000e+00
      1154   3.80000000000e+00  -3.70000000000e+00
      1155   3.90000000000e+00  -3.70000000000e+00
      1156   4.00000000000e+00  -3.70000000000e+00
      1157   4.10000000000e+00  -3.70000000000e+00
      1158   4.20000000000e+00  -3.70000000000e+00
      1159   4.30000000000e+00  -3.70000000000e+00
      1160   4.40000000000e+00  -3.70000000000e+00
      1161   4.50000000000e+00  -3.70000000000e+00
      1162   4.60000000000e+00  -3.70000000000e+00
      1163   4.70000000000e+00  -3.70000000000e+00
      1164   4.80000000000e+00  -3.70000000000e+00
      1165  -4.80000000000e+00  -3.60000000000e+00
      1166  -4.70000000000e+00  -3.60000000000e+00
      1167  -4.60000000000e+00  -3.60000000000e+00
      1168  -4.50000000000e+00  -3.60000000000e+00
      1169  -4.40000000000e+00  -3.60000000000e+00
      1170  -4.30000000000e+00  -3.60000000000e+00
      1171  -4.20000000000e+00  -3.60000000000e+00
      1172  -4.10000000000e+00  -3.60000000000e+00
      1173  -4.00000000000e+00  -3.60000000000e+00
      1174  -3.90000000000e+00  -3.60000000000e+00
      1175  -3.80000000000e+00  -3.60000000000e+00
      1176  -3.70000000000e+00  -3.60000000000e+00
      1177  -3.60000000000e+00  -3.60000000000e+00
      1178  -3.50000000000e+00  -3.60000000000e+00
      1179  -3.40000000000e+00  -3.60000000000e+00
      1180  -3.30000000000e+00  -3.60000000000e+00
      1181  -3.20000000000e+00  -3.60000000000e+00
      1182  -3.10000000000e+00  -3.60000000000e+00
      1183  -3.00000000000e+00  -3.60000000000e+00
      1184  -2.90000000000e+00  -3.60000000000e+00
      1185  -2.80000000000e+00  -3.60000000000e+00
      1186  -2.70000000000e+00  -3.60000000000e+00
      1187  -2.60000000000e+00  -3.60000000000e+00
      1188  -2.50000000000e+00  -3.60000000000e+00
      1189  -2.40000000000e+00  -3.60000000000e+00
      1190  -2.30000000000e+00  -3.60000000000e+00
      1191  -2.20000000000e+00  -3.60000000000e+00
      1192  -2.10000000000e+00  -3.60000000000e+00
      1193  -2.00000000000e+00  -3.60000000000e+00
      1194  -1.90000000000e+00  -3.60000000000e+00
      1195  -1.80000000000e+00  -3.60000000000e+00
      1196  -1.70000000000e+00  -3.60000000000e+00
      1197  -1.60000000000e+00  -3.60000000000e+00
      1198  -1.50000000000e+00  -3.60000000000e+00
      1199  -1.40000000000e+00  -3.60000000000e+00
      1200  -1.30000000000e+00  -3.60000000000e+00
      1201  -1.20000000000e+00  -3.60000000000e+00
      1202  -1.10000000000e+00  -3.60000000000e+00
      1203  -1.00000000000e+00  -3.60000000000e+00
      1204  -9.00000000000e-01  -3.60000000000e+00
      1205  -8.00000000000e-01  -3.60000000000e+00
      1206  -7.00000000000e-01  -3.60000000000e+00
      1207  -6.00000000000e-01  -3.60000000000e+00
      1208  -5.00000000000e-01  -3.60000000000e+00
      1209  -4.00000000000e-01  -3.60000000000e+00
      1210  -3.00000000000e-01  -3.60000000000e+00
      1211  -2.00000000000e-01  -3.60000000000e+00
      1212  -1.00000000000e-01  -3.60000000000e+00
      1213   0.00000000000e+00  -3.60000000000e+00
      1214   1.00000000000e-01  -3.60000000000e+00
      1215   2.00000000000e-01  -3.60000000000e+00
      1216   3.00000000000e-01  -3.60000000000e+00
      1217   4.00000000000e-01  -3.60000000000e+00
      1218   5.00000000000e-01  -3.60000000000e+00
      1219   6.00000000000e-01  -3.60000000000e+00
      1220   7.00000000000e-01  -3.60000000000e+00
      1221   8.00000000000e-01  -3.60000000000e+00
      1222   9.00000000000e-01  -3.60000000000e+00
      1223   1.00000000000e+00  -3.60000000000e+00
      1224   1.10000000000e+00  -3.60000000000e+00
      1225   1.20000000000e+00  -3.60000000000e+00
      1226   1.30000000000e+00  -3.60000000000e+00
      1227   1.40000000000e+00  -3.60000000000e+00
      1228   1.50000000000e+00  -3.60000000000e+00
      1229   1.60000000000e+00  -3.60000000000e+00
      1230   1.70000000000e+00  -3.60000000000e+00
      1231   1.80000000000e+00  -3.60000000000e+00
      1232   1.90000000000e+00  -3.60000000000e+00
      1233   2.00000000000e+00  -3.60000000000e+00
      1234   2.10000000000e+00  -3.60000000000e+00
      1235   2.20000000000e+00  -3.60000000000e+00
      1236   2.30000000000e+00  -3.60000000000e+00
      1237   2.40000000000e+00  -3.60000000000e+00
      1238   2.50000000000e+00  -3.60000000000e+00
      1239   2.60000000000e+00  -3.60000000000e+00
      1240   2.70000000000e+00  -3.60000000000e+00
      1241   2.80000000000e+00  -3.60000000000e+00
      1242   2.90000000000e+00  -3.60000000000e+00
      1243   3.00000000000e+00  -3.60000000000e+00
      1244   3.10000000000e+00  -3.60000000000e+00
      1245   3.20000000000e+00  -3.60000000000e+00
      1246   3.30000000000e+00  -3.60000000000e+00
      1247   3.40000000000e+00  -3.60000000000e+00
      1248   3.50000000000e+00  -3.60000000000e+00
      1249   3.60000000000e+00  -3.60000000000e+00
      1250   3.70000000000e+00  -3.60000000000e+00
      1251   3.80000000000e+00  -3.60000000000e+00
      1252   3.90000000000e+00  -3.60000000000e+00
      1253   4.00000000000e+00  -3.60000000000e+00
      1254   4.10000000000e+00  -3.60000000000e+00
      1255   4.20000000000e+00  -3.60000000000e+00
      1256   4.30000000000e+00  -3.60000000000e+00
      1257   4.40000000000e+00  -3.60000000000e+00
      1258   4.50000000000e+00  -3.60000000000e+00
      1259   4.60000000000e+00  -3.60000000000e+00
      1260   4.70000000000e+00  -3.60000000000e+00
      1261   4.80000000000e+00  -3.60000000000e+00
      1262  -4.80000000000e+00  -3.50000000000e+00
      1263  -4.70000000000e+00  -3.50000000000e+00
      1264  -4.60000000000e+00  -3.50000000000e+00
      1265  -4.50000000000e+00  -3.50000000000e+00
      1266  -4.40000000000e+00  -3.50000000000e+00
      1267  -4.30000000000e+00  -3.50000000000e+00
      1268  -4.20000000000e+00  -3.50000000000e+00
      1269  -4.10000000000e+00  -3.50000000000e+00
      1270  -4.00000000000e+00  -3.50000000000e+00
      1271  -3.90000000000e+00  -3.50000000000e+00
      1272  -3.80000000000e+00  -3.50000000000e+00
      1273  -3.70000000000e+00  -3.50000000000e+00
      1274  -3.60000000000e+00  -3.50000000000e+00
      1275  -3.50000000000e+00  -3.50000000000e+00
      1276  -3.40000000000e+00  -3.50000000000e+00
      1277  -3.30000000000e+00  -3.50000000000e+00
      1278  -3.20000000000e+00  -3.50000000000e+00
      1279  -3.10000000000e+00  -3.50000000000e+00
      1280  -3.00000000000e+00  -3.50000000000e+00
      1281  -2.90000000000e+00  -3.50000000000e+00
      1282  -2.80000000000e+00  -3.50000000000e+00
      1283  -2.70000000000e+00  -3.50000000000e+00
      1284  -2.60000000000e+00  -3.50000000000e+00
      1285  -2.50000000000e+00  -3.50000000000e+00
      1286  -2.40000000000e+00  -3.50000000000e+00
      1287  -2.30000000000e+00  -3.50000000000e+00
      1288  -2.20000000000e+00  -3.50000000000e+00
      1289  -2.10000000000e+00  -3.50000000000e+00
      1290  -2.00000000000e+00  -3.50000000000e+00
      1291  -1.90000000000e+00  -3.50000000000e+00
      1292  -1.80000000000e+00  -3.50000000000e+00
      1293  -1.70000000000e+00  -3.50000000000e+00
      1294  -1.60000000000e+00  -3.50000000000e+00
      1295  -1.50000000000e+00  -3.50000000000e+00
      1296  -1.40000000000e+00  -3.50000000000e+00
      1297  -1.30000000000e+00  -3.50000000000e+00
      1298  -1.20000000000e+00  -3.50000000000e+00
      1299  -1.10000000000e+00  -3.50000000000e+00
      1300  -1.00000000000e+00  -3.50000000000e+00
      1301  -9.00000000000e-01  -3.50000000000e+00
      1302  -8.00000000000e-01  -3.50000000000e+00
      1303  -7.00000000000e-01  -3.50000000000e+00
      1304  -6.00000000000e-01  -3.50000000000e+00
      1305  -5.00000000000e-01  -3.50000000000e+00
      1306  -4.00000000000e-01  -3.50000000000e+00
      1307  -3.00000000000e-01  -3.50000000000e+00
      1308  -2.00000000000e-01  -3.50000000000e+00
      1309  -1.00000000000e-01  -3.50000000000e+00
      1310   0.00000000000e+00  -3.50000000000e+00
      1311   1.00000000000e-01  -3.50000000000e+00
      1312   2.00000000000e-01  -3.50000000000e+00
      1313   3.00000000000e-01  -3.50000000000e+00
      1314   4.00000000000e-01  -3.50000000000e+00
      1315   5.00000000000e-01  -3.50000000000e+00
      1316   6.00000000000e-01  -3.50000000000e+00
      1317   7.00000000000e-01  -3.50000000000e+00
      1318   8.00000000000e-01  -3.50000000000e+00
      1319   9.00000000000e-01  -3.50000000000e+00
      1320   1.00000000000e+00  -3.50000000000e+00
      1321   1.10000000000e+00  -3.50000000000e+00
      1322   1.20000000000e+00  -3.50000000000e+00
      1323   1.30000000000e+00  -3.50000000000e+00
      1324   1.40000000000e+00  -3.50000000000e+00
      1325   1.50000000000e+00  -3.50000000000e+00
      1326   1.60000000000e+00  -3.50000000000e+00
      1327   1.70000000000e+00  -3.50000000000e+00
      1328   1.80000000000e+00  -3.50000000000e+00
      1329   1.90000000000e+00  -3.50000000000e+00
      1330   2.00000000000e+00  -3.50000000000e+00
      1331   2.10000000000e+00  -3.50000000000e+00
      1332   2.20000000000e+00  -3.50000000000e+00
      1333   2.30000000000e+00  -3.50000000000e+00
      1334   2.40000000000e+00  -3.50000000000e+00
      1335   2.50000000000e+00  -3.50000000000e+00
      1336   2.60000000000e+00  -3.50000000000e+00
      1337   2.70000000000e+00  -3.50000000000e+00
      1338   2.80000000000e+00  -3.50000000000e+00
      1339   2.90000000000e+00  -3.50000000000e+00
      1340   3.00000000000e+00  -3.50000000000e+00
      1341   3.10000000000e+00  -3.50000000000e+00
      1342   3.20000000000e+00  -3.50000000000e+00
      1343   3.30000000000e+00  -3.50000000000e+00
      1344   3.40000000000e+00  -3.50000000000e+00
      1345   3.50000000000e+00  -3.50000000000e+00
      1346   3.60000000000e+00  -3.50000000000e+00
      1347   3.70000000000e+00  -3.50000000000e+00
      1348   3.80000000000e+00  -3.50000000000e+00
      1349   3.90000000000e+00  -3.50000000000e+00
      1350   4.00000000000e+00  -3.50000000000e+00
      1351   4.10000000000e+00  -3.50000000000e+00
      1352   4.20000000000e+00  -3.50000000000e+00
      1353   4.30000000000e+00  -3.50000000000e+00
      1354   4.40000000000e+00  -3.50000000000e+00
      1355   4.50000000000e+00  -3.50000000000e+00
      1356   4.60000000000e+00  -3.50000000000e+00
      1357   4.70000000000e+00  -3.50000000000e+00
      1358   4.80000000000e+00  -3.50000000000e+00
      1359  -4.80000000000e+00  -3.40000000000e+00
      1360  -4.70000000000e+00  -3.40000000000e+00
      1361  -4.60000000000e+00  -3.40000000000e+00
      1362  -4.50000000000e+00  -3.40000000000e+00
      1363  -4.40000000000e+00  -3.40000000000e+00
      1364  -4.30000000000e+00  -3.40000000000e+00
      1365  -4.20000000000e+00  -3.40000000000e+00
      1366  -4.10000000000e+00  -3.40000000000e+00
      1367  -4.00000000000e+00  -3.40000000000e+00
      1368  -3.90000000000e+00  -3.40000000000e+00
      1369  -3.80000000000e+00  -3.40000000000e+00
      1370  -3.70000000000e+00  -3.40000000000e+00
      1371  -3.60000000000e+00  -3.40000000000e+00
      1372  -3.50000000000e+00  -3.40000000000e+00
      1373  -3.40000000000e+00  -3.40000000000e+00
      1374  -3.30000000000e+00  -3.40000000000e+00
      1375  -3.20000000000e+00  -3.40000000000e+00
      1376  -3.10000000000e+00  -3.40000000000e+00
      1377  -3.00000000000e+00  -3.40000000000e+00
      1378  -2.90000000000e+00  -3.40000000000e+00
      1379  -2.80000000000e+00  -3.40000000000e+00
      1380  -2.70000000000e+00  -3.40000000000e+00
      1381  -2.60000000000e+00  -3.40000000000e+00
      1382  -2.50000000000e+00  -3.40000000000e+00
      1383  -2.40000000000e+00  -3.40000000000e+00
      1384  -2.30000000000e+00  -3.40000000000e+00
      1385  -2.20000000000e+00  -3.40000000000e+00
      1386  -2.10000000000e+00  -3.40000000000e+00
      1387  -2.00000000000e+00  -3.40000000000e+00
      1388  -1.90000000000e+00  -3.40000000000e+00
      1389  -1.80000000000e+00  -3.40000000000e+00
      1390  -1.70000000000e+00  -3.40000000000e+00
      1391  -1.60000000000e+00  -3.40000000000e+00
      1392  -1.50000000000e+00  -3.40000000000e+00
      1393  -1.40000000000e+00  -3.40000000000e+00
      1394  -1.30000000000e+00  -3.40000000000e+00
      1395  -1.20000000000e+00  -3.40000000000e+00
      1396  -1.10000000000e+00  -3.40000000000e+00
      1397  -1.00000000000e+00  -3.40000000000e+00
      1398  -9.00000000000e-01  -3.40000000000e+00
      1399  -8.00000000000e-01  -3.40000000000e+00
      1400  -7.00000000000e-01  -3.40000000000e+00
      1401  -6.00000000000e-01  -3.40000000000e+00
      1402  -5.00000000000e-01  -3.40000000000e+00
      1403  -4.00000000000e-01  -3.40000000000e+00
      1404  -3.00000000000e-01  -3.40000000000e+00
      1405  -2.00000000000e-01  -3.40000000000e+00
      1406  -1.00000000000e-01  -3.40000000000e+00
      1407   0.00000000000e+00  -3.40000000000e+00
      1408   1.00000000000e-01  -3.40000000000e+00
      1409   2.00000000000e-01  -3.40000000000e+00
      1410   3.00000000000e-01  -3.40000000000e+00
      1411   4.00000000000e-01  -3.40000000000e+00
      1412   5.00000000000e-01  -3.40000000000e+00
      1413   6.00000000000e-01  -3.40000000000e+00
      1414   7.00000000000e-01  -3.40000000000e+00
      1415   8.00000000000e-01  -3.40000000000e+00
      1416   9.00000000000e-01  -3.40000000000e+00
      1417   1.00000000000e+00  -3.40000000000e+00
      1418   1.10000000000e+00  -3.40000000000e+00
      1419   1.20000000000e+00  -3.40000000000e+00
      1420   1.30000000000e+00  -3.40000000000e+00
      1421   1.40000000000e+00  -3.40000000000e+00
      1422   1.50000000000e+00  -3.40000000000e+00
      1423   1.60000000000e+00  -3.40000000000e+00
      1424   1.70000000000e+00  -3.40000000000e+00
      1425   1.80000000000e+00  -3.40000000000e+00
      1426   1.90000000000e+00  -3.40000000000e+00
      1427   2.00000000000e+00  -3.40000000000e+00
      1428   2.10000000000e+00  -3.40000000000e+00
      1429   2.20000000000e+00  -3.40000000000e+00
      1430   2.30000000000e+00  -3.40000000000e+00
      1431   2.40000000000e+00  -3.40000000000e+00
      1432   2.50000000000e+00  -3.40000000000e+00
      1433   2.60000000000e+00  -3.40000000000e+00
      1434   2.70000000000e+00  -3.40000000000e+00
      1435   2.80000000000e+00  -3.40000000000e+00
      1436   2.90000000000e+00  -3.40000000000e+00
      1437   3.00000000000e+00  -3.40000000000e+00
      1438   3.10000000000e+00  -3.40000000000e+00
      1439   3.20000000000e+00  -3.40000000000e+00
      1440   3.30000000000e+00  -3.40000000000e+00
      1441   3.40000000000e+00  -3.40000000000e+00
      1442   3.50000000000e+00  -3.40000000000e+00
      1443   3.60000000000e+00  -3.40000000000e+00
      1444   3.70000000000e+00  -3.40000000000e+00
      1445   3.80000000000e+00  -3.40000000000e+00
      1446   3.90000000000e+00  -3.40000000000e+00
      1447   4.00000000000e+00  -3.40000000000e+00
      1448   4.10000000000e+00  -3.40000000000e+00
      1449   4.20000000000e+00  -3.40000000000e+00
      1450   4.30000000000e+00  -3.40000000000e+00
      1451   4.40000000000e+00  -3.40000000000e+00
      1452   4.50000000000e+00  -3.40000000000e+00
      1453   4.60000000000e+00  -3.40000000000e+00
      1454   4.70000000000e+00  -3.40000000000e+00
      1455   4.80000000000e+00  -3.40000000000e+00
      1456  -4.80000000000e+00  -3.30000000000e+00
      1457  -4.70000000000e+00  -3.30000000000e+00
      1458  -4.60000000000e+00  -3.30000000000e+00
      1459  -4.50000000000e+00  -3.30000000000e+00
      1460  -4.40000000000e+00  -3.30000000000e+00
      1461  -4.30000000000e+00  -3.30000000000e+00
      1462  -4.20000000000e+00  -3.30000000000e+00
      1463  -4.10000000000e+00  -3.30000000000e+00
      1464  -4.00000000000e+00  -3.30000000000e+00
      1465  -3.90000000000e+00  -3.30000000000e+00
      1466  -3.80000000000e+00  -3.30000000000e+00
      1467  -3.70000000000e+00  -3.30000000000e+00
      1468  -3.60000000000e+00  -3.30000000000e+00
      1469  -3.50000000000e+00  -3.30000000000e+00
      1470  -3.40000000000e+00  -3.30000000000e+00
      1471  -3.30000000000e+00  -3.30000000000e+00
      1472  -3.20000000000e+00  -3.30000000000e+00
      1473  -3.10000000000e+00  -3.30000000000e+00
      1474  -3.00000000000e+00  -3.30000000000e+00
      1475  -2.90000000000e+00  -3.30000000000e+00
      1476  -2.80000000000e+00  -3.30000000000e+00
      1477  -2.70000000000e+00  -3.30000000000e+00
      1478  -2.60000000000e+00  -3.30000000000e+00
      1479  -2.50000000000e+00  -3.30000000000e+00
      1480  -2.40000000000e+00  -3.30000000000e+00
      1481  -2.30000000000e+00  -3.30000000000e+00
      1482  -2.20000000000e+00  -3.30000000000e+00
      1483  -2.10000000000e+00  -3.30000000000e+00
      1484  -2.00000000000e+00  -3.30000000000e+00
      1485  -1.90000000000e+00  -3.30000000000e+00
      1486  -1.80000000000e+00  -3.30000000000e+00
      1487  -1.70000000000e+00  -3.30000000000e+00
      1488  -1.60000000000e+00  -3.30000000000e+00
      1489  -1.50000000000e+00  -3.30000000000e+00
      1490  -1.40000000000e+00  -3.30000000000e+00
      1491  -1.30000000000e+00  -3.30000000000e+00
      1492  -1.20000000000e+00  -3.30000000000e+00
      1493  -1.10000000000e+00  -3.30000000000e+00
      1494  -1.00000000000e+00  -3.30000000000e+00
      1495  -9.00000000000e-01  -3.30000000000e+00
      1496  -8.00000000000e-01  -3.30000000000e+00
      1497  -7.00000000000e-01  -3.30000000000e+00
      1498  -6.00000000000e-01  -3.30000000000e+00
      1499  -5.00000000000e-01  -3.30000000000e+00
      1500  -4.00000000000e-01  -3.30000000000e+00
      1501  -3.00000000000e-01  -3.30000000000e+00
      1502  -2.00000000000e-01  -3.30000000000e+00
      1503  -1.00000000000e-01  -3.30000000000e+00
      1504   0.00000000000e+00  -3.30000000000e+00
      1505   1.00000000000e-01  -3.30000000000e+00
      1506   2.00000000000e-01  -3.30000000000e+00
      1507   3.00000000000e-01  -3.30000000000e+00
      1508   4.00000000000e-01  -3.30000000000e+00
      1509   5.00000000000e-01  -3.30000000000e+00
      1510   6.00000000000e-01  -3.30000000000e+00
      1511   7.00000000000e-01  -3.30000000000e+00
      1512   8.00000000000e-01  -3.30000000000e+00
      1513   9.00000000000e-01  -3.30000000000e+00
      1514   1.00000000000e+00  -3.30000000000e+00
      1515   1.10000000000e+00  -3.30000000000e+00
      1516   1.20000000000e+00  -3.30000000000e+00
      1517   1.30000000000e+00  -3.30000000000e+00
      1518   1.40000000000e+00  -3.30000000000e+00
      1519   1.50000000000e+00  -3.30000000000e+00
      1520   1.60000000000e+00  -3.30000000000e+00
      1521   1.70000000000e+00  -3.30000000000e+00
      1522   1.80000000000e+00  -3.30000000000e+00
      1523   1.90000000000e+00  -3.30000000000e+00
      1524   2.00000000000e+00  -3.30000000000e+00
      1525   2.10000000000e+00  -3.30000000000e+00
      1526   2.20000000000e+00  -3.30000000000e+00
      1527   2.30000000000e+00  -3.30000000000e+00
      1528   2.40000000000e+00  -3.30000000000e+00
      1529   2.50000000000e+00  -3.30000000000e+00
      1530   2.60000000000e+00  -3.30000000000e+00
      1531   2.70000000000e+00  -3.30000000000e+00
      1532   2.80000000000e+00  -3.30000000000e+00
      1533   2.90000000000e+00  -3.30000000000e+00
      1534   3.00000000000e+00  -3.30000000000e+00
      1535   3.10000000000e+00  -3.30000000000e+00
      1536   3.20000000000e+00  -3.30000000000e+00
      1537   3.30000000000e+00  -3.30000000000e+00
      1538   3.40000000000e+00  -3.30000000000e+00
      1539   3.50000000000e+00  -3.30000000000e+00
      1540   3.60000000000e+00  -3.30000000000e+00
      1541   3.70000000000e+00  -3.30000000000e+00
      1542   3.80000000000e+00  -3.30000000000e+00
      1543   3.90000000000e+00  -3.30000000000e+00
      1544   4.00000000000e+00  -3.30000000000e+00
      1545   4.10000000000e+00  -3.30000000000e+00
      1546   4.20000000000e+00  -3.30000000000e+00
      1547   4.30000000000e+00  -3.30000000000e+00
      1548   4.40000000000e+00  -3.30000000000e+00
      1549   4.50000000000e+00  -3.30000000000e+00
      1550   4.60000000000e+00  -3.30000000000e+00
      1551   4.70000000000e+00  -3.30000000000e+00
      1552   4.80000000000e+00  -3.30000000000e+00
      1553  -4.80000000000e+00  -3.20000000000e+00
      1554  -4.70000000000e+00  -3.20000000000e+00
      1555  -4.60000000000e+00  -3.20000000000e+00
      1556  -4.50000000000e+00  -3.20000000000e+00
      1557  -4.40000000000e+00  -3.20000000000e+00
      1558  -4.30000000000e+00  -3.20000000000e+00
      1559  -4.20000000000e+00  -3.20000000000e+00
      1560  -4.10000000000e+00  -3.20000000000e+00
      1561  -4.00000000000e+00  -3.20000000000e+00
      1562  -3.90000000000e+00  -3.20000000000e+00
      1563  -3.80000000000e+00  -3.20000000000e+00
      1564  -3.70000000000e+00  -3.20000000000e+00
      1565  -3.60000000000e+00  -3.20000000000e+00
      1566  -3.50000000000e+00  -3.20000000000e+00
      1567  -3.40000000000e+00  -3.20000000000e+00
      1568  -3.30000000000e+00  -3.20000000000e+00
      1569  -3.20000000000e+00  -3.20000000000e+00
      1570  -3.10000000000e+00  -3.20000000000e+00
      1571  -3.00000000000e+00  -3.20000000000e+00
      1572  -2.90000000000e+00  -3.20000000000e+00
      1573  -2.80000000000e+00  -3.20000000000e+00
      1574  -2.70000000000e+00  -3.20000000000e+00
      1575  -2.60000000000e+00  -3.20000000000e+00
      1576  -2.50000000000e+00  -3.20000000000e+00
      1577  -2.40000000000e+00  -3.20000000000e+00
      1578  -2.30000000000e+00  -3.20000000000e+00
      1579  -2.20000000000e+00  -3.20000000000e+00
      1580  -2.10000000000e+00  -3.20000000000e+00
      1581  -2.00000000000e+00  -3.20000000000e+00
      1582  -1.90000000000e+00  -3.20000000000e+00
      1583  -1.80000000000e+00  -3.20000000000e+00
      1584  -1.70000000000e+00  -3.20000000000e+00
      1585  -1.60000000000e+00  -3.20000000000e+00
      1586  -1.50000000000e+00  -3.20000000000e+00
      1587  -1.40000000000e+00  -3.20000000000e+00
      1588  -1.30000000000e+00  -3.20000000000e+00
      1589  -1.20000000000e+00  -3.20000000000e+00
      1590  -1.10000000000e+00  -3.20000000000e+00
      1591  -1.00000000000e+00  -3.20000000000e+00
      1592  -9.00000000000e-01  -3.20000000000e+00
      1593  -8.00000000000e-01  -3.20000000000e+00
      1594  -7.00000000000e-01  -3.20000000000e+00
      1595  -6.00000000000e-01  -3.20000000000e+00
      1596  -5.00000000000e-01  -3.20000000000e+00
      1597  -4.00000000000e-01  -3.20000000000e+00
      1598  -3.00000000000e-01  -3.20000000000e+00
      1599  -2.00000000000e-01  -3.20000000000e+00
      1600  -1.00000000000e-01  -3.20000000000e+00
      1601   0.00000000000e+00  -3.20000000000e+00
      1602   1.00000000000e-01  -3.20000000000e+00
      1603   2.00000000000e-01  -3.20000000000e+00
      1604   3.00000000000e-01  -3.20000000000e+00
      1605   4.00000000000e-01  -3.20000000000e+00
      1606   5.00000000000e-01  -3.20000000000e+00
      1607   6.00000000000e-01  -3.20000000000e+00
      1608   7.00000000000e-01  -3.20000000000e+00
      1609   8.00000000000e-01  -3.20000000000e+00
      1610   9.00000000000e-01  -3.20000000000e+00
      1611   1.00000000000e+00  -3.20000000000e+00
      1612   1.10000000000e+00  -3.20000000000e+00
      1613   1.20000000000e+00  -3.20000000000e+00
      1614   1.30000000000e+00  -3.20000000000e+00
      1615   1.40000000000e+00  -3.20000000000e+00
      1616   1.50000000000e+00  -3.20000000000e+00
      1617   1.60000000000e+00  -3.20000000000e+00
      1618   1.70000000000e+00  -3.20000000000e+00
      1619   1.80000000000e+00  -3.20000000000e+00
      1620   1.90000000000e+00  -3.20000000000e+00
      1621   2.00000000000e+00  -3.20000000000e+00
      1622   2.10000000000e+00  -3.20000000000e+00
      1623   2.20000000000e+00  -3.20000000000e+00
      1624   2.30000000000e+00  -3.20000000000e+00
      1625   2.40000000000e+00  -3.20000000000e+00
      1626   2.50000000000e+00  -3.20000000000e+00
      1627   2.60000000000e+00  -3.20000000000e+00
      1628   2.70000000000e+00  -3.20000000000e+00
      1629   2.80000000000e+00  -3.20000000000e+00
      1630   2.90000000000e+00  -3.20000000000e+00
      1631   3.00000000000e+00  -3.20000000000e+00
      1632   3.10000000000e+00  -3.20000000000e+00
      1633   3.20000000000e+00  -3.20000000000e+00
      1634   3.30000000000e+00  -3.20000000000e+00
      1635   3.40000000000e+00  -3.20000000000e+00
      1636   3.50000000000e+00  -3.20000000000e+00
      1637   3.60000000000e+00  -3.20000000000e+00
      1638   3.70000000000e+00  -3.20000000000e+00
      1639   3.80000000000e+00  -3.20000000000e+00
      1640   3.90000000000e+00  -3.20000000000e+00
      1641   4.00000000000e+00  -3.20000000000e+00
      1642   4.10000000000e+00  -3.20000000000e+00
      1643   4.20000000000e+00  -3.20000000000e+00
      1644   4.30000000000e+00  -3.20000000000e+00
      1645   4.40000000000e+00  -3.20000000000e+00
      1646   4.50000000000e+00  -3.20000000000e+00
      1647   4.60000000000e+00  -3.20000000000e+00
      1648   4.70000000000e+00  -3.20000000000e+00
      1649   4.80000000000e+00  -3.20000000000e+00
      1650  -4.80000000000e+00  -3.10000000000e+00
      1651  -4.70000000000e+00  -3.10000000000e+00
      1652  -4.60000000000e+00  -3.10000000000e+00
      1653  -4.50000000000e+00  -3.10000000000e+00
      1654  -4.40000000000e+00  -3.10000000000e+00
      1655  -4.30000000000e+00  -3.10000000000e+00
      1656  -4.20000000000e+00  -3.10000000000e+00
      1657  -4.10000000000e+00  -3.10000000000e+00
      1658  -4.00000000000e+00  -3.10000000000e+00
      1659  -3.90000000000e+00  -3.10000000000e+00
      1660  -3.80000000000e+00  -3.10000000000e+00
      1661  -3.70000000000e+00  -3.10000000000e+00
      1662  -3.60000000000e+00  -3.10000000000e+00
      1663  -3.50000000000e+00  -3.10000000000e+00
      1664  -3.40000000000e+00  -3.10000000000e+00
      1665  -3.30000000000e+00  -3.10000000000e+00
      1666  -3.20000000000e+00  -3.10000000000e+00
      1667  -3.10000000000e+00  -3.10000000000e+00
      1668  -3.00000000000e+00  -3.10000000000e+00
      1669  -2.90000000000e+00  -3.10000000000e+00
      1670  -2.80000000000e+00  -3.10000000000e+00
      1671  -2.70000000000e+00  -3.10000000000e+00
      1672  -2.60000000000e+00  -3.10000000000e+00
      1673  -2.50000000000e+00  -3.10000000000e+00
      1674  -2.40000000000e+00  -3.10000000000e+00
      1675  -2.30000000000e+00  -3.10000000000e+00
      1676  -2.20000000000e+00  -3.10000000000e+00
      1677  -2.10000000000e+00  -3.10000000000e+00
      1678  -2.00000000000e+00  -3.10000000000e+00
      1679  -1.90000000000e+00  -3.10000000000e+00
      1680  -1.80000000000e+00  -3.10000000000e+00
      1681  -1.70000000000e+00  -3.10000000000e+00
      1682  -1.60000000000e+00  -3.10000000000e+00
      1683  -1.50000000000e+00  -3.10000000000e+00
      1684  -1.40000000000e+00  -3.10000000000e+00
      1685  -1.30000000000e+00  -3.10000000000e+00
      1686  -1.20000000000e+00  -3.10000000000e+00
      1687  -1.10000000000e+00  -3.10000000000e+00
      1688  -1.00000000000e+00  -3.10000000000e+00
      1689  -9.00000000000e-01  -3.10000000000e+00
      1690  -8.00000000000e-01  -3.10000000000e+00
      1691  -7.00000000000e-01  -3.10000000000e+00
      1692  -6.00000000000e-01  -3.10000000000e+00
      1693  -5.00000000000e-01  -3.10000000000e+00
      1694  -4.00000000000e-01  -3.10000000000e+00
      1695  -3.00000000000e-01  -3.10000000000e+00
      1696  -2.00000000000e-01  -3.10000000000e+00
      1697  -1.00000000000e-01  -3.10000000000e+00
      1698   0.00000000000e+00  -3.10000000000e+00
      1699   1.00000000000e-01  -3.10000000000e+00
      1700   2.00000000000e-01  -3.10000000000e+00
      1701   3.00000000000e-01  -3.10000000000e+00
      1702   4.00000000000e-01  -3.10000000000e+00
      1703   5.00000000000e-01  -3.10000000000e+00
      1704   6.00000000000e-01  -3.10000000000e+00
      1705   7.00000000000e-01  -3.10000000000e+00
      1706   8.00000000000e-01  -3.10000000000e+00
      1707   9.00000000000e-01  -3.10000000000e+00
      1708   1.00000000000e+00  -3.10000000000e+00
      1709   1.10000000000e+00  -3.10000000000e+00
      1710   1.20000000000e+00  -3.10000000000e+00
      1711   1.30000000000e+00  -3.10000000000e+00
      1712   1.40000000000e+00  -3.10000000000e+00
      1713   1.50000000000e+00  -3.10000000000e+00
      1714   1.60000000000e+00  -3.10000000000e+00
      1715   1.70000000000e+00  -3.10000000000e+00
      1716   1.80000000000e+00  -3.10000000000e+00
      1717   1.90000000000e+00  -3.10000000000e+00
      1718   2.00000000000e+00  -3.10000000000e+00
      1719   2.10000000000e+00  -3.10000000000e+00
      1720   2.20000000000e+00  -3.10000000000e+00
      1721   2.30000000000e+00  -3.10000000000e+00
      1722   2.40000000000e+00  -3.10000000000e+00
      1723   2.50000000000e+00  -3.10000000000e+00
      1724   2.60000000000e+00  -3.10000000000e+00
      1725   2.70000000000e+00  -3.10000000000e+00
      1726   2.80000000000e+00  -3.10000000000e+00
      1727   2.90000000000e+00  -3.10000000000e+00
      1728   3.00000000000e+00  -3.10000000000e+00
      1729   3.10000000000e+00  -3.10000000000e+00
      1730   3.20000000000e+00  -3.10000000000e+00
      1731   3.30000000000e+00  -3.10000000000e+00
      1732   3.40000000000e+00  -3.10000000000e+00
      1733   3.50000000000e+00  -3.10000000000e+00
      1734   3.60000000000e+00  -3.10000000000e+00
      1735   3.70000000000e+00  -3.10000000000e+00
      1736   3.80000000000e+00  -3.10000000000e+00
      1737   3.90000000000e+00  -3.10000000000e+00
      1738   4.00000000000e+00  -3.10000000000e+00
      1739   4.10000000000e+00  -3.10000000000e+00
      1740   4.20000000000e+00  -3.10000000000e+00
      1741   4.30000000000e+00  -3.10000000000e+00
      1742   4.40000000000e+00  -3.10000000000e+00
      1743   4.50000000000e+00  -3.10000000000e+00
      1744   4.60000000000e+00  -3.10000000000e+00
      1745   4.70000000000e+00  -3.10000000000e+00
      1746   4.80000000000e+00  -3.10000000000e+00
      1747  -4.80000000000e+00  -3.00000000000e+00
      1748  -4.70000000000e+00  -3.00000000000e+00
      1749  -4.60000000000e+00  -3.00000000000e+00
      1750  -4.50000000000e+00  -3.00000000000e+00
      1751  -4.40000000000e+00  -3.00000000000e+00
      1752  -4.30000000000e+00  -3.00000000000e+00
      1753  -4.20000000000e+00  -3.00000000000e+00
      1754  -4.10000000000e+00  -3.00000000000e+00
      1755  -4.00000000000e+00  -3.00000000000e+00
      1756  -3.90000000000e+00  -3.00000000000e+00
      1757  -3.80000000000e+00  -3.00000000000e+00
      1758  -3.70000000000e+00  -3.00000000000e+00
      1759  -3.60000000000e+00  -3.00000000000e+00
      1760  -3.50000000000e+00  -3.00000000000e+00
      1761  -3.40000000000e+00  -3.00000000000e+00
      1762  -3.30000000000e+00  -3.00000000000e+00
      1763  -3.20000000000e+00  -3.00000000000e+00
      1764  -3.10000000000e+00  -3.00000000000e+00
      1765  -3.00000000000e+00  -3.00000000000e+00
      1766  -2.90000000000e+00  -3.00000000000e+00
      1767  -2.80000000000e+00  -3.00000000000e+00
      1768  -2.70000000000e+00  -3.00000000000e+00
      1769  -2.60000000000e+00  -3.00000000000e+00
      1770  -2.50000000000e+00  -3.00000000000e+00
      1771  -2.40000000000e+00  -3.00000000000e+00
      1772  -2.30000000000e+00  -3.00000000000e+00
      1773  -2.20000000000e+00  -3.00000000000e+00
      1774  -2.10000000000e+00  -3.00000000000e+00
      1775  -2.00000000000e+00  -3.00000000000e+00
      1776  -1.90000000000e+00  -3.00000000000e+00
      1777  -1.80000000000e+00  -3.00000000000e+00
      1778  -1.70000000000e+00  -3.00000000000e+00
      1779  -1.60000000000e+00  -3.00000000000e+00
      1780  -1.50000000000e+00  -3.00000000000e+00
      1781  -1.40000000000e+00  -3.00000000000e+00
      1782  -1.30000000000e+00  -3.00000000000e+00
      1783  -1.20000000000e+00  -3.00000000000e+00
      1784  -1.10000000000e+00  -3.00000000000e+00
      1785  -1.00000000000e+00  -3.00000000000e+00
      1786  -9.00000000000e-01  -3.00000000000e+00
      1787  -8.00000000000e-01  -3.00000000000e+00
      1788  -7.00000000000e-01  -3.00000000000e+00
      1789  -6.00000000000e-01  -3.00000000000e+00
      1790  -5.00000000000e-01  -3.00000000000e+00
      1791  -4.00000000000e-01  -3.00000000000e+00
      1792  -3.00000000000e-01  -3.00000000000e+00
      1793  -2.00000000000e-01  -3.00000000000e+00
      1794  -1.00000000000e-01  -3.00000000000e+00
      1795   0.00000000000e+00  -3.00000000000e+00
      1796   1.00000000000e-01  -3.00000000000e+00
      1797   2.00000000000e-01  -3.00000000000e+00
      1798   3.00000000000e-01  -3.00000000000e+00
      1799   4.00000000000e-01  -3.00000000000e+00
      1800   5.00000000000e-01  -3.00000000000e+00
      1801   6.00000000000e-01  -3.00000000000e+00
      1802   7.00000000000e-01  -3.00000000000e+00
      1803   8.00000000000e-01  -3.00000000000e+00
      1804   9.00000000000e-01  -3.00000000000e+00
      1805   1.00000000000e+00  -3.00000000000e+00
      1806   1.10000000000e+00  -3.00000000000e+00
      1807   1.20000000000e+00  -3.00000000000e+00
      1808   1.30000000000e+00  -3.00000000000e+00
      1809   1.40000000000e+00  -3.00000000000e+00
      1810   1.50000000000e+00  -3.00000000000e+00
      1811   1.60000000000e+00  -3.00000000000e+00
      1812   1.70000000000e+00  -3.00000000000e+00
      1813   1.80000000000e+00  -3.00000000000e+00
      1814   1.90000000000e+00  -3.00000000000e+00
      1815   2.00000000000e+00  -3.00000000000e+00
      1816   2.10000000000e+00  -3.00000000000e+00
      1817   2.20000000000e+00  -3.00000000000e+00
      1818   2.30000000000e+00  -3.00000000000e+00
      1819   2.40000000000e+00  -3.00000000000e+00
      1820   2.50000000000e+00  -3.00000000000e+00
      1821   2.60000000000e+00  -3.00000000000e+00
      1822   2.70000000000e+00  -3.00000000000e+00
      1823   2.80000000000e+00  -3.00000000000e+00
      1824   2.90000000000e+00  -3.00000000000e+00
      1825   3.00000000000e+00  -3.00000000000e+00
      1826   3.10000000000e+00  -3.00000000000e+00
      1827   3.20000000000e+00  -3.00000000000e+00
      1828   3.30000000000e+00  -3.00000000000e+00
      1829   3.40000000000e+00  -3.00000000000e+00
      1830   3.50000000000e+00  -3.00000000000e+00
      1831   3.60000000000e+00  -3.00000000000e+00
      1832   3.70000000000e+00  -3.00000000000e+00
      1833   3.80000000000e+00  -3.00000000000e+00
      1834   3.90000000000e+00  -3.00000000000e+00
      1835   4.00000000000e+00  -3.00000000000e+00
      1836   4.10000000000e+00  -3.00000000000e+00
      1837   4.20000000000e+00  -3.00000000000e+00
      1838   4.30000000000e+00  -3.00000000000e+00
      1839   4.40000000000e+00  -3.00000000000e+00
      1840   4.50000000000e+00  -3.00000000000e+00
      1841   4.60000000000e+00  -3.00000000000e+00
      1842   4.70000000000e+00  -3.00000000000e+00
      1843   4.80000000000e+00  -3.00000000000e+00
      1844  -4.80000000000e+00  -2.90000000000e+00
      1845  -4.70000000000e+00  -2.90000000000e+00
      1846  -4.60000000000e+00  -2.90000000000e+00
      1847  -4.50000000000e+00  -2.90000000000e+00
      1848  -4.40000000000e+00  -2.90000000000e+00
      1849  -4.30000000000e+00  -2.90000000000e+00
      1850  -4.20000000000e+00  -2.90000000000e+00
      1851  -4.10000000000e+00  -2.90000000000e+00
      1852  -4.00000000000e+00  -2.90000000000e+00
      1853  -3.90000000000e+00  -2.90000000000e+00
      1854  -3.80000000000e+00  -2.90000000000e+00
      1855  -3.70000000000e+00  -2.90000000000e+00
      1856  -3.60000000000e+00  -2.90000000000e+00
      1857  -3.50000000000e+00  -2.90000000000e+00
      1858  -3.40000000000e+00  -2.90000000000e+00
      1859  -3.30000000000e+00  -2.90000000000e+00
      1860  -3.20000000000e+00  -2.90000000000e+00
      1861  -3.10000000000e+00  -2.90000000000e+00
      1862  -3.00000000000e+00  -2.90000000000e+00
      1863  -2.90000000000e+00  -2.90000000000e+00
      1864  -2.80000000000e+00  -2.90000000000e+00
      1865  -2.70000000000e+00  -2.90000000000e+00
      1866  -2.60000000000e+00  -2.90000000000e+00
      1867  -2.50000000000e+00  -2.90000000000e+00
      1868  -2.40000000000e+00  -2.90000000000e+00
      1869  -2.30000000000e+00  -2.90000000000e+00
      1870  -2.20000000000e+00  -2.90000000000e+00
      1871  -2.10000000000e+00  -2.90000000000e+00
      1872  -2.00000000000e+00  -2.90000000000e+00
      1873  -1.90000000000e+00  -2.90000000000e+00
      1874  -1.80000000000e+00  -2.90000000000e+00
      1875  -1.70000000000e+00  -2.90000000000e+00
      1876  -1.60000000000e+00  -2.90000000000e+00
      1877  -1.50000000000e+00  -2.90000000000e+00
      1878  -1.40000000000e+00  -2.90000000000e+00
      1879  -1.30000000000e+00  -2.90000000000e+00
      1880  -1.20000000000e+00  -2.90000000000e+00
      1881  -1.10000000000e+00  -2.90000000000e+00
      1882  -1.00000000000e+00  -2.90000000000e+00
      1883  -9.00000000000e-01  -2.90000000000e+00
      1884  -8.00000000000e-01  -2.90000000000e+00
      1885  -7.00000000000e-01  -2.90000000000e+00
      1886  -6.00000000000e-01  -2.90000000000e+00
      1887  -5.00000000000e-01  -2.90000000000e+00
      1888  -4.00000000000e-01  -2.90000000000e+00
      1889  -3.00000000000e-01  -2.90000000000e+00
      1890  -2.00000000000e-01  -2.90000000000e+00
      1891  -1.00000000000e-01  -2.90000000000e+00
      1892   0.00000000000e+00  -2.90000000000e+00
      1893   1.00000000000e-01  -2.90000000000e+00
      1894   2.00000000000e-01  -2.90000000000e+00
      1895   3.00000000000e-01  -2.90000000000e+00
      1896   4.00000000000e-01  -2.90000000000e+00
      1897   5.00000000000e-01  -2.90000000000e+00
      1898   6.00000000000e-01  -2.90000000000e+00
      1899   7.00000000000e-01  -2.90000000000e+00
      1900   8.00000000000e-01  -2.90000000000e+00
      1901   9.00000000000e-01  -2.90000000000e+00
      1902   1.00000000000e+00  -2.90000000000e+00
      1903   1.10000000000e+00  -2.90000000000e+00
      1904   1.20000000000e+00  -2.90000000000e+00
      1905   1.30000000000e+00  -2.90000000000e+00
      1906   1.40000000000e+00  -2.90000000000e+00
      1907   1.50000000000e+00  -2.90000000000e+00
      1908   1.60000000000e+00  -2.90000000000e+00
      1909   1.70000000000e+00  -2.90000000000e+00
      1910   1.80000000000e+00  -2.90000000000e+00
      1911   1.90000000000e+00  -2.90000000000e+00
      1912   2.00000000000e+00  -2.90000000000e+00
      1913   2.10000000000e+00  -2.90000000000e+00
      1914   2.20000000000e+00  -2.90000000000e+00
      1915   2.30000000000e+00  -2.90000000000e+00
      1916   2.40000000000e+00  -2.90000000000e+00
      1917   2.50000000000e+00  -2.90000000000e+00
      1918   2.60000000000e+00  -2.90000000000e+00
      1919   2.70000000000e+00  -2.90000000000e+00
      1920   2.80000000000e+00  -2.90000000000e+00
      1921   2.90000000000e+00  -2.90000000000e+00
      1922   3.00000000000e+00  -2.90000000000e+00
      1923   3.10000000000e+00  -2.90000000000e+00
      1924   3.20000000000e+00  -2.90000000000e+00
      1925   3.30000000000e+00  -2.90000000000e+00
      1926   3.40000000000e+00  -2.90000000000e+00
      1927   3.50000000000e+00  -2.90000000000e+00
      1928   3.60000000000e+00  -2.90000000000e+00
      1929   3.70000000000e+00  -2.90000000000e+00
      1930   3.80000000000e+00  -2.90000000000e+00
      1931   3.90000000000e+00  -2.90000000000e+00
      1932   4.00000000000e+00  -2.90000000000e+00
      1933   4.10000000000e+00  -2.90000000000e+00
      1934   4.20000000000e+00  -2.90000000000e+00
      1935   4.30000000000e+00  -2.90000000000e+00
      1936   4.40000000000e+00  -2.90000000000e+00
      1937   4.50000000000e+00  -2.90000000000e+00
      1938   4.60000000000e+00  -2.90000000000e+00
      1939   4.70000000000e+00  -2.90000000000e+00
      1940   4.80000000000e+00  -2.90000000000e+00
      1941  -4.80000000000e+00  -2.80000000000e+00
      1942  -4.70000000000e+00  -2.80000000000e+00
      1943  -4.60000000000e+00  -2.80000000000e+00
      1944  -4.50000000000e+00  -2.80000000000e+00
      1945  -4.40000000000e+00  -2.80000000000e+00
      1946  -4.30000000000e+00  -2.80000000000e+00
      1947  -4.20000000000e+00  -2.80000000000e+00
      1948  -4.10000000000e+00  -2.80000000000e+00
      1949  -4.00000000000e+00  -2.80000000000e+00
      1950  -3.90000000000e+00  -2.80000000000e+00
      1951  -3.80000000000e+00  -2.80000000000e+00
      1952  -3.70000000000e+00  -2.80000000000e+00
      1953  -3.60000000000e+00  -2.80000000000e+00
      1954  -3.50000000000e+00  -2.80000000000e+00
      1955  -3.40000000000e+00  -2.80000000000e+00
      1956  -3.30000000000e+00  -2.80000000000e+00
      1957  -3.20000000000e+00  -2.80000000000e+00
      1958  -3.10000000000e+00  -2.80000000000e+00
      1959  -3.00000000000e+00  -2.80000000000e+00
      1960  -2.90000000000e+00  -2.80000000000e+00
      1961  -2.80000000000e+00  -2.80000000000e+00
      1962  -2.70000000000e+00  -2.80000000000e+00
      1963  -2.60000000000e+00  -2.80000000000e+00
      1964  -2.50000000000e+00  -2.80000000000e+00
      1965  -2.40000000000e+00  -2.80000000000e+00
      1966  -2.30000000000e+00  -2.80000000000e+00
      1967  -2.20000000000e+00  -2.80000000000e+00
      1968  -2.10000000000e+00  -2.80000000000e+00
      1969  -2.00000000000e+00  -2.80000000000e+00
      1970  -1.90000000000e+00  -2.80000000000e+00
      1971  -1.80000000000e+00  -2.80000000000e+00
      1972  -1.70000000000e+00  -2.80000000000e+00
      1973  -1.60000000000e+00  -2.80000000000e+00
      1974  -1.50000000000e+00  -2.80000000000e+00
      1975  -1.40000000000e+00  -2.80000000000e+00
      1976  -1.30000000000e+00  -2.80000000000e+00
      1977  -1.20000000000e+00  -2.80000000000e+00
      1978  -1.10000000000e+00  -2.80000000000e+00
      1979  -1.00000000000e+00  -2.80000000000e+00
      1980  -9.00000000000e-01  -2.80000000000e+00
      1981  -8.00000000000e-01  -2.80000000000e+00
      1982  -7.00000000000e-01  -2.80000000000e+00
      1983  -6.00000000000e-01  -2.80000000000e+00
      1984  -5.00000000000e-01  -2.80000000000e+00
      1985  -4.00000000000e-01  -2.80000000000e+00
      1986  -3.00000000000e-01  -2.80000000000e+00
      1987  -2.00000000000e-01  -2.80000000000e+00
      1988  -1.00000000000e-01  -2.80000000000e+00
      1989   0.00000000000e+00  -2.80000000000e+00
      1990   1.00000000000e-01  -2.80000000000e+00
      1991   2.00000000000e-01  -2.80000000000e+00
      1992   3.00000000000e-01  -2.80000000000e+00
      1993   4.00000000000e-01  -2.80000000000e+00
      1994   5.00000000000e-01  -2.80000000000e+00
      1995   6.00000000000e-01  -2.80000000000e+00
      1996   7.00000000000e-01  -2.80000000000e+00
      1997   8.00000000000e-01  -2.80000000000e+00
      1998   9.00000000000e-01  -2.80000000000e+00
      1999   1.00000000000e+00  -2.80000000000e+00
      2000   1.10000000000e+00  -2.80000000000e+00
      2001   1.20000000000e+00  -2.80000000000e+00
      2002   1.30000000000e+00  -2.80000000000e+00
      2003   1.40000000000e+00  -2.80000000000e+00
      2004   1.50000000000e+00  -2.80000000000e+00
      2005   1.60000000000e+00  -2.80000000000e+00
      2006   1.70000000000e+00  -2.80000000000e+00
      2007   1.80000000000e+00  -2.80000000000e+00
      2008   1.90000000000e+00  -2.80000000000e+00
      2009   2.00000000000e+00  -2.80000000000e+00
      2010   2.10000000000e+00  -2.80000000000e+00
      2011   2.20000000000e+00  -2.80000000000e+00
      2012   2.30000000000e+00  -2.80000000000e+00
      2013   2.40000000000e+00  -2.80000000000e+00
      2014   2.50000000000e+00  -2.80000000000e+00
      2015   2.60000000000e+00  -2.80000000000e+00
      2016   2.70000000000e+00  -2.80000000000e+00
      2017   2.80000000000e+00  -2.80000000000e+00
      2018   2.90000000000e+00  -2.80000000000e+00
      2019   3.00000000000e+00  -2.80000000000e+00
      2020   3.10000000000e+00  -2.80000000000e+00
      2021   3.20000000000e+00  -2.80000000000e+00
      2022   3.30000000000e+00  -2.80000000000e+00
      2023   3.40000000000e+00  -2.80000000000e+00
      2024   3.50000000000e+00  -2.80000000000e+00
      2025   3.60000000000e+00  -2.80000000000e+00
      2026   3.70000000000e+00  -2.80000000000e+00
      2027   3.80000000000e+00  -2.80000000000e+00
      2028   3.90000000000e+00  -2.80000000000e+00
      2029   4.00000000000e+00  -2.80000000000e+00
      2030   4.10000000000e+00  -2.80000000000e+00
      2031   4.20000000000e+00  -2.80000000000e+00
      2032   4.30000000000e+00  -2.80000000000e+00
      2033   4.40000000000e+00  -2.80000000000e+00
      2034   4.50000000000e+00  -2.80000000000e+00
      2035   4.60000000000e+00  -2.80000000000e+00
      2036   4.70000000000e+00  -2.80000000000e+00
      2037   4.80000000000e+00  -2.80000000000e+00
      2038  -4.80000000000e+00  -2.70000000000e+00
      2039  -4.70000000000e+00  -2.70000000000e+00
      2040  -4.60000000000e+00  -2.70000000000e+00
      2041  -4.50000000000e+00  -2.70000000000e+00
      2042  -4.40000000000e+00  -2.70000000000e+00
      2043  -4.30000000000e+00  -2.70000000000e+00
      2044  -4.20000000000e+00  -2.70000000000e+00
      2045  -4.10000000000e+00  -2.70000000000e+00
      2046  -4.00000000000e+00  -2.70000000000e+00
      2047  -3.90000000000e+00  -2.70000000000e+00
      2048  -3.80000000000e+00  -2.70000000000e+00
      2049  -3.70000000000e+00  -2.70000000000e+00
      2050  -3.60000000000e+00  -2.70000000000e+00
      2051  -3.50000000000e+00  -2.70000000000e+00
      2052  -3.40000000000e+00  -2.70000000000e+00
      2053  -3.30000000000e+00  -2.70000000000e+00
      2054  -3.20000000000e+00  -2.70000000000e+00
      2055  -3.10000000000e+00  -2.70000000000e+00
      2056  -3.00000000000e+00  -2.70000000000e+00
      2057  -2.90000000000e+00  -2.70000000000e+00
      2058  -2.80000000000e+00  -2.70000000000e+00
      2059  -2.70000000000e+00  -2.70000000000e+00
      2060  -2.60000000000e+00  -2.70000000000e+00
      2061  -2.50000000000e+00  -2.70000000000e+00
      2062  -2.40000000000e+00  -2.70000000000e+00
      2063  -2.30000000000e+00  -2.70000000000e+00
      2064  -2.20000000000e+00  -2.70000000000e+00
      2065  -2.10000000000e+00  -2.70000000000e+00
      2066  -2.00000000000e+00  -2.70000000000e+00
      2067  -1.90000000000e+00  -2.70000000000e+00
      2068  -1.80000000000e+00  -2.70000000000e+00
      2069  -1.70000000000e+00  -2.70000000000e+00
      2070  -1.60000000000e+00  -2.70000000000e+00
      2071  -1.50000000000e+00  -2.70000000000e+00
      2072  -1.40000000000e+00  -2.70000000000e+00
      2073  -1.30000000000e+00  -2.70000000000e+00
      2074  -1.20000000000e+00  -2.70000000000e+00
      2075  -1.10000000000e+00  -2.70000000000e+00
      2076  -1.00000000000e+00  -2.70000000000e+00
      2077  -9.00000000000e-01  -2.70000000000e+00
      2078  -8.00000000000e-01  -2.70000000000e+00
      2079  -7.00000000000e-01  -2.70000000000e+00
      2080  -6.00000000000e-01  -2.70000000000e+00
      2081  -5.00000000000e-01  -2.70000000000e+00
      2082  -4.00000000000e-01  -2.70000000000e+00
      2083  -3.00000000000e-01  -2.70000000000e+00
      2084  -2.00000000000e-01  -2.70000000000e+00
      2085  -1.00000000000e-01  -2.70000000000e+00
      2086   0.00000000000e+00  -2.70000000000e+00
      2087   1.00000000000e-01  -2.70000000000e+00
      2088   2.00000000000e-01  -2.70000000000e+00
      2089   3.00000000000e-01  -2.70000000000e+00
      2090   4.00000000000e-01  -2.70000000000e+00
      2091   5.00000000000e-01  -2.70000000000e+00
      2092   6.00000000000e-01  -2.70000000000e+00
      2093   7.00000000000e-01  -2.70000000000e+00
      2094   8.00000000000e-01  -2.70000000000e+00
      2095   9.00000000000e-01  -2.70000000000e+00
      2096   1.00000000000e+00  -2.70000000000e+00
      2097   1.10000000000e+00  -2.70000000000e+00
      2098   1.20000000000e+00  -2.70000000000e+00
      2099   1.30000000000e+00  -2.70000000000e+00
      2100   1.40000000000e+00  -2.70000000000e+00
      2101   1.50000000000e+00  -2.70000000000e+00
      2102   1.60000000000e+00  -2.70000000000e+00
      2103   1.70000000000e+00  -2.70000000000e+00
      2104   1.80000000000e+00  -2.70000000000e+00
      2105   1.90000000000e+00  -2.70000000000e+00
      2106   2.00000000000e+00  -2.70000000000e+00
      2107   2.10000000000e+00  -2.70000000000e+00
      2108   2.20000000000e+00  -2.70000000000e+00
      2109   2.30000000000e+00  -2.70000000000e+00
      2110   2.40000000000e+00  -2.70000000000e+00
      2111   2.50000000000e+00  -2.70000000000e+00
      2112   2.60000000000e+00  -2.70000000000e+00
      2113   2.70000000000e+00  -2.70000000000e+00
      2114   2.80000000000e+00  -2.70000000000e+00
      2115   2.90000000000e+00  -2.70000000000e+00
      2116   3.00000000000e+00  -2.70000000000e+00
      2117   3.10000000000e+00  -2.70000000000e+00
      2118   3.20000000000e+00  -2.70000000000e+00
      2119   3.30000000000e+00  -2.70000000000e+00
      2120   3.40000000000e+00  -2.70000000000e+00
      2121   3.50000000000e+00  -2.70000000000e+00
      2122   3.60000000000e+00  -2.70000000000e+00
      2123   3.70000000000e+00  -2.70000000000e+00
      2124   3.80000000000e+00  -2.70000000000e+00
      2125   3.90000000000e+00  -2.70000000000e+00
      2126   4.00000000000e+00  -2.70000000000e+00
      2127   4.10000000000e+00  -2.70000000000e+00
      2128   4.20000000000e+00  -2.70000000000e+00
      2129   4.30000000000e+00  -2.70000000000e+00
      2130   4.40000000000e+00  -2.70000000000e+00
      2131   4.50000000000e+00  -2.70000000000e+00
      2132   4.60000000000e+00  -2.70000000000e+00
      2133   4.70000000000e+00  -2.70000000000e+00
      2134   4.80000000000e+00  -2.70000000000e+00
      2135  -4.80000000000e+00  -2.60000000000e+00
      2136  -4.70000000000e+00  -2.60000000000e+00
      2137  -4.60000000000e+00  -2.60000000000e+00
      2138  -4.50000000000e+00  -2.60000000000e+00
      2139  -4.40000000000e+00  -2.60000000000e+00
      2140  -4.30000000000e+00  -2.60000000000e+00
      2141  -4.20000000000e+00  -2.60000000000e+00
      2142  -4.10000000000e+00  -2.60000000000e+00
      2143  -4.00000000000e+00  -2.60000000000e+00
      2144  -3.90000000000e+00  -2.60000000000e+00
      2145  -3.80000000000e+00  -2.60000000000e+00
      2146  -3.70000000000e+00  -2.60000000000e+00
      2147  -3.60000000000e+00  -2.60000000000e+00
      2148  -3.50000000000e+00  -2.60000000000e+00
      2149  -3.40000000000e+00  -2.60000000000e+00
      2150  -3.30000000000e+00  -2.60000000000e+00
      2151  -3.20000000000e+00  -2.60000000000e+00
      2152  -3.10000000000e+00  -2.60000000000e+00
      2153  -3.00000000000e+00  -2.60000000000e+00
      2154  -2.90000000000e+00  -2.60000000000e+00
      2155  -2.80000000000e+00  -2.60000000000e+00
      2156  -2.70000000000e+00  -2.60000000000e+00
      2157  -2.60000000000e+00  -2.60000000000e+00
      2158  -2.50000000000e+00  -2.60000000000e+00
      2159  -2.40000000000e+00  -2.60000000000e+00
      2160  -2.30000000000e+00  -2.60000000000e+00
      2161  -2.20000000000e+00  -2.60000000000e+00
      2162  -2.10000000000e+00  -2.60000000000e+00
      2163  -2.00000000000e+00  -2.60000000000e+00
      2164  -1.90000000000e+00  -2.60000000000e+00
      2165  -1.80000000000e+00  -2.60000000000e+00
      2166  -1.70000000000e+00  -2.60000000000e+00
      2167  -1.60000000000e+00  -2.60000000000e+00
      2168  -1.50000000000e+00  -2.60000000000e+00
      2169  -1.40000000000e+00  -2.60000000000e+00
      2170  -1.30000000000e+00  -2.60000000000e+00
      2171  -1.20000000000e+00  -2.60000000000e+00
      2172  -1.10000000000e+00  -2.60000000000e+00
      2173  -1.00000000000e+00  -2.60000000000e+00
      2174  -9.00000000000e-01  -2.60000000000e+00
      2175  -8.00000000000e-01  -2.60000000000e+00
      2176  -7.00000000000e-01  -2.60000000000e+00
      2177  -6.00000000000e-01  -2.60000000000e+00
      2178  -5.00000000000e-01  -2.60000000000e+00
      2179  -4.00000000000e-01  -2.60000000000e+00
      2180  -3.00000000000e-01  -2.60000000000e+00
      2181  -2.00000000000e-01  -2.60000000000e+00
      2182  -1.00000000000e-01  -2.60000000000e+00
      2183   0.00000000000e+00  -2.60000000000e+00
      2184   1.00000000000e-01  -2.60000000000e+00
      2185   2.00000000000e-01  -2.60000000000e+00
      2186   3.00000000000e-01  -2.60000000000e+00
      2187   4.00000000000e-01  -2.60000000000e+00
      2188   5.00000000000e-01  -2.60000000000e+00
      2189   6.00000000000e-01  -2.60000000000e+00
      2190   7.00000000000e-01  -2.60000000000e+00
      2191   8.00000000000e-01  -2.60000000000e+00
      2192   9.00000000000e-01  -2.60000000000e+00
      2193   1.00000000000e+00  -2.60000000000e+00
      2194   1.10000000000e+00  -2.60000000000e+00
      2195   1.20000000000e+00  -2.60000000000e+00
      2196   1.30000000000e+00  -2.60000000000e+00
      2197   1.40000000000e+00  -2.60000000000e+00
      2198   1.50000000000e+00  -2.60000000000e+00
      2199   1.60000000000e+00  -2.60000000000e+00
      2200   1.70000000000e+00  -2.60000000000e+00
      2201   1.80000000000e+00  -2.60000000000e+00
      2202   1.90000000000e+00  -2.60000000000e+00
      2203   2.00000000000e+00  -2.60000000000e+00
      2204   2.10000000000e+00  -2.60000000000e+00
      2205   2.20000000000e+00  -2.60000000000e+00
      2206   2.30000000000e+00  -2.60000000000e+00
      2207   2.40000000000e+00  -2.60000000000e+00
      2208   2.50000000000e+00  -2.60000000000e+00
      2209   2.60000000000e+00  -2.60000000000e+00
      2210   2.70000000000e+00  -2.60000000000e+00
      2211   2.80000000000e+00  -2.60000000000e+00
      2212   2.90000000000e+00  -2.60000000000e+00
      2213   3.00000000000e+00  -2.60000000000e+00
      2214   3.10000000000e+00  -2.60000000000e+00
      2215   3.20000000000e+00  -2.60000000000e+00
      2216   3.30000000000e+00  -2.60000000000e+00
      2217   3.40000000000e+00  -2.60000000000e+00
      2218   3.50000000000e+00  -2.60000000000e+00
      2219   3.60000000000e+00  -2.60000000000e+00
      2220   3.70000000000e+00  -2.60000000000e+00
      2221   3.80000000000e+00  -2.60000000000e+00
      2222   3.90000000000e+00  -2.60000000000e+00
      2223   4.00000000000e+00  -2.60000000000e+00
      2224   4.10000000000e+00  -2.60000000000e+00
      2225   4.20000000000e+00  -2.60000000000e+00
      2226   4.30000000000e+00  -2.60000000000e+00
      2227   4.40000000000e+00  -2.60000000000e+00
      2228   4.50000000000e+00  -2.60000000000e+00
      2229   4.60000000000e+00  -2.60000000000e+00
      2230   4.70000000000e+00  -2.60000000000e+00
      2231   4.80000000000e+00  -2.60000000000e+00
      2232  -4.80000000000e+00  -2.50000000000e+00
      2233  -4.70000000000e+00  -2.50000000000e+00
      2234  -4.60000000000e+00  -2.50000000000e+00
      2235  -4.50000000000e+00  -2.50000000000e+00
      2236  -4.40000000000e+00  -2.50000000000e+00
      2237  -4.30000000000e+00  -2.50000000000e+00
      2238  -4.20000000000e+00  -2.50000000000e+00
      2239  -4.10000000000e+00  -2.50000000000e+00
      2240  -4.00000000000e+00  -2.50000000000e+00
      2241  -3.90000000000e+00  -2.50000000000e+00
      2242  -3.80000000000e+00  -2.50000000000e+00
      2243  -3.70000000000e+00  -2.50000000000e+00
      2244  -3.60000000000e+00  -2.50000000000e+00
      2245  -3.50000000000e+00  -2.50000000000e+00
      2246  -3.40000000000e+00  -2.50000000000e+00
      2247  -3.30000000000e+00  -2.50000000000e+00
      2248  -3.20000000000e+00  -2.50000000000e+00
      2249  -3.10000000000e+00  -2.50000000000e+00
      2250  -3.00000000000e+00  -2.50000000000e+00
      2251  -2.90000000000e+00  -2.50000000000e+00
      2252  -2.80000000000e+00  -2.50000000000e+00
      2253  -2.70000000000e+00  -2.50000000000e+00
      2254  -2.60000000000e+00  -2.50000000000e+00
      2255  -2.50000000000e+00  -2.50000000000e+00
      2256  -2.40000000000e+00  -2.50000000000e+00
      2257  -2.30000000000e+00  -2.50000000000e+00
      2258  -2.20000000000e+00  -2.50000000000e+00
      2259  -2.10000000000e+00  -2.50000000000e+00
      2260  -2.00000000000e+00  -2.50000000000e+00
      2261  -1.90000000000e+00  -2.50000000000e+00
      2262  -1.80000000000e+00  -2.50000000000e+00
      2263  -1.70000000000e+00  -2.50000000000e+00
      2264  -1.60000000000e+00  -2.50000000000e+00
      2265  -1.50000000000e+00  -2.50000000000e+00
      2266  -1.40000000000e+00  -2.50000000000e+00
      2267  -1.30000000000e+00  -2.50000000000e+00
      2268  -1.20000000000e+00  -2.50000000000e+00
      2269  -1.10000000000e+00  -2.50000000000e+00
      2270  -1.00000000000e+00  -2.50000000000e+00
      2271  -9.00000000000e-01  -2.50000000000e+00
      2272  -8.00000000000e-01  -2.50000000000e+00
      2273  -7.00000000000e-01  -2.50000000000e+00
      2274  -6.00000000000e-01  -2.50000000000e+00
      2275  -5.00000000000e-01  -2.50000000000e+00
      2276  -4.00000000000e-01  -2.50000000000e+00
      2277  -3.00000000000e-01  -2.50000000000e+00
      2278  -2.00000000000e-01  -2.50000000000e+00
      2279  -1.00000000000e-01  -2.50000000000e+00
      2280   0.00000000000e+00  -2.50000000000e+00
      2281   1.00000000000e-01  -2.50000000000e+00
      2282   2.00000000000e-01  -2.50000000000e+00
      2283   3.00000000000e-01  -2.50000000000e+00
      2284   4.00000000000e-01  -2.50000000000e+00
      2285   5.00000000000e-01  -2.50000000000e+00
      2286   6.00000000000e-01  -2.50000000000e+00
      2287   7.00000000000e-01  -2.50000000000e+00
      2288   8.00000000000e-01  -2.50000000000e+00
      2289   9.00000000000e-01  -2.50000000000e+00
      2290   1.00000000000e+00  -2.50000000000e+00
      2291   1.10000000000e+00  -2.50000000000e+00
      2292   1.20000000000e+00  -2.50000000000e+00
      2293   1.30000000000e+00  -2.50000000000e+00
      2294   1.40000000000e+00  -2.50000000000e+00
      2295   1.50000000000e+00  -2.50000000000e+00
      2296   1.60000000000e+00  -2.50000000000e+00
      2297   1.70000000000e+00  -2.50000000000e+00
      2298   1.80000000000e+00  -2.50000000000e+00
      2299   1.90000000000e+00  -2.50000000000e+00
      2300   2.00000000000e+00  -2.50000000000e+00
      2301   2.10000000000e+00  -2.50000000000e+00
      2302   2.20000000000e+00  -2.50000000000e+00
      2303   2.30000000000e+00  -2.50000000000e+00
      2304   2.40000000000e+00  -2.50000000000e+00
      2305   2.50000000000e+00  -2.50000000000e+00
      2306   2.60000000000e+00  -2.50000000000e+00
      2307   2.70000000000e+00  -2.50000000000e+00
      2308   2.80000000000e+00  -2.50000000000e+00
      2309   2.90000000000e+00  -2.50000000000e+00
      2310   3.00000000000e+00  -2.50000000000e+00
      2311   3.10000000000e+00  -2.50000000000e+00
      2312   3.20000000000e+00  -2.50000000000e+00
      2313   3.30000000000e+00  -2.50000000000e+00
      2314   3.40000000000e+00  -2.50000000000e+00
      2315   3.50000000000e+00  -2.50000000000e+00
      2316   3.60000000000e+00  -2.50000000000e+00
      2317   3.70000000000e+00  -2.50000000000e+00
      2318   3.80000000000e+00  -2.50000000000e+00
      2319   3.90000000000e+00  -2.50000000000e+00
      2320   4.00000000000e+00  -2.50000000000e+00
      2321   4.10000000000e+00  -2.50000000000e+00
      2322   4.20000000000e+00  -2.50000000000e+00
      2323   4.30000000000e+00  -2.50000000000e+00
      2324   4.40000000000e+00  -2.50000000000e+00
      2325   4.50000000000e+00  -2.50000000000e+00
      2326   4.60000000000e+00  -2.50000000000e+00
      2327   4.70000000000e+00  -2.50000000000e+00
      2328   4.80000000000e+00  -2.50000000000e+00
      2329  -4.80000000000e+00  -2.40000000000e+00
      2330  -4.70000000000e+00  -2.40000000000e+00
      2331  -4.60000000000e+00  -2.40000000000e+00
      2332  -4.50000000000e+00  -2.40000000000e+00
      2333  -4.40000000000e+00  -2.40000000000e+00
      2334  -4.30000000000e+00  -2.40000000000e+00
      2335  -4.20000000000e+00  -2.40000000000e+00
      2336  -4.10000000000e+00  -2.40000000000e+00
      2337  -4.00000000000e+00  -2.40000000000e+00
      2338  -3.90000000000e+00  -2.40000000000e+00
      2339  -3.80000000000e+00  -2.40000000000e+00
      2340  -3.70000000000e+00  -2.40000000000e+00
      2341  -3.60000000000e+00  -2.40000000000e+00
      2342  -3.50000000000e+00  -2.40000000000e+00
      2343  -3.40000000000e+00  -2.40000000000e+00
      2344  -3.30000000000e+00  -2.40000000000e+00
      2345  -3.20000000000e+00  -2.40000000000e+00
      2346  -3.10000000000e+00  -2.40000000000e+00
      2347  -3.00000000000e+00  -2.40000000000e+00
      2348  -2.90000000000e+00  -2.40000000000e+00
      2349  -2.80000000000e+00  -2.40000000000e+00
      2350  -2.70000000000e+00  -2.40000000000e+00
      2351  -2.60000000000e+00  -2.40000000000e+00
      2352  -2.50000000000e+00  -2.40000000000e+00
      2353  -2.40000000000e+00  -2.40000000000e+00
      2354  -2.30000000000e+00  -2.40000000000e+00
      2355  -2.20000000000e+00  -2.40000000000e+00
      2356  -2.10000000000e+00  -2.40000000000e+00
      2357  -2.00000000000e+00  -2.40000000000e+00
      2358  -1.90000000000e+00  -2.40000000000e+00
      2359  -1.80000000000e+00  -2.40000000000e+00
      2360  -1.70000000000e+00  -2.40000000000e+00
      2361  -1.60000000000e+00  -2.40000000000e+00
      2362  -1.50000000000e+00  -2.40000000000e+00
      2363  -1.40000000000e+00  -2.40000000000e+00
      2364  -1.30000000000e+00  -2.40000000000e+00
      2365  -1.20000000000e+00  -2.40000000000e+00
      2366  -1.10000000000e+00  -2.40000000000e+00
      2367  -1.00000000000e+00  -2.40000000000e+00
      2368  -9.00000000000e-01  -2.40000000000e+00
      2369  -8.00000000000e-01  -2.40000000000e+00
      2370  -7.00000000000e-01  -2.40000000000e+00
      2371  -6.00000000000e-01  -2.40000000000e+00
      2372  -5.00000000000e-01  -2.40000000000e+00
      2373  -4.00000000000e-01  -2.40000000000e+00
      2374  -3.00000000000e-01  -2.40000000000e+00
      2375  -2.00000000000e-01  -2.40000000000e+00
      2376  -1.00000000000e-01  -2.40000000000e+00
      2377   0.00000000000e+00  -2.40000000000e+00
      2378   1.00000000000e-01  -2.40000000000e+00
      2379   2.00000000000e-01  -2.40000000000e+00
      2380   3.00000000000e-01  -2.40000000000e+00
      2381   4.00000000000e-01  -2.40000000000e+00
      2382   5.00000000000e-01  -2.40000000000e+00
      2383   6.00000000000e-01  -2.40000000000e+00
      2384   7.00000000000e-01  -2.40000000000e+00
      2385   8.00000000000e-01  -2.40000000000e+00
      2386   9.00000000000e-01  -2.40000000000e+00
      2387   1.00000000000e+00  -2.40000000000e+00
      2388   1.10000000000e+00  -2.40000000000e+00
      2389   1.20000000000e+00  -2.40000000000e+00
      2390   1.30000000000e+00  -2.40000000000e+00
      2391   1.40000000000e+00  -2.40000000000e+00
      2392   1.50000000000e+00  -2.40000000000e+00
      2393   1.60000000000e+00  -2.40000000000e+00
      2394   1.70000000000e+00  -2.40000000000e+00
      2395   1.80000000000e+00  -2.40000000000e+00
      2396   1.90000000000e+00  -2.40000000000e+00
      2397   2.00000000000e+00  -2.40000000000e+00
      2398   2.10000000000e+00  -2.40000000000e+00
      2399   2.20000000000e+00  -2.40000000000e+00
      2400   2.30000000000e+00  -2.40000000000e+00
      2401   2.40000000000e+00  -2.40000000000e+00
      2402   2.50000000000e+00  -2.40000000000e+00
      2403   2.60000000000e+00  -2.40000000000e+00
      2404   2.70000000000e+00  -2.40000000000e+00
      2405   2.80000000000e+00  -2.40000000000e+00
      2406   2.90000000000e+00  -2.40000000000e+00
      2407   3.00000000000e+00  -2.40000000000e+00
      2408   3.10000000000e+00  -2.40000000000e+00
      2409   3.20000000000e+00  -2.40000000000e+00
      2410   3.30000000000e+00  -2.40000000000e+00
      2411   3.40000000000e+00  -2.40000000000e+00
      2412   3.50000000000e+00  -2.40000000000e+00
      2413   3.60000000000e+00  -2.40000000000e+00
      2414   3.70000000000e+00  -2.40000000000e+00
      2415   3.80000000000e+00  -2.40000000000e+00
      2416   3.90000000000e+00  -2.40000000000e+00
      2417   4.00000000000e+00  -2.40000000000e+00
      2418   4.10000000000e+00  -2.40000000000e+00
      2419   4.20000000000e+00  -2.40000000000e+00
      2420   4.30000000000e+00  -2.40000000000e+00
      2421   4.40000000000e+00  -2.40000000000e+00
      2422   4.50000000000e+00  -2.40000000000e+00
      2423   4.60000000000e+00  -2.40000000000e+00
      2424   4.70000000000e+00  -2.40000000000e+00
      2425   4.80000000000e+00  -2.40000000000e+00
      2426  -4.80000000000e+00  -2.30000000000e+00
      2427  -4.70000000000e+00  -2.30000000000e+00
      2428  -4.60000000000e+00  -2.30000000000e+00
      2429  -4.50000000000e+00  -2.30000000000e+00
      2430  -4.40000000000e+00  -2.30000000000e+00
      2431  -4.30000000000e+00  -2.30000000000e+00
      2432  -4.20000000000e+00  -2.30000000000e+00
      2433  -4.10000000000e+00  -2.30000000000e+00
      2434  -4.00000000000e+00  -2.30000000000e+00
      2435  -3.90000000000e+00  -2.30000000000e+00
      2436  -3.80000000000e+00  -2.30000000000e+00
      2437  -3.70000000000e+00  -2.30000000000e+00
      2438  -3.60000000000e+00  -2.30000000000e+00
      2439  -3.50000000000e+00  -2.30000000000e+00
      2440  -3.40000000000e+00  -2.30000000000e+00
      2441  -3.30000000000e+00  -2.30000000000e+00
      2442  -3.20000000000e+00  -2.30000000000e+00
      2443  -3.10000000000e+00  -2.30000000000e+00
      2444  -3.00000000000e+00  -2.30000000000e+00
      2445  -2.90000000000e+00  -2.30000000000e+00
      2446  -2.80000000000e+00  -2.30000000000e+00
      2447  -2.70000000000e+00  -2.30000000000e+00
      2448  -2.60000000000e+00  -2.30000000000e+00
      2449  -2.50000000000e+00  -2.30000000000e+00
      2450  -2.40000000000e+00  -2.30000000000e+00
      2451  -2.30000000000e+00  -2.30000000000e+00
      2452  -2.20000000000e+00  -2.30000000000e+00
      2453  -2.10000000000e+00  -2.30000000000e+00
      2454  -2.00000000000e+00  -2.30000000000e+00
      2455  -1.90000000000e+00  -2.30000000000e+00
      2456  -1.80000000000e+00  -2.30000000000e+00
      2457  -1.70000000000e+00  -2.30000000000e+00
      2458  -1.60000000000e+00  -2.30000000000e+00
      2459  -1.50000000000e+00  -2.30000000000e+00
      2460  -1.40000000000e+00  -2.30000000000e+00
      2461  -1.30000000000e+00  -2.30000000000e+00
      2462  -1.20000000000e+00  -2.30000000000e+00
      2463  -1.10000000000e+00  -2.30000000000e+00
      2464  -1.00000000000e+00  -2.30000000000e+00
      2465  -9.00000000000e-01  -2.30000000000e+00
      2466  -8.00000000000e-01  -2.30000000000e+00
      2467  -7.00000000000e-01  -2.30000000000e+00
      2468  -6.00000000000e-01  -2.30000000000e+00
      2469  -5.00000000000e-01  -2.30000000000e+00
      2470  -4.00000000000e-01  -2.30000000000e+00
      2471  -3.00000000000e-01  -2.30000000000e+00
      2472  -2.00000000000e-01  -2.30000000000e+00
      2473  -1.00000000000e-01  -2.30000000000e+00
      2474   0.00000000000e+00  -2.30000000000e+00
      2475   1.00000000000e-01  -2.30000000000e+00
      2476   2.00000000000e-01  -2.30000000000e+00
      2477   3.00000000000e-01  -2.30000000000e+00
      2478   4.00000000000e-01  -2.30000000000e+00
      2479   5.00000000000e-01  -2.30000000000e+00
      2480   6.00000000000e-01  -2.30000000000e+00
      2481   7.00000000000e-01  -2.30000000000e+00
      2482   8.00000000000e-01  -2.30000000000e+00
      2483   9.00000000000e-01  -2.30000000000e+00
      2484   1.00000000000e+00  -2.30000000000e+00
      2485   1.10000000000e+00  -2.30000000000e+00
      2486   1.20000000000e+00  -2.30000000000e+00
      2487   1.30000000000e+00  -2.30000000000e+00
      2488   1.40000000000e+00  -2.30000000000e+00
      2489   1.50000000000e+00  -2.30000000000e+00
      2490   1.60000000000e+00  -2.30000000000e+00
      2491   1.70000000000e+00  -2.30000000000e+00
      2492   1.80000000000e+00  -2.30000000000e+00
      2493   1.90000000000e+00  -2.30000000000e+00
      2494   2.00000000000e+00  -2.30000000000e+00
      2495   2.10000000000e+00  -2.30000000000e+00
      2496   2.20000000000e+00  -2.30000000000e+00
      2497   2.30000000000e+00  -2.30000000000e+00
      2498   2.40000000000e+00  -2.30000000000e+00
      2499   2.50000000000e+00  -2.30000000000e+00
      2500   2.60000000000e+00  -2.30000000000e+00
      2501   2.70000000000e+00  -2.30000000000e+00
      2502   2.80000000000e+00  -2.30000000000e+00
      2503   2.90000000000e+00  -2.30000000000e+00
      2504   3.00000000000e+00  -2.30000000000e+00
      2505   3.10000000000e+00  -2.30000000000e+00
      2506   3.20000000000e+00  -2.30000000000e+00
      2507   3.30000000000e+00  -2.30000000000e+00
      2508   3.40000000000e+00  -2.30000000000e+00
      2509   3.50000000000e+00  -2.30000000000e+00
      2510   3.60000000000e+00  -2.30000000000e+00
      2511   3.70000000000e+00  -2.30000000000e+00
      2512   3.80000000000e+00  -2.30000000000e+00
      2513   3.90000000000e+00  -2.30000000000e+00
      2514   4.00000000000e+00  -2.30000000000e+00
      2515   4.10000000000e+00  -2.30000000000e+00
      2516   4.20000000000e+00  -2.30000000000e+00
      2517   4.30000000000e+00  -2.30000000000e+00
      2518   4.40000000000e+00  -2.30000000000e+00
      2519   4.50000000000e+00  -2.30000000000e+00
      2520   4.60000000000e+00  -2.30000000000e+00
      2521   4.70000000000e+00  -2.30000000000e+00
      2522   4.80000000000e+00  -2.30000000000e+00
      2523  -4.80000000000e+00  -2.20000000000e+00
      2524  -4.70000000000e+00  -2.20000000000e+00
      2525  -4.60000000000e+00  -2.20000000000e+00
      2526  -4.50000000000e+00  -2.20000000000e+00
      2527  -4.40000000000e+00  -2.20000000000e+00
      2528  -4.30000000000e+00  -2.20000000000e+00
      2529  -4.20000000000e+00  -2.20000000000e+00
      2530  -4.10000000000e+00  -2.20000000000e+00
      2531  -4.00000000000e+00  -2.20000000000e+00
      2532  -3.90000000000e+00  -2.20000000000e+00
      2533  -3.80000000000e+00  -2.20000000000e+00
      2534  -3.70000000000e+00  -2.20000000000e+00
      2535  -3.60000000000e+00  -2.20000000000e+00
      2536  -3.50000000000e+00  -2.20000000000e+00
      2537  -3.40000000000e+00  -2.20000000000e+00
      2538  -3.30000000000e+00  -2.20000000000e+00
      2539  -3.20000000000e+00  -2.20000000000e+00
      2540  -3.10000000000e+00  -2.20000000000e+00
      2541  -3.00000000000e+00  -2.20000000000e+00
      2542  -2.90000000000e+00  -2.20000000000e+00
      2543  -2.80000000000e+00  -2.20000000000e+00
      2544  -2.70000000000e+00  -2.20000000000e+00
      2545  -2.60000000000e+00  -2.20000000000e+00
      2546  -2.50000000000e+00  -2.20000000000e+00
      2547  -2.40000000000e+00  -2.20000000000e+00
      2548  -2.30000000000e+00  -2.20000000000e+00
      2549  -2.20000000000e+00  -2.20000000000e+00
      2550  -2.10000000000e+00  -2.20000000000e+00
      2551  -2.00000000000e+00  -2.20000000000e+00
      2552  -1.90000000000e+00  -2.20000000000e+00
      2553  -1.80000000000e+00  -2.20000000000e+00
      2554  -1.70000000000e+00  -2.20000000000e+00
      2555  -1.60000000000e+00  -2.20000000000e+00
      2556  -1.50000000000e+00  -2.20000000000e+00
      2557  -1.40000000000e+00  -2.20000000000e+00
      2558  -1.30000000000e+00  -2.20000000000e+00
      2559  -1.20000000000e+00  -2.20000000000e+00
      2560  -1.10000000000e+00  -2.20000000000e+00
      2561  -1.00000000000e+00  -2.20000000000e+00
      2562  -9.00000000000e-01  -2.20000000000e+00
      2563  -8.00000000000e-01  -2.20000000000e+00
      2564  -7.00000000000e-01  -2.20000000000e+00
      2565  -6.00000000000e-01  -2.20000000000e+00
      2566  -5.00000000000e-01  -2.20000000000e+00
      2567  -4.00000000000e-01  -2.20000000000e+00
      2568  -3.00000000000e-01  -2.20000000000e+00
      2569  -2.00000000000e-01  -2.20000000000e+00
      2570  -1.00000000000e-01  -2.20000000000e+00
      2571   0.00000000000e+00  -2.20000000000e+00
      2572   1.00000000000e-01  -2.20000000000e+00
      2573   2.00000000000e-01  -2.20000000000e+00
      2574   3.00000000000e-01  -2.20000000000e+00
      2575   4.00000000000e-01  -2.20000000000e+00
      2576   5.00000000000e-01  -2.20000000000e+00
      2577   6.00000000000e-01  -2.20000000000e+00
      2578   7.00000000000e-01  -2.20000000000e+00
      2579   8.00000000000e-01  -2.20000000000e+00
      2580   9.00000000000e-01  -2.20000000000e+00
      2581   1.00000000000e+00  -2.20000000000e+00
      2582   1.10000000000e+00  -2.20000000000e+00
      2583   1.20000000000e+00  -2.20000000000e+00
      2584   1.30000000000e+00  -2.20000000000e+00
      2585   1.40000000000e+00  -2.20000000000e+00
      2586   1.50000000000e+00  -2.20000000000e+00
      2587   1.60000000000e+00  -2.20000000000e+00
      2588   1.70000000000e+00  -2.20000000000e+00
      2589   1.80000000000e+00  -2.20000000000e+00
      2590   1.90000000000e+00  -2.20000000000e+00
      2591   2.00000000000e+00  -2.20000000000e+00
      2592   2.10000000000e+00  -2.20000000000e+00
      2593   2.20000000000e+00  -2.20000000000e+00
      2594   2.30000000000e+00  -2.20000000000e+00
      2595   2.40000000000e+00  -2.20000000000e+00
      2596   2.50000000000e+00  -2.20000000000e+00
      2597   2.60000000000e+00  -2.20000000000e+00
      2598   2.70000000000e+00  -2.20000000000e+00
      2599   2.80000000000e+00  -2.20000000000e+00
      2600   2.90000000000e+00  -2.20000000000e+00
      2601   3.00000000000e+00  -2.20000000000e+00
      2602   3.10000000000e+00  -2.20000000000e+00
      2603   3.20000000000e+00  -2.20000000000e+00
      2604   3.30000000000e+00  -2.20000000000e+00
      2605   3.40000000000e+00  -2.20000000000e+00
      2606   3.50000000000e+00  -2.20000000000e+00
      2607   3.60000000000e+00  -2.20000000000e+00
      2608   3.70000000000e+00  -2.20000000000e+00
      2609   3.80000000000e+00  -2.20000000000e+00
      2610   3.90000000000e+00  -2.20000000000e+00
      2611   4.00000000000e+00  -2.20000000000e+00
      2612   4.10000000000e+00  -2.20000000000e+00
      2613   4.20000000000e+00  -2.20000000000e+00
      2614   4.30000000000e+00  -2.20000000000e+00
      2615   4.40000000000e+00  -2.20000000000e+00
      2616   4.50000000000e+00  -2.20000000000e+00
      2617   4.60000000000e+00  -2.20000000000e+00
      2618   4.70000000000e+00  -2.20000000000e+00
      2619   4.80000000000e+00  -2.20000000000e+00
      2620  -4.80000000000e+00  -2.10000000000e+00
      2621  -4.70000000000e+00  -2.10000000000e+00
      2622  -4.60000000000e+00  -2.10000000000e+00
      2623  -4.50000000000e+00  -2.10000000000e+00
      2624  -4.40000000000e+00  -2.10000000000e+00
      2625  -4.30000000000e+00  -2.10000000000e+00
      2626  -4.20000000000e+00  -2.10000000000e+00
      2627  -4.10000000000e+00  -2.10000000000e+00
      2628  -4.00000000000e+00  -2.10000000000e+00
      2629  -3.90000000000e+00  -2.10000000000e+00
      2630  -3.80000000000e+00  -2.10000000000e+00
      2631  -3.70000000000e+00  -2.10000000000e+00
      2632  -3.60000000000e+00  -2.10000000000e+00
      2633  -3.50000000000e+00  -2.10000000000e+00
      2634  -3.40000000000e+00  -2.10000000000e+00
      2635  -3.30000000000e+00  -2.10000000000e+00
      2636  -3.20000000000e+00  -2.10000000000e+00
      2637  -3.10000000000e+00  -2.10000000000e+00
      2638  -3.00000000000e+00  -2.10000000000e+00
      2639  -2.90000000000e+00  -2.10000000000e+00
      2640  -2.80000000000e+00  -2.10000000000e+00
      2641  -2.70000000000e+00  -2.10000000000e+00
      2642  -2.60000000000e+00  -2.10000000000e+00
      2643  -2.50000000000e+00  -2.10000000000e+00
      2644  -2.40000000000e+00  -2.10000000000e+00
      2645  -2.30000000000e+00  -2.10000000000e+00
      2646  -2.20000000000e+00  -2.10000000000e+00
      2647  -2.10000000000e+00  -2.10000000000e+00
      2648  -2.00000000000e+00  -2.10000000000e+00
      2649  -1.90000000000e+00  -2.10000000000e+00
      2650  -1.80000000000e+00  -2.10000000000e+00
      2651  -1.70000000000e+00  -2.10000000000e+00
      2652  -1.60000000000e+00  -2.10000000000e+00
      2653  -1.50000000000e+00  -2.10000000000e+00
      2654  -1.40000000000e+00  -2.10000000000e+00
      2655  -1.30000000000e+00  -2.10000000000e+00
      2656  -1.20000000000e+00  -2.10000000000e+00
      2657  -1.10000000000e+00  -2.10000000000e+00
      2658  -1.00000000000e+00  -2.10000000000e+00
      2659  -9.00000000000e-01  -2.10000000000e+00
      2660  -8.00000000000e-01  -2.10000000000e+00
      2661  -7.00000000000e-01  -2.10000000000e+00
      2662  -6.00000000000e-01  -2.10000000000e+00
      2663  -5.00000000000e-01  -2.10000000000e+00
      2664  -4.00000000000e-01  -2.10000000000e+00
      2665  -3.00000000000e-01  -2.10000000000e+00
      2666  -2.00000000000e-01  -2.10000000000e+00
      2667  -1.00000000000e-01  -2.10000000000e+00
      2668   0.00000000000e+00  -2.10000000000e+00
      2669   1.00000000000e-01  -2.10000000000e+00
      2670   2.00000000000e-01  -2.10000000000e+00
      2671   3.00000000000e-01  -2.10000000000e+00
      2672   4.00000000000e-01  -2.10000000000e+00
      2673   5.00000000000e-01  -2.10000000000e+00
      2674   6.00000000000e-01  -2.10000000000e+00
      2675   7.00000000000e-01  -2.10000000000e+00
      2676   8.00000000000e-01  -2.10000000000e+00
      2677   9.00000000000e-01  -2.10000000000e+00
      2678   1.00000000000e+00  -2.10000000000e+00
      2679   1.10000000000e+00  -2.10000000000e+00
      2680   1.20000000000e+00  -2.10000000000e+00
      2681   1.30000000000e+00  -2.10000000000e+00
      2682   1.40000000000e+00  -2.10000000000e+00
      2683   1.50000000000e+00  -2.10000000000e+00
      2684   1.60000000000e+00  -2.10000000000e+00
      2685   1.70000000000e+00  -2.10000000000e+00
      2686   1.80000000000e+00  -2.10000000000e+00
      2687   1.90000000000e+00  -2.10000000000e+00
      2688   2.00000000000e+00  -2.10000000000e+00
      2689   2.10000000000e+00  -2.10000000000e+00
      2690   2.20000000000e+00  -2.10000000000e+00
      2691   2.30000000000e+00  -2.10000000000e+00
      2692   2.40000000000e+00  -2.10000000000e+00
      2693   2.50000000000e+00  -2.10000000000e+00
      2694   2.60000000000e+00  -2.10000000000e+00
      2695   2.70000000000e+00  -2.10000000000e+00
      2696   2.80000000000e+00  -2.10000000000e+00
      2697   2.90000000000e+00  -2.10000000000e+00
      2698   3.00000000000e+00  -2.10000000000e+00
      2699   3.10000000000e+00  -2.10000000000e+00
      2700   3.20000000000e+00  -2.10000000000e+00
      2701   3.30000000000e+00  -2.10000000000e+00
      2702   3.40000000000e+00  -2.10000000000e+00
      2703   3.50000000000e+00  -2.10000000000e+00
      2704   3.60000000000e+00  -2.10000000000e+00
      2705   3.70000000000e+00  -2.10000000000e+00
      2706   3.80000000000e+00  -2.10000000000e+00
      2707   3.90000000000e+00  -2.10000000000e+00
      2708   4.00000000000e+00  -2.10000000000e+00
      2709   4.10000000000e+00  -2.10000000000e+00
      2710   4.20000000000e+00  -2.10000000000e+00
      2711   4.30000000000e+00  -2.10000000000e+00
      2712   4.40000000000e+00  -2.10000000000e+00
      2713   4.50000000000e+00  -2.10000000000e+00
      2714   4.60000000000e+00  -2.10000000000e+00
      2715   4.70000000000e+00  -2.10000000000e+00
      2716   4.80000000000e+00  -2.10000000000e+00
      2717  -4.80000000000e+00  -2.00000000000e+00
      2718  -4.70000000000e+00  -2.00000000000e+00
      2719  -4.60000000000e+00  -2.00000000000e+00
      2720  -4.50000000000e+00  -2.00000000000e+00
      2721  -4.40000000000e+00  -2.00000000000e+00
      2722  -4.30000000000e+00  -2.00000000000e+00
      2723  -4.20000000000e+00  -2.00000000000e+00
      2724  -4.10000000000e+00  -2.00000000000e+00
      2725  -4.00000000000e+00  -2.00000000000e+00
      2726  -3.90000000000e+00  -2.00000000000e+00
      2727  -3.80000000000e+00  -2.00000000000e+00
      2728  -3.70000000000e+00  -2.00000000000e+00
      2729  -3.60000000000e+00  -2.00000000000e+00
      2730  -3.50000000000e+00  -2.00000000000e+00
      2731  -3.40000000000e+00  -2.00000000000e+00
      2732  -3.30000000000e+00  -2.00000000000e+00
      2733  -3.20000000000e+00  -2.00000000000e+00
      2734  -3.10000000000e+00  -2.00000000000e+00
      2735  -3.00000000000e+00  -2.00000000000e+00
      2736  -2.90000000000e+00  -2.00000000000e+00
      2737  -2.80000000000e+00  -2.00000000000e+00
      2738  -2.70000000000e+00  -2.00000000000e+00
      2739  -2.60000000000e+00  -2.00000000000e+00
      2740  -2.50000000000e+00  -2.00000000000e+00
      2741  -2.40000000000e+00  -2.00000000000e+00
      2742  -2.30000000000e+00  -2.00000000000e+00
      2743  -2.20000000000e+00  -2.00000000000e+00
      2744  -2.10000000000e+00  -2.00000000000e+00
      2745  -2.00000000000e+00  -2.00000000000e+00
      2746  -1.90000000000e+00  -2.00000000000e+00
      2747  -1.80000000000e+00  -2.00000000000e+00
      2748  -1.70000000000e+00  -2.00000000000e+00
      2749  -1.60000000000e+00  -2.00000000000e+00
      2750  -1.50000000000e+00  -2.00000000000e+00
      2751  -1.40000000000e+00  -2.00000000000e+00
      2752  -1.30000000000e+00  -2.00000000000e+00
      2753  -1.20000000000e+00  -2.00000000000e+00
      2754  -1.10000000000e+00  -2.00000000000e+00
      2755  -1.00000000000e+00  -2.00000000000e+00
      2756  -9.00000000000e-01  -2.00000000000e+00
      2757  -8.00000000000e-01  -2.00000000000e+00
      2758  -7.00000000000e-01  -2.00000000000e+00
      2759  -6.00000000000e-01  -2.00000000000e+00
      2760  -5.00000000000e-01  -2.00000000000e+00
      2761  -4.00000000000e-01  -2.00000000000e+00
      2762  -3.00000000000e-01  -2.00000000000e+00
      2763  -2.00000000000e-01  -2.00000000000e+00
      2764  -1.00000000000e-01  -2.00000000000e+00
      2765   0.00000000000e+00  -2.00000000000e+00
      2766   1.00000000000e-01  -2.00000000000e+00
      2767   2.00000000000e-01  -2.00000000000e+00
      2768   3.00000000000e-01  -2.00000000000e+00
      2769   4.00000000000e-01  -2.00000000000e+00
      2770   5.00000000000e-01  -2.00000000000e+00
      2771   6.00000000000e-01  -2.00000000000e+00
      2772   7.00000000000e-01  -2.00000000000e+00
      2773   8.00000000000e-01  -2.00000000000e+00
      2774   9.00000000000e-01  -2.00000000000e+00
      2775   1.00000000000e+00  -2.00000000000e+00
      2776   1.10000000000e+00  -2.00000000000e+00
      2777   1.20000000000e+00  -2.00000000000e+00
      2778   1.30000000000e+00  -2.00000000000e+00
      2779   1.40000000000e+00  -2.00000000000e+00
      2780   1.50000000000e+00  -2.00000000000e+00
      2781   1.60000000000e+00  -2.00000000000e+00
      2782   1.70000000000e+00  -2.00000000000e+00
      2783   1.80000000000e+00  -2.00000000000e+00
      2784   1.90000000000e+00  -2.00000000000e+00
      2785   2.00000000000e+00  -2.00000000000e+00
      2786   2.10000000000e+00  -2.00000000000e+00
      2787   2.20000000000e+00  -2.00000000000e+00
      2788   2.30000000000e+00  -2.00000000000e+00
      2789   2.40000000000e+00  -2.00000000000e+00
      2790   2.50000000000e+00  -2.00000000000e+00
      2791   2.60000000000e+00  -2.00000000000e+00
      2792   2.70000000000e+00  -2.00000000000e+00
      2793   2.80000000000e+00  -2.00000000000e+00
      2794   2.90000000000e+00  -2.00000000000e+00
      2795   3.00000000000e+00  -2.00000000000e+00
      2796   3.10000000000e+00  -2.00000000000e+00
      2797   3.20000000000e+00  -2.00000000000e+00
      2798   3.30000000000e+00  -2.00000000000e+00
      2799   3.40000000000e+00  -2.00000000000e+00
      2800   3.50000000000e+00  -2.00000000000e+00
      2801   3.60000000000e+00  -2.00000000000e+00
      2802   3.70000000000e+00  -2.00000000000e+00
      2803   3.80000000000e+00  -2.00000000000e+00
      2804   3.90000000000e+00  -2.00000000000e+00
      2805   4.00000000000e+00  -2.00000000000e+00
      2806   4.10000000000e+00  -2.00000000000e+00
      2807   4.20000000000e+00  -2.00000000000e+00
      2808   4.30000000000e+00  -2.00000000000e+00
      2809   4.40000000000e+00  -2.00000000000e+00
      2810   4.50000000000e+00  -2.00000000000e+00
      2811   4.60000000000e+00  -2.00000000000e+00
      2812   4.70000000000e+00  -2.00000000000e+00
      2813   4.80000000000e+00  -2.00000000000e+00
      2814  -4.80000000000e+00  -1.90000000000e+00
      2815  -4.70000000000e+00  -1.90000000000e+00
      2816  -4.60000000000e+00  -1.90000000000e+00
      2817  -4.50000000000e+00  -1.90000000000e+00
      2818  -4.40000000000e+00  -1.90000000000e+00
      2819  -4.30000000000e+00  -1.90000000000e+00
      2820  -4.20000000000e+00  -1.90000000000e+00
      2821  -4.10000000000e+00  -1.90000000000e+00
      2822  -4.00000000000e+00  -1.90000000000e+00
      2823  -3.90000000000e+00  -1.90000000000e+00
      2824  -3.80000000000e+00  -1.90000000000e+00
      2825  -3.70000000000e+00  -1.90000000000e+00
      2826  -3.60000000000e+00  -1.90000000000e+00
      2827  -3.50000000000e+00  -1.90000000000e+00
      2828  -3.40000000000e+00  -1.90000000000e+00
      2829  -3.30000000000e+00  -1.90000000000e+00
      2830  -3.20000000000e+00  -1.90000000000e+00
      2831  -3.10000000000e+00  -1.90000000000e+00
      2832  -3.00000000000e+00  -1.90000000000e+00
      2833  -2.90000000000e+00  -1.90000000000e+00
      2834  -2.80000000000e+00  -1.90000000000e+00
      2835  -2.70000000000e+00  -1.90000000000e+00
      2836  -2.60000000000e+00  -1.90000000000e+00
      2837  -2.50000000000e+00  -1.90000000000e+00
      2838  -2.40000000000e+00  -1.90000000000e+00
      2839  -2.30000000000e+00  -1.90000000000e+00
      2840  -2.20000000000e+00  -1.90000000000e+00
      2841  -2.10000000000e+00  -1.90000000000e+00
      2842  -2.00000000000e+00  -1.90000000000e+00
      2843  -1.90000000000e+00  -1.90000000000e+00
      2844  -1.80000000000e+00  -1.90000000000e+00
      2845  -1.70000000000e+00  -1.90000000000e+00
      2846  -1.60000000000e+00  -1.90000000000e+00
      2847  -1.50000000000e+00  -1.90000000000e+00
      2848  -1.40000000000e+00  -1.90000000000e+00
      2849  -1.30000000000e+00  -1.90000000000e+00
      2850  -1.20000000000e+00  -1.90000000000e+00
      2851  -1.10000000000e+00  -1.90000000000e+00
      2852  -1.00000000000e+00  -1.90000000000e+00
      2853  -9.00000000000e-01  -1.90000000000e+00
      2854  -8.00000000000e-01  -1.90000000000e+00
      2855  -7.00000000000e-01  -1.90000000000e+00
      2856  -6.00000000000e-01  -1.90000000000e+00
      2857  -5.00000000000e-01  -1.90000000000e+00
      2858  -4.00000000000e-01  -1.90000000000e+00
      2859  -3.00000000000e-01  -1.90000000000e+00
      2860  -2.00000000000e-01  -1.90000000000e+00
      2861  -1.00000000000e-01  -1.90000000000e+00
      2862   0.00000000000e+00  -1.90000000000e+00
      2863   1.00000000000e-01  -1.90000000000e+00
      2864   2.00000000000e-01  -1.90000000000e+00
      2865   3.00000000000e-01  -1.90000000000e+00
      2866   4.00000000000e-01  -1.90000000000e+00
      2867   5.00000000000e-01  -1.90000000000e+00
      2868   6.00000000000e-01  -1.90000000000e+00
      2869   7.00000000000e-01  -1.90000000000e+00
      2870   8.00000000000e-01  -1.90000000000e+00
      2871   9.00000000000e-01  -1.90000000000e+00
      2872   1.00000000000e+00  -1.90000000000e+00
      2873   1.10000000000e+00  -1.90000000000e+00
      2874   1.20000000000e+00  -1.90000000000e+00
      2875   1.30000000000e+00  -1.90000000000e+00
      2876   1.40000000000e+00  -1.90000000000e+00
      2877   1.50000000000e+00  -1.90000000000e+00
      2878   1.60000000000e+00  -1.90000000000e+00
      2879   1.70000000000e+00  -1.90000000000e+00
      2880   1.80000000000e+00  -1.90000000000e+00
      2881   1.90000000000e+00  -1.90000000000e+00
      2882   2.00000000000e+00  -1.90000000000e+00
      2883   2.10000000000e+00  -1.90000000000e+00
      2884   2.20000000000e+00  -1.90000000000e+00
      2885   2.30000000000e+00  -1.90000000000e+00
      2886   2.40000000000e+00  -1.90000000000e+00
      2887   2.50000000000e+00  -1.90000000000e+00
      2888   2.60000000000e+00  -1.90000000000e+00
      2889   2.70000000000e+00  -1.90000000000e+00
      2890   2.80000000000e+00  -1.90000000000e+00
      2891   2.90000000000e+00  -1.90000000000e+00
      2892   3.00000000000e+00  -1.90000000000e+00
      2893   3.10000000000e+00  -1.90000000000e+00
      2894   3.20000000000e+00  -1.90000000000e+00
      2895   3.30000000000e+00  -1.90000000000e+00
      2896   3.40000000000e+00  -1.90000000000e+00
      2897   3.50000000000e+00  -1.90000000000e+00
      2898   3.60000000000e+00  -1.90000000000e+00
      2899   3.70000000000e+00  -1.90000000000e+00
      2900   3.80000000000e+00  -1.90000000000e+00
      2901   3.90000000000e+00  -1.90000000000e+00
      2902   4.00000000000e+00  -1.90000000000e+00
      2903   4.10000000000e+00  -1.90000000000e+00
      2904   4.20000000000e+00  -1.90000000000e+00
      2905   4.30000000000e+00  -1.90000000000e+00
      2906   4.40000000000e+00  -1.90000000000e+00
      2907   4.50000000000e+00  -1.90000000000e+00
      2908   4.60000000000e+00  -1.90000000000e+00
      2909   4.70000000000e+00  -1.90000000000e+00
      2910   4.80000000000e+00  -1.90000000000e+00
      2911  -4.80000000000e+00  -1.80000000000e+00
      2912  -4.70000000000e+00  -1.80000000000e+00
      2913  -4.60000000000e+00  -1.80000000000e+00
      2914  -4.50000000000e+00  -1.80000000000e+00
      2915  -4.40000000000e+00  -1.80000000000e+00
      2916  -4.30000000000e+00  -1.80000000000e+00
      2917  -4.20000000000e+00  -1.80000000000e+00
      2918  -4.10000000000e+00  -1.80000000000e+00
      2919  -4.00000000000e+00  -1.80000000000e+00
      2920  -3.90000000000e+00  -1.80000000000e+00
      2921  -3.80000000000e+00  -1.80000000000e+00
      2922  -3.70000000000e+00  -1.80000000000e+00
      2923  -3.60000000000e+00  -1.80000000000e+00
      2924  -3.50000000000e+00  -1.80000000000e+00
      2925  -3.40000000000e+00  -1.80000000000e+00
      2926  -3.30000000000e+00  -1.80000000000e+00
      2927  -3.20000000000e+00  -1.80000000000e+00
      2928  -3.10000000000e+00  -1.80000000000e+00
      2929  -3.00000000000e+00  -1.80000000000e+00
      2930  -2.90000000000e+00  -1.80000000000e+00
      2931  -2.80000000000e+00  -1.80000000000e+00
      2932  -2.70000000000e+00  -1.80000000000e+00
      2933  -2.60000000000e+00  -1.80000000000e+00
      2934  -2.50000000000e+00  -1.80000000000e+00
      2935  -2.40000000000e+00  -1.80000000000e+00
      2936  -2.30000000000e+00  -1.80000000000e+00
      2937  -2.20000000000e+00  -1.80000000000e+00
      2938  -2.10000000000e+00  -1.80000000000e+00
      2939  -2.00000000000e+00  -1.80000000000e+00
      2940  -1.90000000000e+00  -1.80000000000e+00
      2941  -1.80000000000e+00  -1.80000000000e+00
      2942  -1.70000000000e+00  -1.80000000000e+00
      2943  -1.60000000000e+00  -1.80000000000e+00
      2944  -1.50000000000e+00  -1.80000000000e+00
      2945  -1.40000000000e+00  -1.80000000000e+00
      2946  -1.30000000000e+00  -1.80000000000e+00
      2947  -1.20000000000e+00  -1.80000000000e+00
      2948  -1.10000000000e+00  -1.80000000000e+00
      2949  -1.00000000000e+00  -1.80000000000e+00
      2950  -9.00000000000e-01  -1.80000000000e+00
      2951  -8.00000000000e-01  -1.80000000000e+00
      2952  -7.00000000000e-01  -1.80000000000e+00
      2953  -6.00000000000e-01  -1.80000000000e+00
      2954  -5.00000000000e-01  -1.80000000000e+00
      2955  -4.00000000000e-01  -1.80000000000e+00
      2956  -3.00000000000e-01  -1.80000000000e+00
      2957  -2.00000000000e-01  -1.80000000000e+00
      2958  -1.00000000000e-01  -1.80000000000e+00
      2959   0.00000000000e+00  -1.80000000000e+00
      2960   1.00000000000e-01  -1.80000000000e+00
      2961   2.00000000000e-01  -1.80000000000e+00
      2962   3.00000000000e-01  -1.80000000000e+00
      2963   4.00000000000e-01  -1.80000000000e+00
      2964   5.00000000000e-01  -1.80000000000e+00
      2965   6.00000000000e-01  -1.80000000000e+00
      2966   7.00000000000e-01  -1.80000000000e+00
      2967   8.00000000000e-01  -1.80000000000e+00
      2968   9.00000000000e-01  -1.80000000000e+00
      2969   1.00000000000e+00  -1.80000000000e+00
      2970   1.10000000000e+00  -1.80000000000e+00
      2971   1.20000000000e+00  -1.80000000000e+00
      2972   1.30000000000e+00  -1.80000000000e+00
      2973   1.40000000000e+00  -1.80000000000e+00
      2974   1.50000000000e+00  -1.80000000000e+00
      2975   1.60000000000e+00  -1.80000000000e+00
      2976   1.70000000000e+00  -1.80000000000e+00
      2977   1.80000000000e+00  -1.80000000000e+00
      2978   1.90000000000e+00  -1.80000000000e+00
      2979   2.00000000000e+00  -1.80000000000e+00
      2980   2.10000000000e+00  -1.80000000000e+00
      2981   2.20000000000e+00  -1.80000000000e+00
      2982   2.30000000000e+00  -1.80000000000e+00
      2983   2.40000000000e+00  -1.80000000000e+00
      2984   2.50000000000e+00  -1.80000000000e+00
      2985   2.60000000000e+00  -1.80000000000e+00
      2986   2.70000000000e+00  -1.80000000000e+00
      2987   2.80000000000e+00  -1.80000000000e+00
      2988   2.90000000000e+00  -1.80000000000e+00
      2989   3.00000000000e+00  -1.80000000000e+00
      2990   3.10000000000e+00  -1.80000000000e+00
      2991   3.20000000000e+00  -1.80000000000e+00
      2992   3.30000000000e+00  -1.80000000000e+00
      2993   3.40000000000e+00  -1.80000000000e+00
      2994   3.50000000000e+00  -1.80000000000e+00
      2995   3.60000000000e+00  -1.80000000000e+00
      2996   3.70000000000e+00  -1.80000000000e+00
      2997   3.80000000000e+00  -1.80000000000e+00
      2998   3.90000000000e+00  -1.80000000000e+00
      2999   4.00000000000e+00  -1.80000000000e+00
      3000   4.10000000000e+00  -1.80000000000e+00
      3001   4.20000000000e+00  -1.80000000000e+00
      3002   4.30000000000e+00  -1.80000000000e+00
      3003   4.40000000000e+00  -1.80000000000e+00
      3004   4.50000000000e+00  -1.80000000000e+00
      3005   4.60000000000e+00  -1.80000000000e+00
      3006   4.70000000000e+00  -1.80000000000e+00
      3007   4.80000000000e+00  -1.80000000000e+00
      3008  -4.80000000000e+00  -1.70000000000e+00
      3009  -4.70000000000e+00  -1.70000000000e+00
      3010  -4.60000000000e+00  -1.70000000000e+00
      3011  -4.50000000000e+00  -1.70000000000e+00
      3012  -4.40000000000e+00  -1.70000000000e+00
      3013  -4.30000000000e+00  -1.70000000000e+00
      3014  -4.20000000000e+00  -1.70000000000e+00
      3015  -4.10000000000e+00  -1.70000000000e+00
      3016  -4.00000000000e+00  -1.70000000000e+00
      3017  -3.90000000000e+00  -1.70000000000e+00
      3018  -3.80000000000e+00  -1.70000000000e+00
      3019  -3.70000000000e+00  -1.70000000000e+00
      3020  -3.60000000000e+00  -1.70000000000e+00
      3021  -3.50000000000e+00  -1.70000000000e+00
      3022  -3.40000000000e+00  -1.70000000000e+00
      3023  -3.30000000000e+00  -1.70000000000e+00
      3024  -3.20000000000e+00  -1.70000000000e+00
      3025  -3.10000000000e+00  -1.70000000000e+00
      3026  -3.00000000000e+00  -1.70000000000e+00
      3027  -2.90000000000e+00  -1.70000000000e+00
      3028  -2.80000000000e+00  -1.70000000000e+00
      3029  -2.70000000000e+00  -1.70000000000e+00
      3030  -2.60000000000e+00  -1.70000000000e+00
      3031  -2.50000000000e+00  -1.70000000000e+00
      3032  -2.40000000000e+00  -1.70000000000e+00
      3033  -2.30000000000e+00  -1.70000000000e+00
      3034  -2.20000000000e+00  -1.70000000000e+00
      3035  -2.10000000000e+00  -1.70000000000e+00
      3036  -2.00000000000e+00  -1.70000000000e+00
      3037  -1.90000000000e+00  -1.70000000000e+00
      3038  -1.80000000000e+00  -1.70000000000e+00
      3039  -1.70000000000e+00  -1.70000000000e+00
      3040  -1.60000000000e+00  -1.70000000000e+00
      3041  -1.50000000000e+00  -1.70000000000e+00
      3042  -1.40000000000e+00  -1.70000000000e+00
      3043  -1.30000000000e+00  -1.70000000000e+00
      3044  -1.20000000000e+00  -1.70000000000e+00
      3045  -1.10000000000e+00  -1.70000000000e+00
      3046  -1.00000000000e+00  -1.70000000000e+00
      3047  -9.00000000000e-01  -1.70000000000e+00
      3048  -8.00000000000e-01  -1.70000000000e+00
      3049  -7.00000000000e-01  -1.70000000000e+00
      3050  -6.00000000000e-01  -1.70000000000e+00
      3051  -5.00000000000e-01  -1.70000000000e+00
      3052  -4.00000000000e-01  -1.70000000000e+00
      3053  -3.00000000000e-01  -1.70000000000e+00
      3054  -2.00000000000e-01  -1.70000000000e+00
      3055  -1.00000000000e-01  -1.70000000000e+00
      3056   0.00000000000e+00  -1.70000000000e+00
      3057   1.00000000000e-01  -1.70000000000e+00
      3058   2.00000000000e-01  -1.70000000000e+00
      3059   3.00000000000e-01  -1.70000000000e+00
      3060   4.00000000000e-01  -1.70000000000e+00
      3061   5.00000000000e-01  -1.70000000000e+00
      3062   6.00000000000e-01  -1.70000000000e+00
      3063   7.00000000000e-01  -1.70000000000e+00
      3064   8.00000000000e-01  -1.70000000000e+00
      3065   9.00000000000e-01  -1.70000000000e+00
      3066   1.00000000000e+00  -1.70000000000e+00
      3067   1.10000000000e+00  -1.70000000000e+00
      3068   1.20000000000e+00  -1.70000000000e+00
      3069   1.30000000000e+00  -1.70000000000e+00
      3070   1.40000000000e+00  -1.70000000000e+00
      3071   1.50000000000e+00  -1.70000000000e+00
      3072   1.60000000000e+00  -1.70000000000e+00
      3073   1.70000000000e+00  -1.70000000000e+00
      3074   1.80000000000e+00  -1.70000000000e+00
      3075   1.90000000000e+00  -1.70000000000e+00
      3076   2.00000000000e+00  -1.70000000000e+00
      3077   2.10000000000e+00  -1.70000000000e+00
      3078   2.20000000000e+00  -1.70000000000e+00
      3079   2.30000000000e+00  -1.70000000000e+00
      3080   2.40000000000e+00  -1.70000000000e+00
      3081   2.50000000000e+00  -1.70000000000e+00
      3082   2.60000000000e+00  -1.70000000000e+00
      3083   2.70000000000e+00  -1.70000000000e+00
      3084   2.80000000000e+00  -1.70000000000e+00
      3085   2.90000000000e+00  -1.70000000000e+00
      3086   3.00000000000e+00  -1.70000000000e+00
      3087   3.10000000000e+00  -1.70000000000e+00
      3088   3.20000000000e+00  -1.70000000000e+00
      3089   3.30000000000e+00  -1.70000000000e+00
      3090   3.40000000000e+00  -1.70000000000e+00
      3091   3.50000000000e+00  -1.70000000000e+00
      3092   3.60000000000e+00  -1.70000000000e+00
      3093   3.70000000000e+00  -1.70000000000e+00
      3094   3.80000000000e+00  -1.70000000000e+00
      3095   3.90000000000e+00  -1.70000000000e+00
      3096   4.00000000000e+00  -1.70000000000e+00
      3097   4.10000000000e+00  -1.70000000000e+00
      3098   4.20000000000e+00  -1.70000000000e+00
      3099   4.30000000000e+00  -1.70000000000e+00
      3100   4.40000000000e+00  -1.70000000000e+00
      3101   4.50000000000e+00  -1.70000000000e+00
      3102   4.60000000000e+00  -1.70000000000e+00
      3103   4.70000000000e+00  -1.70000000000e+00
      3104   4.80000000000e+00  -1.70000000000e+00
      3105  -4.80000000000e+00  -1.60000000000e+00
      3106  -4.70000000000e+00  -1.60000000000e+00
      3107  -4.60000000000e+00  -1.60000000000e+00
      3108  -4.50000000000e+00  -1.60000000000e+00
      3109  -4.40000000000e+00  -1.60000000000e+00
      3110  -4.30000000000e+00  -1.60000000000e+00
      3111  -4.20000000000e+00  -1.60000000000e+00
      3112  -4.10000000000e+00  -1.60000000000e+00
      3113  -4.00000000000e+00  -1.60000000000e+00
      3114  -3.90000000000e+00  -1.60000000000e+00
      3115  -3.80000000000e+00  -1.60000000000e+00
      3116  -3.70000000000e+00  -1.60000000000e+00
      3117  -3.60000000000e+00  -1.60000000000e+00
      3118  -3.50000000000e+00  -1.60000000000e+00
      3119  -3.40000000000e+00  -1.60000000000e+00
      3120  -3.30000000000e+00  -1.60000000000e+00
      3121  -3.20000000000e+00  -1.60000000000e+00
      3122  -3.10000000000e+00  -1.60000000000e+00
      3123  -3.00000000000e+00  -1.60000000000e+00
      3124  -2.90000000000e+00  -1.60000000000e+00
      3125  -2.80000000000e+00  -1.60000000000e+00
      3126  -2.70000000000e+00  -1.60000000000e+00
      3127  -2.60000000000e+00  -1.60000000000e+00
      3128  -2.50000000000e+00  -1.60000000000e+00
      3129  -2.40000000000e+00  -1.60000000000e+00
      3130  -2.30000000000e+00  -1.60000000000e+00
      3131  -2.20000000000e+00  -1.60000000000e+00
      3132  -2.10000000000e+00  -1.60000000000e+00
      3133  -2.00000000000e+00  -1.60000000000e+00
      3134  -1.90000000000e+00  -1.60000000000e+00
      3135  -1.80000000000e+00  -1.60000000000e+00
      3136  -1.70000000000e+00  -1.60000000000e+00
      3137  -1.60000000000e+00  -1.60000000000e+00
      3138  -1.50000000000e+00  -1.60000000000e+00
      3139  -1.40000000000e+00  -1.60000000000e+00
      3140  -1.30000000000e+00  -1.60000000000e+00
      3141  -1.20000000000e+00  -1.60000000000e+00
      3142  -1.10000000000e+00  -1.60000000000e+00
      3143  -1.00000000000e+00  -1.60000000000e+00
      3144  -9.00000000000e-01  -1.60000000000e+00
      3145  -8.00000000000e-01  -1.60000000000e+00
      3146  -7.00000000000e-01  -1.60000000000e+00
      3147  -6.00000000000e-01  -1.60000000000e+00
      3148  -5.00000000000e-01  -1.60000000000e+00
      3149  -4.00000000000e-01  -1.60000000000e+00
      3150  -3.00000000000e-01  -1.60000000000e+00
      3151  -2.00000000000e-01  -1.60000000000e+00
      3152  -1.00000000000e-01  -1.60000000000e+00
      3153   0.00000000000e+00  -1.60000000000e+00
      3154   1.00000000000e-01  -1.60000000000e+00
      3155   2.00000000000e-01  -1.60000000000e+00
      3156   3.00000000000e-01  -1.60000000000e+00
      3157   4.00000000000e-01  -1.60000000000e+00
      3158   5.00000000000e-01  -1.60000000000e+00
      3159   6.00000000000e-01  -1.60000000000e+00
      3160   7.00000000000e-01  -1.60000000000e+00
      3161   8.00000000000e-01  -1.60000000000e+00
      3162   9.00000000000e-01  -1.60000000000e+00
      3163   1.00000000000e+00  -1.60000000000e+00
      3164   1.10000000000e+00  -1.60000000000e+00
      3165   1.20000000000e+00  -1.60000000000e+00
      3166   1.30000000000e+00  -1.60000000000e+00
      3167   1.40000000000e+00  -1.60000000000e+00
      3168   1.50000000000e+00  -1.60000000000e+00
      3169   1.60000000000e+00  -1.60000000000e+00
      3170   1.70000000000e+00  -1.60000000000e+00
      3171   1.80000000000e+00  -1.60000000000e+00
      3172   1.90000000000e+00  -1.60000000000e+00
      3173   2.00000000000e+00  -1.60000000000e+00
      3174   2.10000000000e+00  -1.60000000000e+00
      3175   2.20000000000e+00  -1.60000000000e+00
      3176   2.30000000000e+00  -1.60000000000e+00
      3177   2.40000000000e+00  -1.60000000000e+00
      3178   2.50000000000e+00  -1.60000000000e+00
      3179   2.60000000000e+00  -1.60000000000e+00
      3180   2.70000000000e+00  -1.60000000000e+00
      3181   2.80000000000e+00  -1.60000000000e+00
      3182   2.90000000000e+00  -1.60000000000e+00
      3183   3.00000000000e+00  -1.60000000000e+00
      3184   3.10000000000e+00  -1.60000000000e+00
      3185   3.20000000000e+00  -1.60000000000e+00
      3186   3.30000000000e+00  -1.60000000000e+00
      3187   3.40000000000e+00  -1.60000000000e+00
      3188   3.50000000000e+00  -1.60000000000e+00
      3189   3.60000000000e+00  -1.60000000000e+00
      3190   3.70000000000e+00  -1.60000000000e+00
      3191   3.80000000000e+00  -1.60000000000e+00
      3192   3.90000000000e+00  -1.60000000000e+00
      3193   4.00000000000e+00  -1.60000000000e+00
      3194   4.10000000000e+00  -1.60000000000e+00
      3195   4.20000000000e+00  -1.60000000000e+00
      3196   4.30000000000e+00  -1.60000000000e+00
      3197   4.40000000000e+00  -1.60000000000e+00
      3198   4.50000000000e+00  -1.60000000000e+00
      3199   4.60000000000e+00  -1.60000000000e+00
      3200   4.70000000000e+00  -1.60000000000e+00
      3201   4.80000000000e+00  -1.60000000000e+00
      3202  -4.80000000000e+00  -1.50000000000e+00
      3203  -4.70000000000e+00  -1.50000000000e+00
      3204  -4.60000000000e+00  -1.50000000000e+00
      3205  -4.50000000000e+00  -1.50000000000e+00
      3206  -4.40000000000e+00  -1.50000000000e+00
      3207  -4.30000000000e+00  -1.50000000000e+00
      3208  -4.20000000000e+00  -1.50000000000e+00
      3209  -4.10000000000e+00  -1.50000000000e+00
      3210  -4.00000000000e+00  -1.50000000000e+00
      3211  -3.90000000000e+00  -1.50000000000e+00
      3212  -3.80000000000e+00  -1.50000000000e+00
      3213  -3.70000000000e+00  -1.50000000000e+00
      3214  -3.60000000000e+00  -1.50000000000e+00
      3215  -3.50000000000e+00  -1.50000000000e+00
      3216  -3.40000000000e+00  -1.50000000000e+00
      3217  -3.30000000000e+00  -1.50000000000e+00
      3218  -3.20000000000e+00  -1.50000000000e+00
      3219  -3.10000000000e+00  -1.50000000000e+00
      3220  -3.00000000000e+00  -1.50000000000e+00
      3221  -2.90000000000e+00  -1.50000000000e+00
      3222  -2.80000000000e+00  -1.50000000000e+00
      3223  -2.70000000000e+00  -1.50000000000e+00
      3224  -2.60000000000e+00  -1.50000000000e+00
      3225  -2.50000000000e+00  -1.50000000000e+00
      3226  -2.40000000000e+00  -1.50000000000e+00
      3227  -2.30000000000e+00  -1.50000000000e+00
      3228  -2.20000000000e+00  -1.50000000000e+00
      3229  -2.10000000000e+00  -1.50000000000e+00
      3230  -2.00000000000e+00  -1.50000000000e+00
      3231  -1.90000000000e+00  -1.50000000000e+00
      3232  -1.80000000000e+00  -1.50000000000e+00
      3233  -1.70000000000e+00  -1.50000000000e+00
      3234  -1.60000000000e+00  -1.50000000000e+00
      3235  -1.50000000000e+00  -1.50000000000e+00
      3236  -1.40000000000e+00  -1.50000000000e+00
      3237  -1.30000000000e+00  -1.50000000000e+00
      3238  -1.20000000000e+00  -1.50000000000e+00
      3239  -1.10000000000e+00  -1.50000000000e+00
      3240  -1.00000000000e+00  -1.50000000000e+00
      3241  -9.00000000000e-01  -1.50000000000e+00
      3242  -8.00000000000e-01  -1.50000000000e+00
      3243  -7.00000000000e-01  -1.50000000000e+00
      3244  -6.00000000000e-01  -1.50000000000e+00
      3245  -5.00000000000e-01  -1.50000000000e+00
      3246  -4.00000000000e-01  -1.50000000000e+00
      3247  -3.00000000000e-01  -1.50000000000e+00
      3248  -2.00000000000e-01  -1.50000000000e+00
      3249  -1.00000000000e-01  -1.50000000000e+00
      3250   0.00000000000e+00  -1.50000000000e+00
      3251   1.00000000000e-01  -1.50000000000e+00
      3252   2.00000000000e-01  -1.50000000000e+00
      3253   3.00000000000e-01  -1.50000000000e+00
      3254   4.00000000000e-01  -1.50000000000e+00
      3255   5.00000000000e-01  -1.50000000000e+00
      3256   6.00000000000e-01  -1.50000000000e+00
      3257   7.00000000000e-01  -1.50000000000e+00
      3258   8.00000000000e-01  -1.50000000000e+00
      3259   9.00000000000e-01  -1.50000000000e+00
      3260   1.00000000000e+00  -1.50000000000e+00
      3261   1.10000000000e+00  -1.50000000000e+00
      3262   1.20000000000e+00  -1.50000000000e+00
      3263   1.30000000000e+00  -1.50000000000e+00
      3264   1.40000000000e+00  -1.50000000000e+00
      3265   1.50000000000e+00  -1.50000000000e+00
      3266   1.60000000000e+00  -1.50000000000e+00
      3267   1.70000000000e+00  -1.50000000000e+00
      3268   1.80000000000e+00  -1.50000000000e+00
      3269   1.90000000000e+00  -1.50000000000e+00
      3270   2.00000000000e+00  -1.50000000000e+00
      3271   2.10000000000e+00  -1.50000000000e+00
      3272   2.20000000000e+00  -1.50000000000e+00
      3273   2.30000000000e+00  -1.50000000000e+00
      3274   2.40000000000e+00  -1.50000000000e+00
      3275   2.50000000000e+00  -1.50000000000e+00
      3276   2.60000000000e+00  -1.50000000000e+00
      3277   2.70000000000e+00  -1.50000000000e+00
      3278   2.80000000000e+00  -1.50000000000e+00
      3279   2.90000000000e+00  -1.50000000000e+00
      3280   3.00000000000e+00  -1.50000000000e+00
      3281   3.10000000000e+00  -1.50000000000e+00
      3282   3.20000000000e+00  -1.50000000000e+00
      3283   3.30000000000e+00  -1.50000000000e+00
      3284   3.40000000000e+00  -1.50000000000e+00
      3285   3.50000000000e+00  -1.50000000000e+00
      3286   3.60000000000e+00  -1.50000000000e+00
      3287   3.70000000000e+00  -1.50000000000e+00
      3288   3.80000000000e+00  -1.50000000000e+00
      3289   3.90000000000e+00  -1.50000000000e+00
      3290   4.00000000000e+00  -1.50000000000e+00
      3291   4.10000000000e+00  -1.50000000000e+00
      3292   4.20000000000e+00  -1.50000000000e+00
      3293   4.30000000000e+00  -1.50000000000e+00
      3294   4.40000000000e+00  -1.50000000000e+00
      3295   4.50000000000e+00  -1.50000000000e+00
      3296   4.60000000000e+00  -1.50000000000e+00
      3297   4.70000000000e+00  -1.50000000000e+00
      3298   4.80000000000e+00  -1.50000000000e+00
      3299  -4.80000000000e+00  -1.40000000000e+00
      3300  -4.70000000000e+00  -1.40000000000e+00
      3301  -4.60000000000e+00  -1.40000000000e+00
      3302  -4.50000000000e+00  -1.40000000000e+00
      3303  -4.40000000000e+00  -1.40000000000e+00
      3304  -4.30000000000e+00  -1.40000000000e+00
      3305  -4.20000000000e+00  -1.40000000000e+00
      3306  -4.10000000000e+00  -1.40000000000e+00
      3307  -4.00000000000e+00  -1.40000000000e+00
      3308  -3.90000000000e+00  -1.40000000000e+00
      3309  -3.80000000000e+00  -1.40000000000e+00
      3310  -3.70000000000e+00  -1.40000000000e+00
      3311  -3.60000000000e+00  -1.40000000000e+00
      3312  -3.50000000000e+00  -1.40000000000e+00
      3313  -3.40000000000e+00  -1.40000000000e+00
      3314  -3.30000000000e+00  -1.40000000000e+00
      3315  -3.20000000000e+00  -1.40000000000e+00
      3316  -3.10000000000e+00  -1.40000000000e+00
      3317  -3.00000000000e+00  -1.40000000000e+00
      3318  -2.90000000000e+00  -1.40000000000e+00
      3319  -2.80000000000e+00  -1.40000000000e+00
      3320  -2.70000000000e+00  -1.40000000000e+00
      3321  -2.60000000000e+00  -1.40000000000e+00
      3322  -2.50000000000e+00  -1.40000000000e+00
      3323  -2.40000000000e+00  -1.40000000000e+00
      3324  -2.30000000000e+00  -1.40000000000e+00
      3325  -2.20000000000e+00  -1.40000000000e+00
      3326  -2.10000000000e+00  -1.40000000000e+00
      3327  -2.00000000000e+00  -1.40000000000e+00
      3328  -1.90000000000e+00  -1.40000000000e+00
      3329  -1.80000000000e+00  -1.40000000000e+00
      3330  -1.70000000000e+00  -1.40000000000e+00
      3331  -1.60000000000e+00  -1.40000000000e+00
      3332  -1.50000000000e+00  -1.40000000000e+00
      3333  -1.40000000000e+00  -1.40000000000e+00
      3334  -1.30000000000e+00  -1.40000000000e+00
      3335  -1.20000000000e+00  -1.40000000000e+00
      3336  -1.10000000000e+00  -1.40000000000e+00
      3337  -1.00000000000e+00  -1.40000000000e+00
      3338  -9.00000000000e-01  -1.40000000000e+00
      3339  -8.00000000000e-01  -1.40000000000e+00
      3340  -7.00000000000e-01  -1.40000000000e+00
      3341  -6.00000000000e-01  -1.40000000000e+00
      3342  -5.00000000000e-01  -1.40000000000e+00
      3343  -4.00000000000e-01  -1.40000000000e+00
      3344  -3.00000000000e-01  -1.40000000000e+00
      3345  -2.00000000000e-01  -1.40000000000e+00
      3346  -1.00000000000e-01  -1.40000000000e+00
      3347   0.00000000000e+00  -1.40000000000e+00
      3348   1.00000000000e-01  -1.40000000000e+00
      3349   2.00000000000e-01  -1.40000000000e+00
      3350   3.00000000000e-01  -1.40000000000e+00
      3351   4.00000000000e-01  -1.40000000000e+00
      3352   5.00000000000e-01  -1.40000000000e+00
      3353   6.00000000000e-01  -1.40000000000e+00
      3354   7.00000000000e-01  -1.40000000000e+00
      3355   8.00000000000e-01  -1.40000000000e+00
      3356   9.00000000000e-01  -1.40000000000e+00
      3357   1.00000000000e+00  -1.40000000000e+00
      3358   1.10000000000e+00  -1.40000000000e+00
      3359   1.20000000000e+00  -1.40000000000e+00
      3360   1.30000000000e+00  -1.40000000000e+00
      3361   1.40000000000e+00  -1.40000000000e+00
      3362   1.50000000000e+00  -1.40000000000e+00
      3363   1.60000000000e+00  -1.40000000000e+00
      3364   1.70000000000e+00  -1.40000000000e+00
      3365   1.80000000000e+00  -1.40000000000e+00
      3366   1.90000000000e+00  -1.40000000000e+00
      3367   2.00000000000e+00  -1.40000000000e+00
      3368   2.10000000000e+00  -1.40000000000e+00
      3369   2.20000000000e+00  -1.40000000000e+00
      3370   2.30000000000e+00  -1.40000000000e+00
      3371   2.40000000000e+00  -1.40000000000e+00
      3372   2.50000000000e+00  -1.40000000000e+00
      3373   2.60000000000e+00  -1.40000000000e+00
      3374   2.70000000000e+00  -1.40000000000e+00
      3375   2.80000000000e+00  -1.40000000000e+00
      3376   2.90000000000e+00  -1.40000000000e+00
      3377   3.00000000000e+00  -1.40000000000e+00
      3378   3.10000000000e+00  -1.40000000000e+00
      3379   3.20000000000e+00  -1.40000000000e+00
      3380   3.30000000000e+00  -1.40000000000e+00
      3381   3.40000000000e+00  -1.40000000000e+00
      3382   3.50000000000e+00  -1.40000000000e+00
      3383   3.60000000000e+00  -1.40000000000e+00
      3384   3.70000000000e+00  -1.40000000000e+00
      3385   3.80000000000e+00  -1.40000000000e+00
      3386   3.90000000000e+00  -1.40000000000e+00
      3387   4.00000000000e+00  -1.40000000000e+00
      3388   4.10000000000e+00  -1.40000000000e+00
      3389   4.20000000000e+00  -1.40000000000e+00
      3390   4.30000000000e+00  -1.40000000000e+00
      3391   4.40000000000e+00  -1.40000000000e+00
      3392   4.50000000000e+00  -1.40000000000e+00
      3393   4.60000000000e+00  -1.40000000000e+00
      3394   4.70000000000e+00  -1.40000000000e+00
      3395   4.80000000000e+00  -1.40000000000e+00
      3396  -4.80000000000e+00  -1.30000000000e+00
      3397  -4.70000000000e+00  -1.30000000000e+00
      3398  -4.60000000000e+00  -1.30000000000e+00
      3399  -4.50000000000e+00  -1.30000000000e+00
      3400  -4.40000000000e+00  -1.30000000000e+00
      3401  -4.30000000000e+00  -1.30000000000e+00
      3402  -4.20000000000e+00  -1.30000000000e+00
      3403  -4.10000000000e+00  -1.30000000000e+00
      3404  -4.00000000000e+00  -1.30000000000e+00
      3405  -3.90000000000e+00  -1.30000000000e+00
      3406  -3.80000000000e+00  -1.30000000000e+00
      3407  -3.70000000000e+00  -1.30000000000e+00
      3408  -3.60000000000e+00  -1.30000000000e+00
      3409  -3.50000000000e+00  -1.30000000000e+00
      3410  -3.40000000000e+00  -1.30000000000e+00
      3411  -3.30000000000e+00  -1.30000000000e+00
      3412  -3.20000000000e+00  -1.30000000000e+00
      3413  -3.10000000000e+00  -1.30000000000e+00
      3414  -3.00000000000e+00  -1.30000000000e+00
      3415  -2.90000000000e+00  -1.30000000000e+00
      3416  -2.80000000000e+00  -1.30000000000e+00
      3417  -2.70000000000e+00  -1.30000000000e+00
      3418  -2.60000000000e+00  -1.30000000000e+00
      3419  -2.50000000000e+00  -1.30000000000e+00
      3420  -2.40000000000e+00  -1.30000000000e+00
      3421  -2.30000000000e+00  -1.30000000000e+00
      3422  -2.20000000000e+00  -1.30000000000e+00
      3423  -2.10000000000e+00  -1.30000000000e+00
      3424  -2.00000000000e+00  -1.30000000000e+00
      3425  -1.90000000000e+00  -1.30000000000e+00
      3426  -1.80000000000e+00  -1.30000000000e+00
      3427  -1.70000000000e+00  -1.30000000000e+00
      3428  -1.60000000000e+00  -1.30000000000e+00
      3429  -1.50000000000e+00  -1.30000000000e+00
      3430  -1.40000000000e+00  -1.30000000000e+00
      3431  -1.30000000000e+00  -1.30000000000e+00
      3432  -1.20000000000e+00  -1.30000000000e+00
      3433  -1.10000000000e+00  -1.30000000000e+00
      3434  -1.00000000000e+00  -1.30000000000e+00
      3435  -9.00000000000e-01  -1.30000000000e+00
      3436  -8.00000000000e-01  -1.30000000000e+00
      3437  -7.00000000000e-01  -1.30000000000e+00
      3438  -6.00000000000e-01  -1.30000000000e+00
      3439  -5.00000000000e-01  -1.30000000000e+00
      3440  -4.00000000000e-01  -1.30000000000e+00
      3441  -3.00000000000e-01  -1.30000000000e+00
      3442  -2.00000000000e-01  -1.30000000000e+00
      3443  -1.00000000000e-01  -1.30000000000e+00
      3444   0.00000000000e+00  -1.30000000000e+00
      3445   1.00000000000e-01  -1.30000000000e+00
      3446   2.00000000000e-01  -1.30000000000e+00
      3447   3.00000000000e-01  -1.30000000000e+00
      3448   4.00000000000e-01  -1.30000000000e+00
      3449   5.00000000000e-01  -1.30000000000e+00
      3450   6.00000000000e-01  -1.30000000000e+00
      3451   7.00000000000e-01  -1.30000000000e+00
      3452   8.00000000000e-01  -1.30000000000e+00
      3453   9.00000000000e-01  -1.30000000000e+00
      3454   1.00000000000e+00  -1.30000000000e+00
      3455   1.10000000000e+00  -1.30000000000e+00
      3456   1.20000000000e+00  -1.30000000000e+00
      3457   1.30000000000e+00  -1.30000000000e+00
      3458   1.40000000000e+00  -1.30000000000e+00
      3459   1.50000000000e+00  -1.30000000000e+00
      3460   1.60000000000e+00  -1.30000000000e+00
      3461   1.70000000000e+00  -1.30000000000e+00
      3462   1.80000000000e+00  -1.30000000000e+00
      3463   1.90000000000e+00  -1.30000000000e+00
      3464   2.00000000000e+00  -1.30000000000e+00
      3465   2.10000000000e+00  -1.30000000000e+00
      3466   2.20000000000e+00  -1.30000000000e+00
      3467   2.30000000000e+00  -1.30000000000e+00
      3468   2.40000000000e+00  -1.30000000000e+00
      3469   2.50000000000e+00  -1.30000000000e+00
      3470   2.60000000000e+00  -1.30000000000e+00
      3471   2.70000000000e+00  -1.30000000000e+00
      3472   2.80000000000e+00  -1.30000000000e+00
      3473   2.90000000000e+00  -1.30000000000e+00
      3474   3.00000000000e+00  -1.30000000000e+00
      3475   3.10000000000e+00  -1.30000000000e+00
      3476   3.20000000000e+00  -1.30000000000e+00
      3477   3.30000000000e+00  -1.30000000000e+00
      3478   3.40000000000e+00  -1.30000000000e+00
      3479   3.50000000000e+00  -1.30000000000e+00
      3480   3.60000000000e+00  -1.30000000000e+00
      3481   3.70000000000e+00  -1.30000000000e+00
      3482   3.80000000000e+00  -1.30000000000e+00
      3483   3.90000000000e+00  -1.30000000000e+00
      3484   4.00000000000e+00  -1.30000000000e+00
      3485   4.10000000000e+00  -1.30000000000e+00
      3486   4.20000000000e+00  -1.30000000000e+00
      3487   4.30000000000e+00  -1.30000000000e+00
      3488   4.40000000000e+00  -1.30000000000e+00
      3489   4.50000000000e+00  -1.30000000000e+00
      3490   4.60000000000e+00  -1.30000000000e+00
      3491   4.70000000000e+00  -1.30000000000e+00
      3492   4.80000000000e+00  -1.30000000000e+00
      3493  -4.80000000000e+00  -1.20000000000e+00
      3494  -4.70000000000e+00  -1.20000000000e+00
      3495  -4.60000000000e+00  -1.20000000000e+00
      3496  -4.50000000000e+00  -1.20000000000e+00
      3497  -4.40000000000e+00  -1.20000000000e+00
      3498  -4.30000000000e+00  -1.20000000000e+00
      3499  -4.20000000000e+00  -1.20000000000e+00
      3500  -4.10000000000e+00  -1.20000000000e+00
      3501  -4.00000000000e+00  -1.20000000000e+00
      3502  -3.90000000000e+00  -1.20000000000e+00
      3503  -3.80000000000e+00  -1.20000000000e+00
      3504  -3.70000000000e+00  -1.20000000000e+00
      3505  -3.60000000000e+00  -1.20000000000e+00
      3506  -3.50000000000e+00  -1.20000000000e+00
      3507  -3.40000000000e+00  -1.20000000000e+00
      3508  -3.30000000000e+00  -1.20000000000e+00
      3509  -3.20000000000e+00  -1.20000000000e+00
      3510  -3.10000000000e+00  -1.20000000000e+00
      3511  -3.00000000000e+00  -1.20000000000e+00
      3512  -2.90000000000e+00  -1.20000000000e+00
      3513  -2.80000000000e+00  -1.20000000000e+00
      3514  -2.70000000000e+00  -1.20000000000e+00
      3515  -2.60000000000e+00  -1.20000000000e+00
      3516  -2.50000000000e+00  -1.20000000000e+00
      3517  -2.40000000000e+00  -1.20000000000e+00
      3518  -2.30000000000e+00  -1.20000000000e+00
      3519  -2.20000000000e+00  -1.20000000000e+00
      3520  -2.10000000000e+00  -1.20000000000e+00
      3521  -2.00000000000e+00  -1.20000000000e+00
      3522  -1.90000000000e+00  -1.20000000000e+00
      3523  -1.80000000000e+00  -1.20000000000e+00
      3524  -1.70000000000e+00  -1.20000000000e+00
      3525  -1.60000000000e+00  -1.20000000000e+00
      3526  -1.50000000000e+00  -1.20000000000e+00
      3527  -1.40000000000e+00  -1.20000000000e+00
      3528  -1.30000000000e+00  -1.20000000000e+00
      3529  -1.20000000000e+00  -1.20000000000e+00
      3530  -1.10000000000e+00  -1.20000000000e+00
      3531  -1.00000000000e+00  -1.20000000000e+00
      3532  -9.00000000000e-01  -1.20000000000e+00
      3533  -8.00000000000e-01  -1.20000000000e+00
      3534  -7.00000000000e-01  -1.20000000000e+00
      3535  -6.00000000000e-01  -1.20000000000e+00
      3536  -5.00000000000e-01  -1.20000000000e+00
      3537  -4.00000000000e-01  -1.20000000000e+00
      3538  -3.00000000000e-01  -1.20000000000e+00
      3539  -2.00000000000e-01  -1.20000000000e+00
      3540  -1.00000000000e-01  -1.20000000000e+00
      3541   0.00000000000e+00  -1.20000000000e+00
      3542   1.00000000000e-01  -1.20000000000e+00
      3543   2.00000000000e-01  -1.20000000000e+00
      3544   3.00000000000e-01  -1.20000000000e+00
      3545   4.00000000000e-01  -1.20000000000e+00
      3546   5.00000000000e-01  -1.20000000000e+00
      3547   6.00000000000e-01  -1.20000000000e+00
      3548   7.00000000000e-01  -1.20000000000e+00
      3549   8.00000000000e-01  -1.20000000000e+00
      3550   9.00000000000e-01  -1.20000000000e+00
      3551   1.00000000000e+00  -1.20000000000e+00
      3552   1.10000000000e+00  -1.20000000000e+00
      3553   1.20000000000e+00  -1.20000000000e+00
      3554   1.30000000000e+00  -1.20000000000e+00
      3555   1.40000000000e+00  -1.20000000000e+00
      3556   1.50000000000e+00  -1.20000000000e+00
      3557   1.60000000000e+00  -1.20000000000e+00
      3558   1.70000000000e+00  -1.20000000000e+00
      3559   1.80000000000e+00  -1.20000000000e+00
      3560   1.90000000000e+00  -1.20000000000e+00
      3561   2.00000000000e+00  -1.20000000000e+00
      3562   2.10000000000e+00  -1.20000000000e+00
      3563   2.20000000000e+00  -1.20000000000e+00
      3564   2.30000000000e+00  -1.20000000000e+00
      3565   2.40000000000e+00  -1.20000000000e+00
      3566   2.50000000000e+00  -1.20000000000e+00
      3567   2.60000000000e+00  -1.20000000000e+00
      3568   2.70000000000e+00  -1.20000000000e+00
      3569   2.80000000000e+00  -1.20000000000e+00
      3570   2.90000000000e+00  -1.20000000000e+00
      3571   3.00000000000e+00  -1.20000000000e+00
      3572   3.10000000000e+00  -1.20000000000e+00
      3573   3.20000000000e+00  -1.20000000000e+00
      3574   3.30000000000e+00  -1.20000000000e+00
      3575   3.40000000000e+00  -1.20000000000e+00
      3576   3.50000000000e+00  -1.20000000000e+00
      3577   3.60000000000e+00  -1.20000000000e+00
      3578   3.70000000000e+00  -1.20000000000e+00
      3579   3.80000000000e+00  -1.20000000000e+00
      3580   3.90000000000e+00  -1.20000000000e+00
      3581   4.00000000000e+00  -1.20000000000e+00
      3582   4.10000000000e+00  -1.20000000000e+00
      3583   4.20000000000e+00  -1.20000000000e+00
      3584   4.30000000000e+00  -1.20000000000e+00
      3585   4.40000000000e+00  -1.20000000000e+00
      3586   4.50000000000e+00  -1.20000000000e+00
      3587   4.60000000000e+00  -1.20000000000e+00
      3588   4.70000000000e+00  -1.20000000000e+00
      3589   4.80000000000e+00  -1.20000000000e+00
      3590  -4.80000000000e+00  -1.10000000000e+00
      3591  -4.70000000000e+00  -1.10000000000e+00
      3592  -4.60000000000e+00  -1.10000000000e+00
      3593  -4.50000000000e+00  -1.10000000000e+00
      3594  -4.40000000000e+00  -1.10000000000e+00
      3595  -4.30000000000e+00  -1.10000000000e+00
      3596  -4.20000000000e+00  -1.10000000000e+00
      3597  -4.10000000000e+00  -1.10000000000e+00
      3598  -4.00000000000e+00  -1.10000000000e+00
      3599  -3.90000000000e+00  -1.10000000000e+00
      3600  -3.80000000000e+00  -1.10000000000e+00
      3601  -3.70000000000e+00  -1.10000000000e+00
      3602  -3.60000000000e+00  -1.10000000000e+00
      3603  -3.50000000000e+00  -1.10000000000e+00
      3604  -3.40000000000e+00  -1.10000000000e+00
      3605  -3.30000000000e+00  -1.10000000000e+00
      3606  -3.20000000000e+00  -1.10000000000e+00
      3607  -3.10000000000e+00  -1.10000000000e+00
      3608  -3.00000000000e+00  -1.10000000000e+00
      3609  -2.90000000000e+00  -1.10000000000e+00
      3610  -2.80000000000e+00  -1.10000000000e+00
      3611  -2.70000000000e+00  -1.10000000000e+00
      3612  -2.60000000000e+00  -1.10000000000e+00
      3613  -2.50000000000e+00  -1.10000000000e+00
      3614  -2.40000000000e+00  -1.10000000000e+00
      3615  -2.30000000000e+00  -1.10000000000e+00
      3616  -2.20000000000e+00  -1.10000000000e+00
      3617  -2.10000000000e+00  -1.10000000000e+00
      3618  -2.00000000000e+00  -1.10000000000e+00
      3619  -1.90000000000e+00  -1.10000000000e+00
      3620  -1.80000000000e+00  -1.10000000000e+00
      3621  -1.70000000000e+00  -1.10000000000e+00
      3622  -1.60000000000e+00  -1.10000000000e+00
      3623  -1.50000000000e+00  -1.10000000000e+00
      3624  -1.40000000000e+00  -1.10000000000e+00
      3625  -1.30000000000e+00  -1.10000000000e+00
      3626  -1.20000000000e+00  -1.10000000000e+00
      3627  -1.10000000000e+00  -1.10000000000e+00
      3628  -1.00000000000e+00  -1.10000000000e+00
      3629  -9.00000000000e-01  -1.10000000000e+00
      3630  -8.00000000000e-01  -1.10000000000e+00
      3631  -7.00000000000e-01  -1.10000000000e+00
      3632  -6.00000000000e-01  -1.10000000000e+00
      3633  -5.00000000000e-01  -1.10000000000e+00
      3634  -4.00000000000e-01  -1.10000000000e+00
      3635  -3.00000000000e-01  -1.10000000000e+00
      3636  -2.00000000000e-01  -1.10000000000e+00
      3637  -1.00000000000e-01  -1.10000000000e+00
      3638   0.00000000000e+00  -1.10000000000e+00
      3639   1.00000000000e-01  -1.10000000000e+00
      3640   2.00000000000e-01  -1.10000000000e+00
      3641   3.00000000000e-01  -1.10000000000e+00
      3642   4.00000000000e-01  -1.10000000000e+00
      3643   5.00000000000e-01  -1.10000000000e+00
      3644   6.00000000000e-01  -1.10000000000e+00
      3645   7.00000000000e-01  -1.10000000000e+00
      3646   8.00000000000e-01  -1.10000000000e+00
      3647   9.00000000000e-01  -1.10000000000e+00
      3648   1.00000000000e+00  -1.10000000000e+00
      3649   1.10000000000e+00  -1.10000000000e+00
      3650   1.20000000000e+00  -1.10000000000e+00
      3651   1.30000000000e+00  -1.10000000000e+00
      3652   1.40000000000e+00  -1.10000000000e+00
      3653   1.50000000000e+00  -1.10000000000e+00
      3654   1.60000000000e+00  -1.10000000000e+00
      3655   1.70000000000e+00  -1.10000000000e+00
      3656   1.80000000000e+00  -1.10000000000e+00
      3657   1.90000000000e+00  -1.10000000000e+00
      3658   2.00000000000e+00  -1.10000000000e+00
      3659   2.10000000000e+00  -1.10000000000e+00
      3660   2.20000000000e+00  -1.10000000000e+00
      3661   2.30000000000e+00  -1.10000000000e+00
      3662   2.40000000000e+00  -1.10000000000e+00
      3663   2.50000000000e+00  -1.10000000000e+00
      3664   2.60000000000e+00  -1.10000000000e+00
      3665   2.70000000000e+00  -1.10000000000e+00
      3666   2.80000000000e+00  -1.10000000000e+00
      3667   2.90000000000e+00  -1.10000000000e+00
      3668   3.00000000000e+00  -1.10000000000e+00
      3669   3.10000000000e+00  -1.10000000000e+00
      3670   3.20000000000e+00  -1.10000000000e+00
      3671   3.30000000000e+00  -1.10000000000e+00
      3672   3.40000000000e+00  -1.10000000000e+00
      3673   3.50000000000e+00  -1.10000000000e+00
      3674   3.60000000000e+00  -1.10000000000e+00
      3675   3.70000000000e+00  -1.10000000000e+00
      3676   3.80000000000e+00  -1.10000000000e+00
      3677   3.90000000000e+00  -1.10000000000e+00
      3678   4.00000000000e+00  -1.10000000000e+00
      3679   4.10000000000e+00  -1.10000000000e+00
      3680   4.20000000000e+00  -1.10000000000e+00
      3681   4.30000000000e+00  -1.10000000000e+00
      3682   4.40000000000e+00  -1.10000000000e+00
      3683   4.50000000000e+00  -1.10000000000e+00
      3684   4.60000000000e+00  -1.10000000000e+00
      3685   4.70000000000e+00  -1.10000000000e+00
      3686   4.80000000000e+00  -1.10000000000e+00
      3687  -4.80000000000e+00  -1.00000000000e+00
      3688  -4.70000000000e+00  -1.00000000000e+00
      3689  -4.60000000000e+00  -1.00000000000e+00
      3690  -4.50000000000e+00  -1.00000000000e+00
      3691  -4.40000000000e+00  -1.00000000000e+00
      3692  -4.30000000000e+00  -1.00000000000e+00
      3693  -4.20000000000e+00  -1.00000000000e+00
      3694  -4.10000000000e+00  -1.00000000000e+00
      3695  -4.00000000000e+00  -1.00000000000e+00
      3696  -3.90000000000e+00  -1.00000000000e+00
      3697  -3.80000000000e+00  -1.00000000000e+00
      3698  -3.70000000000e+00  -1.00000000000e+00
      3699  -3.60000000000e+00  -1.00000000000e+00
      3700  -3.50000000000e+00  -1.00000000000e+00
      3701  -3.40000000000e+00  -1.00000000000e+00
      3702  -3.30000000000e+00  -1.00000000000e+00
      3703  -3.20000000000e+00  -1.00000000000e+00
      3704  -3.10000000000e+00  -1.00000000000e+00
      3705  -3.00000000000e+00  -1.00000000000e+00
      3706  -2.90000000000e+00  -1.00000000000e+00
      3707  -2.80000000000e+00  -1.00000000000e+00
      3708  -2.70000000000e+00  -1.00000000000e+00
      3709  -2.60000000000e+00  -1.00000000000e+00
      3710  -2.50000000000e+00  -1.00000000000e+00
      3711  -2.40000000000e+00  -1.00000000000e+00
      3712  -2.30000000000e+00  -1.00000000000e+00
      3713  -2.20000000000e+00  -1.00000000000e+00
      3714  -2.10000000000e+00  -1.00000000000e+00
      3715  -2.00000000000e+00  -1.00000000000e+00
      3716  -1.90000000000e+00  -1.00000000000e+00
      3717  -1.80000000000e+00  -1.00000000000e+00
      3718  -1.70000000000e+00  -1.00000000000e+00
      3719  -1.60000000000e+00  -1.00000000000e+00
      3720  -1.50000000000e+00  -1.00000000000e+00
      3721  -1.40000000000e+00  -1.00000000000e+00
      3722  -1.30000000000e+00  -1.00000000000e+00
      3723  -1.20000000000e+00  -1.00000000000e+00
      3724  -1.10000000000e+00  -1.00000000000e+00
      3725  -1.00000000000e+00  -1.00000000000e+00
      3726  -9.00000000000e-01  -1.00000000000e+00
      3727  -8.00000000000e-01  -1.00000000000e+00
      3728  -7.00000000000e-01  -1.00000000000e+00
      3729  -6.00000000000e-01  -1.00000000000e+00
      3730  -5.00000000000e-01  -1.00000000000e+00
      3731  -4.00000000000e-01  -1.00000000000e+00
      3732  -3.00000000000e-01  -1.00000000000e+00
      3733  -2.00000000000e-01  -1.00000000000e+00
      3734  -1.00000000000e-01  -1.00000000000e+00
      3735   0.00000000000e+00  -1.00000000000e+00
      3736   1.00000000000e-01  -1.00000000000e+00
      3737   2.00000000000e-01  -1.00000000000e+00
      3738   3.00000000000e-01  -1.00000000000e+00
      3739   4.00000000000e-01  -1.00000000000e+00
      3740   5.00000000000e-01  -1.00000000000e+00
      3741   6.00000000000e-01  -1.00000000000e+00
      3742   7.00000000000e-01  -1.00000000000e+00
      3743   8.00000000000e-01  -1.00000000000e+00
      3744   9.00000000000e-01  -1.00000000000e+00
      3745   1.00000000000e+00  -1.00000000000e+00
      3746   1.10000000000e+00  -1.00000000000e+00
      3747   1.20000000000e+00  -1.00000000000e+00
      3748   1.30000000000e+00  -1.00000000000e+00
      3749   1.40000000000e+00  -1.00000000000e+00
      3750   1.50000000000e+00  -1.00000000000e+00
      3751   1.60000000000e+00  -1.00000000000e+00
      3752   1.70000000000e+00  -1.00000000000e+00
      3753   1.80000000000e+00  -1.00000000000e+00
      3754   1.90000000000e+00  -1.00000000000e+00
      3755   2.00000000000e+00  -1.00000000000e+00
      3756   2.10000000000e+00  -1.00000000000e+00
      3757   2.20000000000e+00  -1.00000000000e+00
      3758   2.30000000000e+00  -1.00000000000e+00
      3759   2.40000000000e+00  -1.00000000000e+00
      3760   2.50000000000e+00  -1.00000000000e+00
      3761   2.60000000000e+00  -1.00000000000e+00
      3762   2.70000000000e+00  -1.00000000000e+00
      3763   2.80000000000e+00  -1.00000000000e+00
      3764   2.90000000000e+00  -1.00000000000e+00
      3765   3.00000000000e+00  -1.00000000000e+00
      3766   3.10000000000e+00  -1.00000000000e+00
      3767   3.20000000000e+00  -1.00000000000e+00
      3768   3.30000000000e+00  -1.00000000000e+00
      3769   3.40000000000e+00  -1.00000000000e+00
      3770   3.50000000000e+00  -1.00000000000e+00
      3771   3.60000000000e+00  -1.00000000000e+00
      3772   3.70000000000e+00  -1.00000000000e+00
      3773   3.80000000000e+00  -1.00000000000e+00
      3774   3.90000000000e+00  -1.00000000000e+00
      3775   4.00000000000e+00  -1.00000000000e+00
      3776   4.10000000000e+00  -1.00000000000e+00
      3777   4.20000000000e+00  -1.00000000000e+00
      3778   4.30000000000e+00  -1.00000000000e+00
      3779   4.40000000000e+00  -1.00000000000e+00
      3780   4.50000000000e+00  -1.00000000000e+00
      3781   4.60000000000e+00  -1.00000000000e+00
      3782   4.70000000000e+00  -1.00000000000e+00
      3783   4.80000000000e+00  -1.00000000000e+00
      3784  -4.80000000000e+00  -9.00000000000e-01
      3785  -4.70000000000e+00  -9.00000000000e-01
      3786  -4.60000000000e+00  -9.00000000000e-01
      3787  -4.50000000000e+00  -9.00000000000e-01
      3788  -4.40000000000e+00  -9.00000000000e-01
      3789  -4.30000000000e+00  -9.00000000000e-01
      3790  -4.20000000000e+00  -9.00000000000e-01
      3791  -4.10000000000e+00  -9.00000000000e-01
      3792  -4.00000000000e+00  -9.00000000000e-01
      3793  -3.90000000000e+00  -9.00000000000e-01
      3794  -3.80000000000e+00  -9.00000000000e-01
      3795  -3.70000000000e+00  -9.00000000000e-01
      3796  -3.60000000000e+00  -9.00000000000e-01
      3797  -3.50000000000e+00  -9.00000000000e-01
      3798  -3.40000000000e+00  -9.00000000000e-01
      3799  -3.30000000000e+00  -9.00000000000e-01
      3800  -3.20000000000e+00  -9.00000000000e-01
      3801  -3.10000000000e+00  -9.00000000000e-01
      3802  -3.00000000000e+00  -9.00000000000e-01
      3803  -2.90000000000e+00  -9.00000000000e-01
      3804  -2.80000000000e+00  -9.00000000000e-01
      3805  -2.70000000000e+00  -9.00000000000e-01
      3806  -2.60000000000e+00  -9.00000000000e-01
      3807  -2.50000000000e+00  -9.00000000000e-01
      3808  -2.40000000000e+00  -9.00000000000e-01
      3809  -2.30000000000e+00  -9.00000000000e-01
      3810  -2.20000000000e+00  -9.00000000000e-01
      3811  -2.10000000000e+00  -9.00000000000e-01
      3812  -2.00000000000e+00  -9.00000000000e-01
      3813  -1.90000000000e+00  -9.00000000000e-01
      3814  -1.80000000000e+00  -9.00000000000e-01
      3815  -1.70000000000e+00  -9.00000000000e-01
      3816  -1.60000000000e+00  -9.00000000000e-01
      3817  -1.50000000000e+00  -9.00000000000e-01
      3818  -1.40000000000e+00  -9.00000000000e-01
      3819  -1.30000000000e+00  -9.00000000000e-01
      3820  -1.20000000000e+00  -9.00000000000e-01
      3821  -1.10000000000e+00  -9.00000000000e-01
      3822  -1.00000000000e+00  -9.00000000000e-01
      3823  -9.00000000000e-01  -9.00000000000e-01
      3824  -8.00000000000e-01  -9.00000000000e-01
      3825  -7.00000000000e-01  -9.00000000000e-01
      3826  -6.00000000000e-01  -9.00000000000e-01
      3827  -5.00000000000e-01  -9.00000000000e-01
      3828  -4.00000000000e-01  -9.00000000000e-01
      3829  -3.00000000000e-01  -9.00000000000e-01
      3830  -2.00000000000e-01  -9.00000000000e-01
      3831  -1.00000000000e-01  -9.00000000000e-01
      3832   0.00000000000e+00  -9.00000000000e-01
      3833   1.00000000000e-01  -9.00000000000e-01
      3834   2.00000000000e-01  -9.00000000000e-01
      3835   3.00000000000e-01  -9.00000000000e-01
      3836   4.00000000000e-01  -9.00000000000e-01
      3837   5.00000000000e-01  -9.00000000000e-01
      3838   6.00000000000e-01  -9.00000000000e-01
      3839   7.00000000000e-01  -9.00000000000e-01
      3840   8.00000000000e-01  -9.00000000000e-01
      3841   9.00000000000e-01  -9.00000000000e-01
      3842   1.00000000000e+00  -9.00000000000e-01
      3843   1.10000000000e+00  -9.00000000000e-01
      3844   1.20000000000e+00  -9.00000000000e-01
      3845   1.30000000000e+00  -9.00000000000e-01
      3846   1.40000000000e+00  -9.00000000000e-01
      3847   1.50000000000e+00  -9.00000000000e-01
      3848   1.60000000000e+00  -9.00000000000e-01
      3849   1.70000000000e+00  -9.00000000000e-01
      3850   1.80000000000e+00  -9.00000000000e-01
      3851   1.90000000000e+00  -9.00000000000e-01
      3852   2.00000000000e+00  -9.00000000000e-01
      3853   2.10000000000e+00  -9.00000000000e-01
      3854   2.20000000000e+00  -9.00000000000e-01
      3855   2.30000000000e+00  -9.00000000000e-01
      3856   2.40000000000e+00  -9.00000000000e-01
      3857   2.50000000000e+00  -9.00000000000e-01
      3858   2.60000000000e+00  -9.00000000000e-01
      3859   2.70000000000e+00  -9.00000000000e-01
      3860   2.80000000000e+00  -9.00000000000e-01
      3861   2.90000000000e+00  -9.00000000000e-01
      3862   3.00000000000e+00  -9.00000000000e-01
      3863   3.10000000000e+00  -9.00000000000e-01
      3864   3.20000000000e+00  -9.00000000000e-01
      3865   3.30000000000e+00  -9.00000000000e-01
      3866   3.40000000000e+00  -9.00000000000e-01
      3867   3.50000000000e+00  -9.00000000000e-01
      3868   3.60000000000e+00  -9.00000000000e-01
      3869   3.70000000000e+00  -9.00000000000e-01
      3870   3.80000000000e+00  -9.00000000000e-01
      3871   3.90000000000e+00  -9.00000000000e-01
      3872   4.00000000000e+00  -9.00000000000e-01
      3873   4.10000000000e+00  -9.00000000000e-01
      3874   4.20000000000e+00  -9.00000000000e-01
      3875   4.30000000000e+00  -9.00000000000e-01
      3876   4.40000000000e+00  -9.00000000000e-01
      3877   4.50000000000e+00  -9.00000000000e-01
      3878   4.60000000000e+00  -9.00000000000e-01
      3879   4.70000000000e+00  -9.00000000000e-01
      3880   4.80000000000e+00  -9.00000000000e-01
      3881  -4.80000000000e+00  -8.00000000000e-01
      3882  -4.70000000000e+00  -8.00000000000e-01
      3883  -4.60000000000e+00  -8.00000000000e-01
      3884  -4.50000000000e+00  -8.00000000000e-01
      3885  -4.40000000000e+00  -8.00000000000e-01
      3886  -4.30000000000e+00  -8.00000000000e-01
      3887  -4.20000000000e+00  -8.00000000000e-01
      3888  -4.10000000000e+00  -8.00000000000e-01
      3889  -4.00000000000e+00  -8.00000000000e-01
      3890  -3.90000000000e+00  -8.00000000000e-01
      3891  -3.80000000000e+00  -8.00000000000e-01
      3892  -3.70000000000e+00  -8.00000000000e-01
      3893  -3.60000000000e+00  -8.00000000000e-01
      3894  -3.50000000000e+00  -8.00000000000e-01
      3895  -3.40000000000e+00  -8.00000000000e-01
      3896  -3.30000000000e+00  -8.00000000000e-01
      3897  -3.20000000000e+00  -8.00000000000e-01
      3898  -3.10000000000e+00  -8.00000000000e-01
      3899  -3.00000000000e+00  -8.00000000000e-01
      3900  -2.90000000000e+00  -8.00000000000e-01
      3901  -2.80000000000e+00  -8.00000000000e-01
      3902  -2.70000000000e+00  -8.00000000000e-01
      3903  -2.60000000000e+00  -8.00000000000e-01
      3904  -2.50000000000e+00  -8.00000000000e-01
      3905  -2.40000000000e+00  -8.00000000000e-01
      3906  -2.30000000000e+00  -8.00000000000e-01
      3907  -2.20000000000e+00  -8.00000000000e-01
      3908  -2.10000000000e+00  -8.00000000000e-01
      3909  -2.00000000000e+00  -8.00000000000e-01
      3910  -1.90000000000e+00  -8.00000000000e-01
      3911  -1.80000000000e+00  -8.00000000000e-01
      3912  -1.70000000000e+00  -8.00000000000e-01
      3913  -1.60000000000e+00  -8.00000000000e-01
      3914  -1.50000000000e+00  -8.00000000000e-01
      3915  -1.40000000000e+00  -8.00000000000e-01
      3916  -1.30000000000e+00  -8.00000000000e-01
      3917  -1.20000000000e+00  -8.00000000000e-01
      3918  -1.10000000000e+00  -8.00000000000e-01
      3919  -1.00000000000e+00  -8.00000000000e-01
      3920  -9.00000000000e-01  -8.00000000000e-01
      3921  -8.00000000000e-01  -8.00000000000e-01
      3922  -7.00000000000e-01  -8.00000000000e-01
      3923  -6.00000000000e-01  -8.00000000000e-01
      3924  -5.00000000000e-01  -8.00000000000e-01
      3925  -4.00000000000e-01  -8.00000000000e-01
      3926  -3.00000000000e-01  -8.00000000000e-01
      3927  -2.00000000000e-01  -8.00000000000e-01
      3928  -1.00000000000e-01  -8.00000000000e-01
      3929   0.00000000000e+00  -8.00000000000e-01
      3930   1.00000000000e-01  -8.00000000000e-01
      3931   2.00000000000e-01  -8.00000000000e-01
      3932   3.00000000000e-01  -8.00000000000e-01
      3933   4.00000000000e-01  -8.00000000000e-01
      3934   5.00000000000e-01  -8.00000000000e-01
      3935   6.00000000000e-01  -8.00000000000e-01
      3936   7.00000000000e-01  -8.00000000000e-01
      3937   8.00000000000e-01  -8.00000000000e-01
      3938   9.00000000000e-01  -8.00000000000e-01
      3939   1.00000000000e+00  -8.00000000000e-01
      3940   1.10000000000e+00  -8.00000000000e-01
      3941   1.20000000000e+00  -8.00000000000e-01
      3942   1.30000000000e+00  -8.00000000000e-01
      3943   1.40000000000e+00  -8.00000000000e-01
      3944   1.50000000000e+00  -8.00000000000e-01
      3945   1.60000000000e+00  -8.00000000000e-01
      3946   1.70000000000e+00  -8.00000000000e-01
      3947   1.80000000000e+00  -8.00000000000e-01
      3948   1.90000000000e+00  -8.00000000000e-01
      3949   2.00000000000e+00  -8.00000000000e-01
      3950   2.10000000000e+00  -8.00000000000e-01
      3951   2.20000000000e+00  -8.00000000000e-01
      3952   2.30000000000e+00  -8.00000000000e-01
      3953   2.40000000000e+00  -8.00000000000e-01
      3954   2.50000000000e+00  -8.00000000000e-01
      3955   2.60000000000e+00  -8.00000000000e-01
      3956   2.70000000000e+00  -8.00000000000e-01
      3957   2.80000000000e+00  -8.00000000000e-01
      3958   2.90000000000e+00  -8.00000000000e-01
      3959   3.00000000000e+00  -8.00000000000e-01
      3960   3.10000000000e+00  -8.00000000000e-01
      3961   3.20000000000e+00  -8.00000000000e-01
      3962   3.30000000000e+00  -8.00000000000e-01
      3963   3.40000000000e+00  -8.00000000000e-01
      3964   3.50000000000e+00  -8.00000000000e-01
      3965   3.60000000000e+00  -8.00000000000e-01
      3966   3.70000000000e+00  -8.00000000000e-01
      3967   3.80000000000e+00  -8.00000000000e-01
      3968   3.90000000000e+00  -8.00000000000e-01
      3969   4.00000000000e+00  -8.00000000000e-01
      3970   4.10000000000e+00  -8.00000000000e-01
      3971   4.20000000000e+00  -8.00000000000e-01
      3972   4.30000000000e+00  -8.00000000000e-01
      3973   4.40000000000e+00  -8.00000000000e-01
      3974   4.50000000000e+00  -8.00000000000e-01
      3975   4.60000000000e+00  -8.00000000000e-01
      3976   4.70000000000e+00  -8.00000000000e-01
      3977   4.80000000000e+00  -8.00000000000e-01
      3978  -4.80000000000e+00  -7.00000000000e-01
      3979  -4.70000000000e+00  -7.00000000000e-01
      3980  -4.60000000000e+00  -7.00000000000e-01
      3981  -4.50000000000e+00  -7.00000000000e-01
      3982  -4.40000000000e+00  -7.00000000000e-01
      3983  -4.30000000000e+00  -7.00000000000e-01
      3984  -4.20000000000e+00  -7.00000000000e-01
      3985  -4.10000000000e+00  -7.00000000000e-01
      3986  -4.00000000000e+00  -7.00000000000e-01
      3987  -3.90000000000e+00  -7.00000000000e-01
      3988  -3.80000000000e+00  -7.00000000000e-01
      3989  -3.70000000000e+00  -7.00000000000e-01
      3990  -3.60000000000e+00  -7.00000000000e-01
      3991  -3.50000000000e+00  -7.00000000000e-01
      3992  -3.40000000000e+00  -7.00000000000e-01
      3993  -3.30000000000e+00  -7.00000000000e-01
      3994  -3.20000000000e+00  -7.00000000000e-01
      3995  -3.10000000000e+00  -7.00000000000e-01
      3996  -3.00000000000e+00  -7.00000000000e-01
      3997  -2.90000000000e+00  -7.00000000000e-01
      3998  -2.80000000000e+00  -7.00000000000e-01
      3999  -2.70000000000e+00  -7.00000000000e-01
      4000  -2.60000000000e+00  -7.00000000000e-01
      4001  -2.50000000000e+00  -7.00000000000e-01
      4002  -2.40000000000e+00  -7.00000000000e-01
      4003  -2.30000000000e+00  -7.00000000000e-01
      4004  -2.20000000000e+00  -7.00000000000e-01
      4005  -2.10000000000e+00  -7.00000000000e-01
      4006  -2.00000000000e+00  -7.00000000000e-01
      4007  -1.90000000000e+00  -7.00000000000e-01
      4008  -1.80000000000e+00  -7.00000000000e-01
      4009  -1.70000000000e+00  -7.00000000000e-01
      4010  -1.60000000000e+00  -7.00000000000e-01
      4011  -1.50000000000e+00  -7.00000000000e-01
      4012  -1.40000000000e+00  -7.00000000000e-01
      4013  -1.30000000000e+00  -7.00000000000e-01
      4014  -1.20000000000e+00  -7.00000000000e-01
      4015  -1.10000000000e+00  -7.00000000000e-01
      4016  -1.00000000000e+00  -7.00000000000e-01
      4017  -9.00000000000e-01  -7.00000000000e-01
      4018  -8.00000000000e-01  -7.00000000000e-01
      4019  -7.00000000000e-01  -7.00000000000e-01
      4020  -6.00000000000e-01  -7.00000000000e-01
      4021  -5.00000000000e-01  -7.00000000000e-01
      4022  -4.00000000000e-01  -7.00000000000e-01
      4023  -3.00000000000e-01  -7.00000000000e-01
      4024  -2.00000000000e-01  -7.00000000000e-01
      4025  -1.00000000000e-01  -7.00000000000e-01
      4026   0.00000000000e+00  -7.00000000000e-01
      4027   1.00000000000e-01  -7.00000000000e-01
      4028   2.00000000000e-01  -7.00000000000e-01
      4029   3.00000000000e-01  -7.00000000000e-01
      4030   4.00000000000e-01  -7.00000000000e-01
      4031   5.00000000000e-01  -7.00000000000e-01
      4032   6.00000000000e-01  -7.00000000000e-01
      4033   7.00000000000e-01  -7.00000000000e-01
      4034   8.00000000000e-01  -7.00000000000e-01
      4035   9.00000000000e-01  -7.00000000000e-01
      4036   1.00000000000e+00  -7.00000000000e-01
      4037   1.10000000000e+00  -7.00000000000e-01
      4038   1.20000000000e+00  -7.00000000000e-01
      4039   1.30000000000e+00  -7.00000000000e-01
      4040   1.40000000000e+00  -7.00000000000e-01
      4041   1.50000000000e+00  -7.00000000000e-01
      4042   1.60000000000e+00  -7.00000000000e-01
      4043   1.70000000000e+00  -7.00000000000e-01
      4044   1.80000000000e+00  -7.00000000000e-01
      4045   1.90000000000e+00  -7.00000000000e-01
      4046   2.00000000000e+00  -7.00000000000e-01
      4047   2.10000000000e+00  -7.00000000000e-01
      4048   2.20000000000e+00  -7.00000000000e-01
      4049   2.30000000000e+00  -7.00000000000e-01
      4050   2.40000000000e+00  -7.00000000000e-01
      4051   2.50000000000e+00  -7.00000000000e-01
      4052   2.60000000000e+00  -7.00000000000e-01
      4053   2.70000000000e+00  -7.00000000000e-01
      4054   2.80000000000e+00  -7.00000000000e-01
      4055   2.90000000000e+00  -7.00000000000e-01
      4056   3.00000000000e+00  -7.00000000000e-01
      4057   3.10000000000e+00  -7.00000000000e-01
      4058   3.20000000000e+00  -7.00000000000e-01
      4059   3.30000000000e+00  -7.00000000000e-01
      4060   3.40000000000e+00  -7.00000000000e-01
      4061   3.50000000000e+00  -7.00000000000e-01
      4062   3.60000000000e+00  -7.00000000000e-01
      4063   3.70000000000e+00  -7.00000000000e-01
      4064   3.80000000000e+00  -7.00000000000e-01
      4065   3.90000000000e+00  -7.00000000000e-01
      4066   4.00000000000e+00  -7.00000000000e-01
      4067   4.10000000000e+00  -7.00000000000e-01
      4068   4.20000000000e+00  -7.00000000000e-01
      4069   4.30000000000e+00  -7.00000000000e-01
      4070   4.40000000000e+00  -7.00000000000e-01
      4071   4.50000000000e+00  -7.00000000000e-01
      4072   4.60000000000e+00  -7.00000000000e-01
      4073   4.70000000000e+00  -7.00000000000e-01
      4074   4.80000000000e+00  -7.00000000000e-01
      4075  -4.80000000000e+00  -6.00000000000e-01
      4076  -4.70000000000e+00  -6.00000000000e-01
      4077  -4.60000000000e+00  -6.00000000000e-01
      4078  -4.50000000000e+00  -6.00000000000e-01
      4079  -4.40000000000e+00  -6.00000000000e-01
      4080  -4.30000000000e+00  -6.00000000000e-01
      4081  -4.20000000000e+00  -6.00000000000e-01
      4082  -4.10000000000e+00  -6.00000000000e-01
      4083  -4.00000000000e+00  -6.00000000000e-01
      4084  -3.90000000000e+00  -6.00000000000e-01
      4085  -3.80000000000e+00  -6.00000000000e-01
      4086  -3.70000000000e+00  -6.00000000000e-01
      4087  -3.60000000000e+00  -6.00000000000e-01
      4088  -3.50000000000e+00  -6.00000000000e-01
      4089  -3.40000000000e+00  -6.00000000000e-01
      4090  -3.30000000000e+00  -6.00000000000e-01
      4091  -3.20000000000e+00  -6.00000000000e-01
      4092  -3.10000000000e+00  -6.00000000000e-01
      4093  -3.00000000000e+00  -6.00000000000e-01
      4094  -2.90000000000e+00  -6.00000000000e-01
      4095  -2.80000000000e+00  -6.00000000000e-01
      4096  -2.70000000000e+00  -6.00000000000e-01
      4097  -2.60000000000e+00  -6.00000000000e-01
      4098  -2.50000000000e+00  -6.00000000000e-01
      4099  -2.40000000000e+00  -6.00000000000e-01
      4100  -2.30000000000e+00  -6.00000000000e-01
      4101  -2.20000000000e+00  -6.00000000000e-01
      4102  -2.10000000000e+00  -6.00000000000e-01
      4103  -2.00000000000e+00  -6.00000000000e-01
      4104  -1.90000000000e+00  -6.00000000000e-01
      4105  -1.80000000000e+00  -6.00000000000e-01
      4106  -1.70000000000e+00  -6.00000000000e-01
      4107  -1.60000000000e+00  -6.00000000000e-01
      4108  -1.50000000000e+00  -6.00000000000e-01
      4109  -1.40000000000e+00  -6.00000000000e-01
      4110  -1.30000000000e+00  -6.00000000000e-01
      4111  -1.20000000000e+00  -6.00000000000e-01
      4112  -1.10000000000e+00  -6.00000000000e-01
      4113  -1.00000000000e+00  -6.00000000000e-01
      4114  -9.00000000000e-01  -6.00000000000e-01
      4115  -8.00000000000e-01  -6.00000000000e-01
      4116  -7.00000000000e-01  -6.00000000000e-01
      4117  -6.00000000000e-01  -6.00000000000e-01
      4118  -5.00000000000e-01  -6.00000000000e-01
      4119  -4.00000000000e-01  -6.00000000000e-01
      4120  -3.00000000000e-01  -6.00000000000e-01
      4121  -2.00000000000e-01  -6.00000000000e-01
      4122  -1.00000000000e-01  -6.00000000000e-01
      4123   0.00000000000e+00  -6.00000000000e-01
      4124   1.00000000000e-01  -6.00000000000e-01
      4125   2.00000000000e-01  -6.00000000000e-01
      4126   3.00000000000e-01  -6.00000000000e-01
      4127   4.00000000000e-01  -6.00000000000e-01
      4128   5.00000000000e-01  -6.00000000000e-01
      4129   6.00000000000e-01  -6.00000000000e-01
      4130   7.00000000000e-01  -6.00000000000e-01
      4131   8.00000000000e-01  -6.00000000000e-01
      4132   9.00000000000e-01  -6.00000000000e-01
      4133   1.00000000000e+00  -6.00000000000e-01
      4134   1.10000000000e+00  -6.00000000000e-01
      4135   1.20000000000e+00  -6.00000000000e-01
      4136   1.30000000000e+00  -6.00000000000e-01
      4137   1.40000000000e+00  -6.00000000000e-01
      4138   1.50000000000e+00  -6.00000000000e-01
      4139   1.60000000000e+00  -6.00000000000e-01
      4140   1.70000000000e+00  -6.00000000000e-01
      4141   1.80000000000e+00  -6.00000000000e-01
      4142   1.90000000000e+00  -6.00000000000e-01
      4143   2.00000000000e+00  -6.00000000000e-01
      4144   2.10000000000e+00  -6.00000000000e-01
      4145   2.20000000000e+00  -6.00000000000e-01
      4146   2.30000000000e+00  -6.00000000000e-01
      4147   2.40000000000e+00  -6.00000000000e-01
      4148   2.50000000000e+00  -6.00000000000e-01
      4149   2.60000000000e+00  -6.00000000000e-01
      4150   2.70000000000e+00  -6.00000000000e-01
      4151   2.80000000000e+00  -6.00000000000e-01
      4152   2.90000000000e+00  -6.00000000000e-01
      4153   3.00000000000e+00  -6.00000000000e-01
      4154   3.10000000000e+00  -6.00000000000e-01
      4155   3.20000000000e+00  -6.00000000000e-01
      4156   3.30000000000e+00  -6.00000000000e-01
      4157   3.40000000000e+00  -6.00000000000e-01
      4158   3.50000000000e+00  -6.00000000000e-01
      4159   3.60000000000e+00  -6.00000000000e-01
      4160   3.70000000000e+00  -6.00000000000e-01
      4161   3.80000000000e+00  -6.00000000000e-01
      4162   3.90000000000e+00  -6.00000000000e-01
      4163   4.00000000000e+00  -6.00000000000e-01
      4164   4.10000000000e+00  -6.00000000000e-01
      4165   4.20000000000e+00  -6.00000000000e-01
      4166   4.30000000000e+00  -6.00000000000e-01
      4167   4.40000000000e+00  -6.00000000000e-01
      4168   4.50000000000e+00  -6.00000000000e-01
      4169   4.60000000000e+00  -6.00000000000e-01
      4170   4.70000000000e+00  -6.00000000000e-01
      4171   4.80000000000e+00  -6.00000000000e-01
      4172  -4.80000000000e+00  -5.00000000000e-01
      4173  -4.70000000000e+00  -5.00000000000e-01
      4174  -4.60000000000e+00  -5.00000000000e-01
      4175  -4.50000000000e+00  -5.00000000000e-01
      4176  -4.40000000000e+00  -5.00000000000e-01
      4177  -4.30000000000e+00  -5.00000000000e-01
      4178  -4.20000000000e+00  -5.00000000000e-01
      4179  -4.10000000000e+00  -5.00000000000e-01
      4180  -4.00000000000e+00  -5.00000000000e-01
      4181  -3.90000000000e+00  -5.00000000000e-01
      4182  -3.80000000000e+00  -5.00000000000e-01
      4183  -3.70000000000e+00  -5.00000000000e-01
      4184  -3.60000000000e+00  -5.00000000000e-01
      4185  -3.50000000000e+00  -5.00000000000e-01
      4186  -3.40000000000e+00  -5.00000000000e-01
      4187  -3.30000000000e+00  -5.00000000000e-01
      4188  -3.20000000000e+00  -5.00000000000e-01
      4189  -3.10000000000e+00  -5.00000000000e-01
      4190  -3.00000000000e+00  -5.00000000000e-01
      4191  -2.90000000000e+00  -5.00000000000e-01
      4192  -2.80000000000e+00  -5.00000000000e-01
      4193  -2.70000000000e+00  -5.00000000000e-01
      4194  -2.60000000000e+00  -5.00000000000e-01
      4195  -2.50000000000e+00  -5.00000000000e-01
      4196  -2.40000000000e+00  -5.00000000000e-01
      4197  -2.30000000000e+00  -5.00000000000e-01
      4198  -2.20000000000e+00  -5.00000000000e-01
      4199  -2.10000000000e+00  -5.00000000000e-01
      4200  -2.00000000000e+00  -5.00000000000e-01
      4201  -1.90000000000e+00  -5.00000000000e-01
      4202  -1.80000000000e+00  -5.00000000000e-01
      4203  -1.70000000000e+00  -5.00000000000e-01
      4204  -1.60000000000e+00  -5.00000000000e-01
      4205  -1.50000000000e+00  -5.00000000000e-01
      4206  -1.40000000000e+00  -5.00000000000e-01
      4207  -1.30000000000e+00  -5.00000000000e-01
      4208  -1.20000000000e+00  -5.00000000000e-01
      4209  -1.10000000000e+00  -5.00000000000e-01
      4210  -1.00000000000e+00  -5.00000000000e-01
      4211  -9.00000000000e-01  -5.00000000000e-01
      4212  -8.00000000000e-01  -5.00000000000e-01
      4213  -7.00000000000e-01  -5.00000000000e-01
      4214  -6.00000000000e-01  -5.00000000000e-01
      4215  -5.00000000000e-01  -5.00000000000e-01
      4216  -4.00000000000e-01  -5.00000000000e-01
      4217  -3.00000000000e-01  -5.00000000000e-01
      4218  -2.00000000000e-01  -5.00000000000e-01
      4219  -1.00000000000e-01  -5.00000000000e-01
      4220   0.00000000000e+00  -5.00000000000e-01
      4221   1.00000000000e-01  -5.00000000000e-01
      4222   2.00000000000e-01  -5.00000000000e-01
      4223   3.00000000000e-01  -5.00000000000e-01
      4224   4.00000000000e-01  -5.00000000000e-01
      4225   5.00000000000e-01  -5.00000000000e-01
      4226   6.00000000000e-01  -5.00000000000e-01
      4227   7.00000000000e-01  -5.00000000000e-01
      4228   8.00000000000e-01  -5.00000000000e-01
      4229   9.00000000000e-01  -5.00000000000e-01
      4230   1.00000000000e+00  -5.00000000000e-01
      4231   1.10000000000e+00  -5.00000000000e-01
      4232   1.20000000000e+00  -5.00000000000e-01
      4233   1.30000000000e+00  -5.00000000000e-01
      4234   1.40000000000e+00  -5.00000000000e-01
      4235   1.50000000000e+00  -5.00000000000e-01
      4236   1.60000000000e+00  -5.00000000000e-01
      4237   1.70000000000e+00  -5.00000000000e-01
      4238   1.80000000000e+00  -5.00000000000e-01
      4239   1.90000000000e+00  -5.00000000000e-01
      4240   2.00000000000e+00  -5.00000000000e-01
      4241   2.10000000000e+00  -5.00000000000e-01
      4242   2.20000000000e+00  -5.00000000000e-01
      4243   2.30000000000e+00  -5.00000000000e-01
      4244   2.40000000000e+00  -5.00000000000e-01
      4245   2.50000000000e+00  -5.00000000000e-01
      4246   2.60000000000e+00  -5.00000000000e-01
      4247   2.70000000000e+00  -5.00000000000e-01
      4248   2.80000000000e+00  -5.00000000000e-01
      4249   2.90000000000e+00  -5.00000000000e-01
      4250   3.00000000000e+00  -5.00000000000e-01
      4251   3.10000000000e+00  -5.00000000000e-01
      4252   3.20000000000e+00  -5.00000000000e-01
      4253   3.30000000000e+00  -5.00000000000e-01
      4254   3.40000000000e+00  -5.00000000000e-01
      4255   3.50000000000e+00  -5.00000000000e-01
      4256   3.60000000000e+00  -5.00000000000e-01
      4257   3.70000000000e+00  -5.00000000000e-01
      4258   3.80000000000e+00  -5.00000000000e-01
      4259   3.90000000000e+00  -5.00000000000e-01
      4260   4.00000000000e+00  -5.00000000000e-01
      4261   4.10000000000e+00  -5.00000000000e-01
      4262   4.20000000000e+00  -5.00000000000e-01
      4263   4.30000000000e+00  -5.00000000000e-01
      4264   4.40000000000e+00  -5.00000000000e-01
      4265   4.50000000000e+00  -5.00000000000e-01
      4266   4.60000000000e+00  -5.00000000000e-01
      4267   4.70000000000e+00  -5.00000000000e-01
      4268   4.80000000000e+00  -5.00000000000e-01
      4269  -4.80000000000e+00  -4.00000000000e-01
      4270  -4.70000000000e+00  -4.00000000000e-01
      4271  -4.60000000000e+00  -4.00000000000e-01
      4272  -4.50000000000e+00  -4.00000000000e-01
      4273  -4.40000000000e+00  -4.00000000000e-01
      4274  -4.30000000000e+00  -4.00000000000e-01
      4275  -4.20000000000e+00  -4.00000000000e-01
      4276  -4.10000000000e+00  -4.00000000000e-01
      4277  -4.00000000000e+00  -4.00000000000e-01
      4278  -3.90000000000e+00  -4.00000000000e-01
      4279  -3.80000000000e+00  -4.00000000000e-01
      4280  -3.70000000000e+00  -4.00000000000e-01
      4281  -3.60000000000e+00  -4.00000000000e-01
      4282  -3.50000000000e+00  -4.00000000000e-01
      4283  -3.40000000000e+00  -4.00000000000e-01
      4284  -3.30000000000e+00  -4.00000000000e-01
      4285  -3.20000000000e+00  -4.00000000000e-01
      4286  -3.10000000000e+00  -4.00000000000e-01
      4287  -3.00000000000e+00  -4.00000000000e-01
      4288  -2.90000000000e+00  -4.00000000000e-01
      4289  -2.80000000000e+00  -4.00000000000e-01
      4290  -2.70000000000e+00  -4.00000000000e-01
      4291  -2.60000000000e+00  -4.00000000000e-01
      4292  -2.50000000000e+00  -4.00000000000e-01
      4293  -2.40000000000e+00  -4.00000000000e-01
      4294  -2.30000000000e+00  -4.00000000000e-01
      4295  -2.20000000000e+00  -4.00000000000e-01
      4296  -2.10000000000e+00  -4.00000000000e-01
      4297  -2.00000000000e+00  -4.00000000000e-01
      4298  -1.90000000000e+00  -4.00000000000e-01
      4299  -1.80000000000e+00  -4.00000000000e-01
      4300  -1.70000000000e+00  -4.00000000000e-01
      4301  -1.60000000000e+00  -4.00000000000e-01
      4302  -1.50000000000e+00  -4.00000000000e-01
      4303  -1.40000000000e+00  -4.00000000000e-01
      4304  -1.30000000000e+00  -4.00000000000e-01
      4305  -1.20000000000e+00  -4.00000000000e-01
      4306  -1.10000000000e+00  -4.00000000000e-01
      4307  -1.00000000000e+00  -4.00000000000e-01
      4308  -9.00000000000e-01  -4.00000000000e-01
      4309  -8.00000000000e-01  -4.00000000000e-01
      4310  -7.00000000000e-01  -4.00000000000e-01
      4311  -6.00000000000e-01  -4.00000000000e-01
      4312  -5.00000000000e-01  -4.00000000000e-01
      4313  -4.00000000000e-01  -4.00000000000e-01
      4314  -3.00000000000e-01  -4.00000000000e-01
      4315  -2.00000000000e-01  -4.00000000000e-01
      4316  -1.00000000000e-01  -4.00000000000e-01
      4317   0.00000000000e+00  -4.00000000000e-01
      4318   1.00000000000e-01  -4.00000000000e-01
      4319   2.00000000000e-01  -4.00000000000e-01
      4320   3.00000000000e-01  -4.00000000000e-01
      4321   4.00000000000e-01  -4.00000000000e-01
      4322   5.00000000000e-01  -4.00000000000e-01
      4323   6.00000000000e-01  -4.00000000000e-01
      4324   7.00000000000e-01  -4.00000000000e-01
      4325   8.00000000000e-01  -4.00000000000e-01
      4326   9.00000000000e-01  -4.00000000000e-01
      4327   1.00000000000e+00  -4.00000000000e-01
      4328   1.10000000000e+00  -4.00000000000e-01
      4329   1.20000000000e+00  -4.00000000000e-01
      4330   1.30000000000e+00  -4.00000000000e-01
      4331   1.40000000000e+00  -4.00000000000e-01
      4332   1.50000000000e+00  -4.00000000000e-01
      4333   1.60000000000e+00  -4.00000000000e-01
      4334   1.70000000000e+00  -4.00000000000e-01
      4335   1.80000000000e+00  -4.00000000000e-01
      4336   1.90000000000e+00  -4.00000000000e-01
      4337   2.00000000000e+00  -4.00000000000e-01
      4338   2.10000000000e+00  -4.00000000000e-01
      4339   2.20000000000e+00  -4.00000000000e-01
      4340   2.30000000000e+00  -4.00000000000e-01
      4341   2.40000000000e+00  -4.00000000000e-01
      4342   2.50000000000e+00  -4.00000000000e-01
      4343   2.60000000000e+00  -4.00000000000e-01
      4344   2.70000000000e+00  -4.00000000000e-01
      4345   2.80000000000e+00  -4.00000000000e-01
      4346   2.90000000000e+00  -4.00000000000e-01
      4347   3.00000000000e+00  -4.00000000000e-01
      4348   3.10000000000e+00  -4.00000000000e-01
      4349   3.20000000000e+00  -4.00000000000e-01
      4350   3.30000000000e+00  -4.00000000000e-01
      4351   3.40000000000e+00  -4.00000000000e-01
      4352   3.50000000000e+00  -4.00000000000e-01
      4353   3.60000000000e+00  -4.00000000000e-01
      4354   3.70000000000e+00  -4.00000000000e-01
      4355   3.80000000000e+00  -4.00000000000e-01
      4356   3.90000000000e+00  -4.00000000000e-01
      4357   4.00000000000e+00  -4.00000000000e-01
      4358   4.10000000000e+00  -4.00000000000e-01
      4359   4.20000000000e+00  -4.00000000000e-01
      4360   4.30000000000e+00  -4.00000000000e-01
      4361   4.40000000000e+00  -4.00000000000e-01
      4362   4.50000000000e+00  -4.00000000000e-01
      4363   4.60000000000e+00  -4.00000000000e-01
      4364   4.70000000000e+00  -4.00000000000e-01
      4365   4.80000000000e+00  -4.00000000000e-01
      4366  -4.80000000000e+00  -3.00000000000e-01
      4367  -4.70000000000e+00  -3.00000000000e-01
      4368  -4.60000000000e+00  -3.00000000000e-01
      4369  -4.50000000000e+00  -3.00000000000e-01
      4370  -4.40000000000e+00  -3.00000000000e-01
      4371  -4.30000000000e+00  -3.00000000000e-01
      4372  -4.20000000000e+00  -3.00000000000e-01
      4373  -4.10000000000e+00  -3.00000000000e-01
      4374  -4.00000000000e+00  -3.00000000000e-01
      4375  -3.90000000000e+00  -3.00000000000e-01
      4376  -3.80000000000e+00  -3.00000000000e-01
      4377  -3.70000000000e+00  -3.00000000000e-01
      4378  -3.60000000000e+00  -3.00000000000e-01
      4379  -3.50000000000e+00  -3.00000000000e-01
      4380  -3.40000000000e+00  -3.00000000000e-01
      4381  -3.30000000000e+00  -3.00000000000e-01
      4382  -3.20000000000e+00  -3.00000000000e-01
      4383  -3.10000000000e+00  -3.00000000000e-01
      4384  -3.00000000000e+00  -3.00000000000e-01
      4385  -2.90000000000e+00  -3.00000000000e-01
      4386  -2.80000000000e+00  -3.00000000000e-01
      4387  -2.70000000000e+00  -3.00000000000e-01
      4388  -2.60000000000e+00  -3.00000000000e-01
      4389  -2.50000000000e+00  -3.00000000000e-01
      4390  -2.40000000000e+00  -3.00000000000e-01
      4391  -2.30000000000e+00  -3.00000000000e-01
      4392  -2.20000000000e+00  -3.00000000000e-01
      4393  -2.10000000000e+00  -3.00000000000e-01
      4394  -2.00000000000e+00  -3.00000000000e-01
      4395  -1.90000000000e+00  -3.00000000000e-01
      4396  -1.80000000000e+00  -3.00000000000e-01
      4397  -1.70000000000e+00  -3.00000000000e-01
      4398  -1.60000000000e+00  -3.00000000000e-01
      4399  -1.50000000000e+00  -3.00000000000e-01
      4400  -1.40000000000e+00  -3.00000000000e-01
      4401  -1.30000000000e+00  -3.00000000000e-01
      4402  -1.20000000000e+00  -3.00000000000e-01
      4403  -1.10000000000e+00  -3.00000000000e-01
      4404  -1.00000000000e+00  -3.00000000000e-01
      4405  -9.00000000000e-01  -3.00000000000e-01
      4406  -8.00000000000e-01  -3.00000000000e-01
      4407  -7.00000000000e-01  -3.00000000000e-01
      4408  -6.00000000000e-01  -3.00000000000e-01
      4409  -5.00000000000e-01  -3.00000000000e-01
      4410  -4.00000000000e-01  -3.00000000000e-01
      4411  -3.00000000000e-01  -3.00000000000e-01
      4412  -2.00000000000e-01  -3.00000000000e-01
      4413  -1.00000000000e-01  -3.00000000000e-01
      4414   0.00000000000e+00  -3.00000000000e-01
      4415   1.00000000000e-01  -3.00000000000e-01
      4416   2.00000000000e-01  -3.00000000000e-01
      4417   3.00000000000e-01  -3.00000000000e-01
      4418   4.00000000000e-01  -3.00000000000e-01
      4419   5.00000000000e-01  -3.00000000000e-01
      4420   6.00000000000e-01  -3.00000000000e-01
      4421   7.00000000000e-01  -3.00000000000e-01
      4422   8.00000000000e-01  -3.00000000000e-01
      4423   9.00000000000e-01  -3.00000000000e-01
      4424   1.00000000000e+00  -3.00000000000e-01
      4425   1.10000000000e+00  -3.00000000000e-01
      4426   1.20000000000e+00  -3.00000000000e-01
      4427   1.30000000000e+00  -3.00000000000e-01
      4428   1.40000000000e+00  -3.00000000000e-01
      4429   1.50000000000e+00  -3.00000000000e-01
      4430   1.60000000000e+00  -3.00000000000e-01
      4431   1.70000000000e+00  -3.00000000000e-01
      4432   1.80000000000e+00  -3.00000000000e-01
      4433   1.90000000000e+00  -3.00000000000e-01
      4434   2.00000000000e+00  -3.00000000000e-01
      4435   2.10000000000e+00  -3.00000000000e-01
      4436   2.20000000000e+00  -3.00000000000e-01
      4437   2.30000000000e+00  -3.00000000000e-01
      4438   2.40000000000e+00  -3.00000000000e-01
      4439   2.50000000000e+00  -3.00000000000e-01
      4440   2.60000000000e+00  -3.00000000000e-01
      4441   2.70000000000e+00  -3.00000000000e-01
      4442   2.80000000000e+00  -3.00000000000e-01
      4443   2.90000000000e+00  -3.00000000000e-01
      4444   3.00000000000e+00  -3.00000000000e-01
      4445   3.10000000000e+00  -3.00000000000e-01
      4446   3.20000000000e+00  -3.00000000000e-01
      4447   3.30000000000e+00  -3.00000000000e-01
      4448   3.40000000000e+00  -3.00000000000e-01
      4449   3.50000000000e+00  -3.00000000000e-01
      4450   3.60000000000e+00  -3.00000000000e-01
      4451   3.70000000000e+00  -3.00000000000e-01
      4452   3.80000000000e+00  -3.00000000000e-01
      4453   3.90000000000e+00  -3.00000000000e-01
      4454   4.00000000000e+00  -3.00000000000e-01
      4455   4.10000000000e+00  -3.00000000000e-01
      4456   4.20000000000e+00  -3.00000000000e-01
      4457   4.30000000000e+00  -3.00000000000e-01
      4458   4.40000000000e+00  -3.00000000000e-01
      4459   4.50000000000e+00  -3.00000000000e-01
      4460   4.60000000000e+00  -3.00000000000e-01
      4461   4.70000000000e+00  -3.00000000000e-01
      4462   4.80000000000e+00  -3.00000000000e-01
      4463  -4.80000000000e+00  -2.00000000000e-01
      4464  -4.70000000000e+00  -2.00000000000e-01
      4465  -4.60000000000e+00  -2.00000000000e-01
      4466  -4.50000000000e+00  -2.00000000000e-01
      4467  -4.40000000000e+00  -2.00000000000e-01
      4468  -4.30000000000e+00  -2.00000000000e-01
      4469  -4.20000000000e+00  -2.00000000000e-01
      4470  -4.10000000000e+00  -2.00000000000e-01
      4471  -4.00000000000e+00  -2.00000000000e-01
      4472  -3.90000000000e+00  -2.00000000000e-01
      4473  -3.80000000000e+00  -2.00000000000e-01
      4474  -3.70000000000e+00  -2.00000000000e-01
      4475  -3.60000000000e+00  -2.00000000000e-01
      4476  -3.50000000000e+00  -2.00000000000e-01
      4477  -3.40000000000e+00  -2.00000000000e-01
      4478  -3.30000000000e+00  -2.00000000000e-01
      4479  -3.20000000000e+00  -2.00000000000e-01
      4480  -3.10000000000e+00  -2.00000000000e-01
      4481  -3.00000000000e+00  -2.00000000000e-01
      4482  -2.90000000000e+00  -2.00000000000e-01
      4483  -2.80000000000e+00  -2.00000000000e-01
      4484  -2.70000000000e+00  -2.00000000000e-01
      4485  -2.60000000000e+00  -2.00000000000e-01
      4486  -2.50000000000e+00  -2.00000000000e-01
      4487  -2.40000000000e+00  -2.00000000000e-01
      4488  -2.30000000000e+00  -2.00000000000e-01
      4489  -2.20000000000e+00  -2.00000000000e-01
      4490  -2.10000000000e+00  -2.00000000000e-01
      4491  -2.00000000000e+00  -2.00000000000e-01
      4492  -1.90000000000e+00  -2.00000000000e-01
      4493  -1.80000000000e+00  -2.00000000000e-01
      4494  -1.70000000000e+00  -2.00000000000e-01
      4495  -1.60000000000e+00  -2.00000000000e-01
      4496  -1.50000000000e+00  -2.00000000000e-01
      4497  -1.40000000000e+00  -2.00000000000e-01
      4498  -1.30000000000e+00  -2.00000000000e-01
      4499  -1.20000000000e+00  -2.00000000000e-01
      4500  -1.10000000000e+00  -2.00000000000e-01
      4501  -1.00000000000e+00  -2.00000000000e-01
      4502  -9.00000000000e-01  -2.00000000000e-01
      4503  -8.00000000000e-01  -2.00000000000e-01
      4504  -7.00000000000e-01  -2.00000000000e-01
      4505  -6.00000000000e-01  -2.00000000000e-01
      4506  -5.00000000000e-01  -2.00000000000e-01
      4507  -4.00000000000e-01  -2.00000000000e-01
      4508  -3.00000000000e-01  -2.00000000000e-01
      4509  -2.00000000000e-01  -2.00000000000e-01
      4510  -1.00000000000e-01  -2.00000000000e-01
      4511   0.00000000000e+00  -2.00000000000e-01
      4512   1.00000000000e-01  -2.00000000000e-01
      4513   2.00000000000e-01  -2.00000000000e-01
      4514   3.00000000000e-01  -2.00000000000e-01
      4515   4.00000000000e-01  -2.00000000000e-01
      4516   5.00000000000e-01  -2.00000000000e-01
      4517   6.00000000000e-01  -2.00000000000e-01
      4518   7.00000000000e-01  -2.00000000000e-01
      4519   8.00000000000e-01  -2.00000000000e-01
      4520   9.00000000000e-01  -2.00000000000e-01
      4521   1.00000000000e+00  -2.00000000000e-01
      4522   1.10000000000e+00  -2.00000000000e-01
      4523   1.20000000000e+00  -2.00000000000e-01
      4524   1.30000000000e+00  -2.00000000000e-01
      4525   1.40000000000e+00  -2.00000000000e-01
      4526   1.50000000000e+00  -2.00000000000e-01
      4527   1.60000000000e+00  -2.00000000000e-01
      4528   1.70000000000e+00  -2.00000000000e-01
      4529   1.80000000000e+00  -2.00000000000e-01
      4530   1.90000000000e+00  -2.00000000000e-01
      4531   2.00000000000e+00  -2.00000000000e-01
      4532   2.10000000000e+00  -2.00000000000e-01
      4533   2.20000000000e+00  -2.00000000000e-01
      4534   2.30000000000e+00  -2.00000000000e-01
      4535   2.40000000000e+00  -2.00000000000e-01
      4536   2.50000000000e+00  -2.00000000000e-01
      4537   2.60000000000e+00  -2.00000000000e-01
      4538   2.70000000000e+00  -2.00000000000e-01
      4539   2.80000000000e+00  -2.00000000000e-01
      4540   2.90000000000e+00  -2.00000000000e-01
      4541   3.00000000000e+00  -2.00000000000e-01
      4542   3.10000000000e+00  -2.00000000000e-01
      4543   3.20000000000e+00  -2.00000000000e-01
      4544   3.30000000000e+00  -2.00000000000e-01
      4545   3.40000000000e+00  -2.00000000000e-01
      4546   3.50000000000e+00  -2.00000000000e-01
      4547   3.60000000000e+00  -2.00000000000e-01
      4548   3.70000000000e+00  -2.00000000000e-01
      4549   3.80000000000e+00  -2.00000000000e-01
      4550   3.90000000000e+00  -2.00000000000e-01
      4551   4.00000000000e+00  -2.00000000000e-01
      4552   4.10000000000e+00  -2.00000000000e-01
      4553   4.20000000000e+00  -2.00000000000e-01
      4554   4.30000000000e+00  -2.00000000000e-01
      4555   4.40000000000e+00  -2.00000000000e-01
      4556   4.50000000000e+00  -2.00000000000e-01
      4557   4.60000000000e+00  -2.00000000000e-01
      4558   4.70000000000e+00  -2.00000000000e-01
      4559   4.80000000000e+00  -2.00000000000e-01
      4560  -4.80000000000e+00  -1.00000000000e-01
      4561  -4.70000000000e+00  -1.00000000000e-01
      4562  -4.60000000000e+00  -1.00000000000e-01
      4563  -4.50000000000e+00  -1.00000000000e-01
      4564  -4.40000000000e+00  -1.00000000000e-01
      4565  -4.30000000000e+00  -1.00000000000e-01
      4566  -4.20000000000e+00  -1.00000000000e-01
      4567  -4.10000000000e+00  -1.00000000000e-01
      4568  -4.00000000000e+00  -1.00000000000e-01
      4569  -3.90000000000e+00  -1.00000000000e-01
      4570  -3.80000000000e+00  -1.00000000000e-01
      4571  -3.70000000000e+00  -1.00000000000e-01
      4572  -3.60000000000e+00  -1.00000000000e-01
      4573  -3.50000000000e+00  -1.00000000000e-01
      4574  -3.40000000000e+00  -1.00000000000e-01
      4575  -3.30000000000e+00  -1.00000000000e-01
      4576  -3.20000000000e+00  -1.00000000000e-01
      4577  -3.10000000000e+00  -1.00000000000e-01
      4578  -3.00000000000e+00  -1.00000000000e-01
      4579  -2.90000000000e+00  -1.00000000000e-01
      4580  -2.80000000000e+00  -1.00000000000e-01
      4581  -2.70000000000e+00  -1.00000000000e-01
      4582  -2.60000000000e+00  -1.00000000000e-01
      4583  -2.50000000000e+00  -1.00000000000e-01
      4584  -2.40000000000e+00  -1.00000000000e-01
      4585  -2.30000000000e+00  -1.00000000000e-01
      4586  -2.20000000000e+00  -1.00000000000e-01
      4587  -2.10000000000e+00  -1.00000000000e-01
      4588  -2.00000000000e+00  -1.00000000000e-01
      4589  -1.90000000000e+00  -1.00000000000e-01
      4590  -1.80000000000e+00  -1.00000000000e-01
      4591  -1.70000000000e+00  -1.00000000000e-01
      4592  -1.60000000000e+00  -1.00000000000e-01
      4593  -1.50000000000e+00  -1.00000000000e-01
      4594  -1.40000000000e+00  -1.00000000000e-01
      4595  -1.30000000000e+00  -1.00000000000e-01
      4596  -1.20000000000e+00  -1.00000000000e-01
      4597  -1.10000000000e+00  -1.00000000000e-01
      4598  -1.00000000000e+00  -1.00000000000e-01
      4599  -9.00000000000e-01  -1.00000000000e-01
      4600  -8.00000000000e-01  -1.00000000000e-01
      4601  -7.00000000000e-01  -1.00000000000e-01
      4602  -6.00000000000e-01  -1.00000000000e-01
      4603  -5.00000000000e-01  -1.00000000000e-01
      4604  -4.00000000000e-01  -1.00000000000e-01
      4605  -3.00000000000e-01  -1.00000000000e-01
      4606  -2.00000000000e-01  -1.00000000000e-01
      4607  -1.00000000000e-01  -1.00000000000e-01
      4608   0.00000000000e+00  -1.00000000000e-01
      4609   1.00000000000e-01  -1.00000000000e-01
      4610   2.00000000000e-01  -1.00000000000e-01
      4611   3.00000000000e-01  -1.00000000000e-01
      4612   4.00000000000e-01  -1.00000000000e-01
      4613   5.00000000000e-01  -1.00000000000e-01
      4614   6.00000000000e-01  -1.00000000000e-01
      4615   7.00000000000e-01  -1.00000000000e-01
      4616   8.00000000000e-01  -1.00000000000e-01
      4617   9.00000000000e-01  -1.00000000000e-01
      4618   1.00000000000e+00  -1.00000000000e-01
      4619   1.10000000000e+00  -1.00000000000e-01
      4620   1.20000000000e+00  -1.00000000000e-01
      4621   1.30000000000e+00  -1.00000000000e-01
      4622   1.40000000000e+00  -1.00000000000e-01
      4623   1.50000000000e+00  -1.00000000000e-01
      4624   1.60000000000e+00  -1.00000000000e-01
      4625   1.70000000000e+00  -1.00000000000e-01
      4626   1.80000000000e+00  -1.00000000000e-01
      4627   1.90000000000e+00  -1.00000000000e-01
      4628   2.00000000000e+00  -1.00000000000e-01
      4629   2.10000000000e+00  -1.00000000000e-01
      4630   2.20000000000e+00  -1.00000000000e-01
      4631   2.30000000000e+00  -1.00000000000e-01
      4632   2.40000000000e+00  -1.00000000000e-01
      4633   2.50000000000e+00  -1.00000000000e-01
      4634   2.60000000000e+00  -1.00000000000e-01
      4635   2.70000000000e+00  -1.00000000000e-01
      4636   2.80000000000e+00  -1.00000000000e-01
      4637   2.90000000000e+00  -1.00000000000e-01
      4638   3.00000000000e+00  -1.00000000000e-01
      4639   3.10000000000e+00  -1.00000000000e-01
      4640   3.20000000000e+00  -1.00000000000e-01
      4641   3.30000000000e+00  -1.00000000000e-01
      4642   3.40000000000e+00  -1.00000000000e-01
      4643   3.50000000000e+00  -1.00000000000e-01
      4644   3.60000000000e+00  -1.00000000000e-01
      4645   3.70000000000e+00  -1.00000000000e-01
      4646   3.80000000000e+00  -1.00000000000e-01
      4647   3.90000000000e+00  -1.00000000000e-01
      4648   4.00000000000e+00  -1.00000000000e-01
      4649   4.10000000000e+00  -1.00000000000e-01
      4650   4.20000000000e+00  -1.00000000000e-01
      4651   4.30000000000e+00  -1.00000000000e-01
      4652   4.40000000000e+00  -1.00000000000e-01
      4653   4.50000000000e+00  -1.00000000000e-01
      4654   4.60000000000e+00  -1.00000000000e-01
      4655   4.70000000000e+00  -1.00000000000e-01
      4656   4.80000000000e+00  -1.00000000000e-01
      4657  -4.80000000000e+00   0.00000000000e+00
      4658  -4.70000000000e+00   0.00000000000e+00
      4659  -4.60000000000e+00   0.00000000000e+00
      4660  -4.50000000000e+00   0.00000000000e+00
      4661  -4.40000000000e+00   0.00000000000e+00
      4662  -4.30000000000e+00   0.00000000000e+00
      4663  -4.20000000000e+00   0.00000000000e+00
      4664  -4.10000000000e+00   0.00000000000e+00
      4665  -4.00000000000e+00   0.00000000000e+00
      4666  -3.90000000000e+00   0.00000000000e+00
      4667  -3.80000000000e+00   0.00000000000e+00
      4668  -3.70000000000e+00   0.00000000000e+00
      4669  -3.60000000000e+00   0.00000000000e+00
      4670  -3.50000000000e+00   0.00000000000e+00
      4671  -3.40000000000e+00   0.00000000000e+00
      4672  -3.30000000000e+00   0.00000000000e+00
      4673  -3.20000000000e+00   0.00000000000e+00
      4674  -3.10000000000e+00   0.00000000000e+00
      4675  -3.00000000000e+00   0.00000000000e+00
      4676  -2.90000000000e+00   0.00000000000e+00
      4677  -2.80000000000e+00   0.00000000000e+00
      4678  -2.70000000000e+00   0.00000000000e+00
      4679  -2.60000000000e+00   0.00000000000e+00
      4680  -2.50000000000e+00   0.00000000000e+00
      4681  -2.40000000000e+00   0.00000000000e+00
      4682  -2.30000000000e+00   0.00000000000e+00
      4683  -2.20000000000e+00   0.00000000000e+00
      4684  -2.10000000000e+00   0.00000000000e+00
      4685  -2.00000000000e+00   0.00000000000e+00
      4686  -1.90000000000e+00   0.00000000000e+00
      4687  -1.80000000000e+00   0.00000000000e+00
      4688  -1.70000000000e+00   0.00000000000e+00
      4689  -1.60000000000e+00   0.00000000000e+00
      4690  -1.50000000000e+00   0.00000000000e+00
      4691  -1.40000000000e+00   0.00000000000e+00
      4692  -1.30000000000e+00   0.00000000000e+00
      4693  -1.20000000000e+00   0.00000000000e+00
      4694  -1.10000000000e+00   0.00000000000e+00
      4695  -1.00000000000e+00   0.00000000000e+00
      4696  -9.00000000000e-01   0.00000000000e+00
      4697  -8.00000000000e-01   0.00000000000e+00
      4698  -7.00000000000e-01   0.00000000000e+00
      4699  -6.00000000000e-01   0.00000000000e+00
      4700  -5.00000000000e-01   0.00000000000e+00
      4701  -4.00000000000e-01   0.00000000000e+00
      4702  -3.00000000000e-01   0.00000000000e+00
      4703  -2.00000000000e-01   0.00000000000e+00
      4704  -1.00000000000e-01   0.00000000000e+00
      4705   0.00000000000e+00   0.00000000000e+00
      4706   1.00000000000e-01   0.00000000000e+00
      4707   2.00000000000e-01   0.00000000000e+00
      4708   3.00000000000e-01   0.00000000000e+00
      4709   4.00000000000e-01   0.00000000000e+00
      4710   5.00000000000e-01   0.00000000000e+00
      4711   6.00000000000e-01   0.00000000000e+00
      4712   7.00000000000e-01   0.00000000000e+00
      4713   8.00000000000e-01   0.00000000000e+00
      4714   9.00000000000e-01   0.00000000000e+00
      4715   1.00000000000e+00   0.00000000000e+00
      4716   1.10000000000e+00   0.00000000000e+00
      4717   1.20000000000e+00   0.00000000000e+00
      4718   1.30000000000e+00   0.00000000000e+00
      4719   1.40000000000e+00   0.00000000000e+00
      4720   1.50000000000e+00   0.00000000000e+00
      4721   1.60000000000e+00   0.00000000000e+00
      4722   1.70000000000e+00   0.00000000000e+00
      4723   1.80000000000e+00   0.00000000000e+00
      4724   1.90000000000e+00   0.00000000000e+00
      4725   2.00000000000e+00   0.00000000000e+00
      4726   2.10000000000e+00   0.00000000000e+00
      4727   2.20000000000e+00   0.00000000000e+00
      4728   2.30000000000e+00   0.00000000000e+00
      4729   2.40000000000e+00   0.00000000000e+00
      4730   2.50000000000e+00   0.00000000000e+00
      4731   2.60000000000e+00   0.00000000000e+00
      4732   2.70000000000e+00   0.00000000000e+00
      4733   2.80000000000e+00   0.00000000000e+00
      4734   2.90000000000e+00   0.00000000000e+00
      4735   3.00000000000e+00   0.00000000000e+00
      4736   3.10000000000e+00   0.00000000000e+00
      4737   3.20000000000e+00   0.00000000000e+00
      4738   3.30000000000e+00   0.00000000000e+00
      4739   3.40000000000e+00   0.00000000000e+00
      4740   3.50000000000e+00   0.00000000000e+00
      4741   3.60000000000e+00   0.00000000000e+00
      4742   3.70000000000e+00   0.00000000000e+00
      4743   3.80000000000e+00   0.00000000000e+00
      4744   3.90000000000e+00   0.00000000000e+00
      4745   4.00000000000e+00   0.00000000000e+00
      4746   4.10000000000e+00   0.00000000000e+00
      4747   4.20000000000e+00   0.00000000000e+00
      4748   4.30000000000e+00   0.00000000000e+00
      4749   4.40000000000e+00   0.00000000000e+00
      4750   4.50000000000e+00   0.00000000000e+00
      4751   4.60000000000e+00   0.00000000000e+00
      4752   4.70000000000e+00   0.00000000000e+00
      4753   4.80000000000e+00   0.00000000000e+00
      4754  -4.80000000000e+00   1.00000000000e-01
      4755  -4.70000000000e+00   1.00000000000e-01
      4756  -4.60000000000e+00   1.00000000000e-01
      4757  -4.50000000000e+00   1.00000000000e-01
      4758  -4.40000000000e+00   1.00000000000e-01
      4759  -4.30000000000e+00   1.00000000000e-01
      4760  -4.20000000000e+00   1.00000000000e-01
      4761  -4.10000000000e+00   1.00000000000e-01
      4762  -4.00000000000e+00   1.00000000000e-01
      4763  -3.90000000000e+00   1.00000000000e-01
      4764  -3.80000000000e+00   1.00000000000e-01
      4765  -3.70000000000e+00   1.00000000000e-01
      4766  -3.60000000000e+00   1.00000000000e-01
      4767  -3.50000000000e+00   1.00000000000e-01
      4768  -3.40000000000e+00   1.00000000000e-01
      4769  -3.30000000000e+00   1.00000000000e-01
      4770  -3.20000000000e+00   1.00000000000e-01
      4771  -3.10000000000e+00   1.00000000000e-01
      4772  -3.00000000000e+00   1.00000000000e-01
      4773  -2.90000000000e+00   1.00000000000e-01
      4774  -2.80000000000e+00   1.00000000000e-01
      4775  -2.70000000000e+00   1.00000000000e-01
      4776  -2.60000000000e+00   1.00000000000e-01
      4777  -2.50000000000e+00   1.00000000000e-01
      4778  -2.40000000000e+00   1.00000000000e-01
      4779  -2.30000000000e+00   1.00000000000e-01
      4780  -2.20000000000e+00   1.00000000000e-01
      4781  -2.10000000000e+00   1.00000000000e-01
      4782  -2.00000000000e+00   1.00000000000e-01
      4783  -1.90000000000e+00   1.00000000000e-01
      4784  -1.80000000000e+00   1.00000000000e-01
      4785  -1.70000000000e+00   1.00000000000e-01
      4786  -1.60000000000e+00   1.00000000000e-01
      4787  -1.50000000000e+00   1.00000000000e-01
      4788  -1.40000000000e+00   1.00000000000e-01
      4789  -1.30000000000e+00   1.00000000000e-01
      4790  -1.20000000000e+00   1.00000000000e-01
      4791  -1.10000000000e+00   1.00000000000e-01
      4792  -1.00000000000e+00   1.00000000000e-01
      4793  -9.00000000000e-01   1.00000000000e-01
      4794  -8.00000000000e-01   1.00000000000e-01
      4795  -7.00000000000e-01   1.00000000000e-01
      4796  -6.00000000000e-01   1.00000000000e-01
      4797  -5.00000000000e-01   1.00000000000e-01
      4798  -4.00000000000e-01   1.00000000000e-01
      4799  -3.00000000000e-01   1.00000000000e-01
      4800  -2.00000000000e-01   1.00000000000e-01
      4801  -1.00000000000e-01   1.00000000000e-01
      4802   0.00000000000e+00   1.00000000000e-01
      4803   1.00000000000e-01   1.00000000000e-01
      4804   2.00000000000e-01   1.00000000000e-01
      4805   3.00000000000e-01   1.00000000000e-01
      4806   4.00000000000e-01   1.00000000000e-01
      4807   5.00000000000e-01   1.00000000000e-01
      4808   6.00000000000e-01   1.00000000000e-01
      4809   7.00000000000e-01   1.00000000000e-01
      4810   8.00000000000e-01   1.00000000000e-01
      4811   9.00000000000e-01   1.00000000000e-01
      4812   1.00000000000e+00   1.00000000000e-01
      4813   1.10000000000e+00   1.00000000000e-01
      4814   1.20000000000e+00   1.00000000000e-01
      4815   1.30000000000e+00   1.00000000000e-01
      4816   1.40000000000e+00   1.00000000000e-01
      4817   1.50000000000e+00   1.00000000000e-01
      4818   1.60000000000e+00   1.00000000000e-01
      4819   1.70000000000e+00   1.00000000000e-01
      4820   1.80000000000e+00   1.00000000000e-01
      4821   1.90000000000e+00   1.00000000000e-01
      4822   2.00000000000e+00   1.00000000000e-01
      4823   2.10000000000e+00   1.00000000000e-01
      4824   2.20000000000e+00   1.00000000000e-01
      4825   2.30000000000e+00   1.00000000000e-01
      4826   2.40000000000e+00   1.00000000000e-01
      4827   2.50000000000e+00   1.00000000000e-01
      4828   2.60000000000e+00   1.00000000000e-01
      4829   2.70000000000e+00   1.00000000000e-01
      4830   2.80000000000e+00   1.00000000000e-01
      4831   2.90000000000e+00   1.00000000000e-01
      4832   3.00000000000e+00   1.00000000000e-01
      4833   3.10000000000e+00   1.00000000000e-01
      4834   3.20000000000e+00   1.00000000000e-01
      4835   3.30000000000e+00   1.00000000000e-01
      4836   3.40000000000e+00   1.00000000000e-01
      4837   3.50000000000e+00   1.00000000000e-01
      4838   3.60000000000e+00   1.00000000000e-01
      4839   3.70000000000e+00   1.00000000000e-01
      4840   3.80000000000e+00   1.00000000000e-01
      4841   3.90000000000e+00   1.00000000000e-01
      4842   4.00000000000e+00   1.00000000000e-01
      4843   4.10000000000e+00   1.00000000000e-01
      4844   4.20000000000e+00   1.00000000000e-01
      4845   4.30000000000e+00   1.00000000000e-01
      4846   4.40000000000e+00   1.00000000000e-01
      4847   4.50000000000e+00   1.00000000000e-01
      4848   4.60000000000e+00   1.00000000000e-01
      4849   4.70000000000e+00   1.00000000000e-01
      4850   4.80000000000e+00   1.00000000000e-01
      4851  -4.80000000000e+00   2.00000000000e-01
      4852  -4.70000000000e+00   2.00000000000e-01
      4853  -4.60000000000e+00   2.00000000000e-01
      4854  -4.50000000000e+00   2.00000000000e-01
      4855  -4.40000000000e+00   2.00000000000e-01
      4856  -4.30000000000e+00   2.00000000000e-01
      4857  -4.20000000000e+00   2.00000000000e-01
      4858  -4.10000000000e+00   2.00000000000e-01
      4859  -4.00000000000e+00   2.00000000000e-01
      4860  -3.90000000000e+00   2.00000000000e-01
      4861  -3.80000000000e+00   2.00000000000e-01
      4862  -3.70000000000e+00   2.00000000000e-01
      4863  -3.60000000000e+00   2.00000000000e-01
      4864  -3.50000000000e+00   2.00000000000e-01
      4865  -3.40000000000e+00   2.00000000000e-01
      4866  -3.30000000000e+00   2.00000000000e-01
      4867  -3.20000000000e+00   2.00000000000e-01
      4868  -3.10000000000e+00   2.00000000000e-01
      4869  -3.00000000000e+00   2.00000000000e-01
      4870  -2.90000000000e+00   2.00000000000e-01
      4871  -2.80000000000e+00   2.00000000000e-01
      4872  -2.70000000000e+00   2.00000000000e-01
      4873  -2.60000000000e+00   2.00000000000e-01
      4874  -2.50000000000e+00   2.00000000000e-01
      4875  -2.40000000000e+00   2.00000000000e-01
      4876  -2.30000000000e+00   2.00000000000e-01
      4877  -2.20000000000e+00   2.00000000000e-01
      4878  -2.10000000000e+00   2.00000000000e-01
      4879  -2.00000000000e+00   2.00000000000e-01
      4880  -1.90000000000e+00   2.00000000000e-01
      4881  -1.80000000000e+00   2.00000000000e-01
      4882  -1.70000000000e+00   2.00000000000e-01
      4883  -1.60000000000e+00   2.00000000000e-01
      4884  -1.50000000000e+00   2.00000000000e-01
      4885  -1.40000000000e+00   2.00000000000e-01
      4886  -1.30000000000e+00   2.00000000000e-01
      4887  -1.20000000000e+00   2.00000000000e-01
      4888  -1.10000000000e+00   2.00000000000e-01
      4889  -1.00000000000e+00   2.00000000000e-01
      4890  -9.00000000000e-01   2.00000000000e-01
      4891  -8.00000000000e-01   2.00000000000e-01
      4892  -7.00000000000e-01   2.00000000000e-01
      4893  -6.00000000000e-01   2.00000000000e-01
      4894  -5.00000000000e-01   2.00000000000e-01
      4895  -4.00000000000e-01   2.00000000000e-01
      4896  -3.00000000000e-01   2.00000000000e-01
      4897  -2.00000000000e-01   2.00000000000e-01
      4898  -1.00000000000e-01   2.00000000000e-01
      4899   0.00000000000e+00   2.00000000000e-01
      4900   1.00000000000e-01   2.00000000000e-01
      4901   2.00000000000e-01   2.00000000000e-01
      4902   3.00000000000e-01   2.00000000000e-01
      4903   4.00000000000e-01   2.00000000000e-01
      4904   5.00000000000e-01   2.00000000000e-01
      4905   6.00000000000e-01   2.00000000000e-01
      4906   7.00000000000e-01   2.00000000000e-01
      4907   8.00000000000e-01   2.00000000000e-01
      4908   9.00000000000e-01   2.00000000000e-01
      4909   1.00000000000e+00   2.00000000000e-01
      4910   1.10000000000e+00   2.00000000000e-01
      4911   1.20000000000e+00   2.00000000000e-01
      4912   1.30000000000e+00   2.00000000000e-01
      4913   1.40000000000e+00   2.00000000000e-01
      4914   1.50000000000e+00   2.00000000000e-01
      4915   1.60000000000e+00   2.00000000000e-01
      4916   1.70000000000e+00   2.00000000000e-01
      4917   1.80000000000e+00   2.00000000000e-01
      4918   1.90000000000e+00   2.00000000000e-01
      4919   2.00000000000e+00   2.00000000000e-01
      4920   2.10000000000e+00   2.00000000000e-01
      4921   2.20000000000e+00   2.00000000000e-01
      4922   2.30000000000e+00   2.00000000000e-01
      4923   2.40000000000e+00   2.00000000000e-01
      4924   2.50000000000e+00   2.00000000000e-01
      4925   2.60000000000e+00   2.00000000000e-01
      4926   2.70000000000e+00   2.00000000000e-01
      4927   2.80000000000e+00   2.00000000000e-01
      4928   2.90000000000e+00   2.00000000000e-01
      4929   3.00000000000e+00   2.00000000000e-01
      4930   3.10000000000e+00   2.00000000000e-01
      4931   3.20000000000e+00   2.00000000000e-01
      4932   3.30000000000e+00   2.00000000000e-01
      4933   3.40000000000e+00   2.00000000000e-01
      4934   3.50000000000e+00   2.00000000000e-01
      4935   3.60000000000e+00   2.00000000000e-01
      4936   3.70000000000e+00   2.00000000000e-01
      4937   3.80000000000e+00   2.00000000000e-01
      4938   3.90000000000e+00   2.00000000000e-01
      4939   4.00000000000e+00   2.00000000000e-01
      4940   4.10000000000e+00   2.00000000000e-01
      4941   4.20000000000e+00   2.00000000000e-01
      4942   4.30000000000e+00   2.00000000000e-01
      4943   4.40000000000e+00   2.00000000000e-01
      4944   4.50000000000e+00   2.00000000000e-01
      4945   4.60000000000e+00   2.00000000000e-01
      4946   4.70000000000e+00   2.00000000000e-01
      4947   4.80000000000e+00   2.00000000000e-01
      4948  -4.80000000000e+00   3.00000000000e-01
      4949  -4.70000000000e+00   3.00000000000e-01
      4950  -4.60000000000e+00   3.00000000000e-01
      4951  -4.50000000000e+00   3.00000000000e-01
      4952  -4.40000000000e+00   3.00000000000e-01
      4953  -4.30000000000e+00   3.00000000000e-01
      4954  -4.20000000000e+00   3.00000000000e-01
      4955  -4.10000000000e+00   3.00000000000e-01
      4956  -4.00000000000e+00   3.00000000000e-01
      4957  -3.90000000000e+00   3.00000000000e-01
      4958  -3.80000000000e+00   3.00000000000e-01
      4959  -3.70000000000e+00   3.00000000000e-01
      4960  -3.60000000000e+00   3.00000000000e-01
      4961  -3.50000000000e+00   3.00000000000e-01
      4962  -3.40000000000e+00   3.00000000000e-01
      4963  -3.30000000000e+00   3.00000000000e-01
      4964  -3.20000000000e+00   3.00000000000e-01
      4965  -3.10000000000e+00   3.00000000000e-01
      4966  -3.00000000000e+00   3.00000000000e-01
      4967  -2.90000000000e+00   3.00000000000e-01
      4968  -2.80000000000e+00   3.00000000000e-01
      4969  -2.70000000000e+00   3.00000000000e-01
      4970  -2.60000000000e+00   3.00000000000e-01
      4971  -2.50000000000e+00   3.00000000000e-01
      4972  -2.40000000000e+00   3.00000000000e-01
      4973  -2.30000000000e+00   3.00000000000e-01
      4974  -2.20000000000e+00   3.00000000000e-01
      4975  -2.10000000000e+00   3.00000000000e-01
      4976  -2.00000000000e+00   3.00000000000e-01
      4977  -1.90000000000e+00   3.00000000000e-01
      4978  -1.80000000000e+00   3.00000000000e-01
      4979  -1.70000000000e+00   3.00000000000e-01
      4980  -1.60000000000e+00   3.00000000000e-01
      4981  -1.50000000000e+00   3.00000000000e-01
      4982  -1.40000000000e+00   3.00000000000e-01
      4983  -1.30000000000e+00   3.00000000000e-01
      4984  -1.20000000000e+00   3.00000000000e-01
      4985  -1.10000000000e+00   3.00000000000e-01
      4986  -1.00000000000e+00   3.00000000000e-01
      4987  -9.00000000000e-01   3.00000000000e-01
      4988  -8.00000000000e-01   3.00000000000e-01
      4989  -7.00000000000e-01   3.00000000000e-01
      4990  -6.00000000000e-01   3.00000000000e-01
      4991  -5.00000000000e-01   3.00000000000e-01
      4992  -4.00000000000e-01   3.00000000000e-01
      4993  -3.00000000000e-01   3.00000000000e-01
      4994  -2.00000000000e-01   3.00000000000e-01
      4995  -1.00000000000e-01   3.00000000000e-01
      4996   0.00000000000e+00   3.00000000000e-01
      4997   1.00000000000e-01   3.00000000000e-01
      4998   2.00000000000e-01   3.00000000000e-01
      4999   3.00000000000e-01   3.00000000000e-01
      5000   4.00000000000e-01   3.00000000000e-01
      5001   5.00000000000e-01   3.00000000000e-01
      5002   6.00000000000e-01   3.00000000000e-01
      5003   7.00000000000e-01   3.00000000000e-01
      5004   8.00000000000e-01   3.00000000000e-01
      5005   9.00000000000e-01   3.00000000000e-01
      5006   1.00000000000e+00   3.00000000000e-01
      5007   1.10000000000e+00   3.00000000000e-01
      5008   1.20000000000e+00   3.00000000000e-01
      5009   1.30000000000e+00   3.00000000000e-01
      5010   1.40000000000e+00   3.00000000000e-01
      5011   1.50000000000e+00   3.00000000000e-01
      5012   1.60000000000e+00   3.00000000000e-01
      5013   1.70000000000e+00   3.00000000000e-01
      5014   1.80000000000e+00   3.00000000000e-01
      5015   1.90000000000e+00   3.00000000000e-01
      5016   2.00000000000e+00   3.00000000000e-01
      5017   2.10000000000e+00   3.00000000000e-01
      5018   2.20000000000e+00   3.00000000000e-01
      5019   2.30000000000e+00   3.00000000000e-01
      5020   2.40000000000e+00   3.00000000000e-01
      5021   2.50000000000e+00   3.00000000000e-01
      5022   2.60000000000e+00   3.00000000000e-01
      5023   2.70000000000e+00   3.00000000000e-01
      5024   2.80000000000e+00   3.00000000000e-01
      5025   2.90000000000e+00   3.00000000000e-01
      5026   3.00000000000e+00   3.00000000000e-01
      5027   3.10000000000e+00   3.00000000000e-01
      5028   3.20000000000e+00   3.00000000000e-01
      5029   3.30000000000e+00   3.00000000000e-01
      5030   3.40000000000e+00   3.00000000000e-01
      5031   3.50000000000e+00   3.00000000000e-01
      5032   3.60000000000e+00   3.00000000000e-01
      5033   3.70000000000e+00   3.00000000000e-01
      5034   3.80000000000e+00   3.00000000000e-01
      5035   3.90000000000e+00   3.00000000000e-01
      5036   4.00000000000e+00   3.00000000000e-01
      5037   4.10000000000e+00   3.00000000000e-01
      5038   4.20000000000e+00   3.00000000000e-01
      5039   4.30000000000e+00   3.00000000000e-01
      5040   4.40000000000e+00   3.00000000000e-01
      5041   4.50000000000e+00   3.00000000000e-01
      5042   4.60000000000e+00   3.00000000000e-01
      5043   4.70000000000e+00   3.00000000000e-01
      5044   4.80000000000e+00   3.00000000000e-01
      5045  -4.80000000000e+00   4.00000000000e-01
      5046  -4.70000000000e+00   4.00000000000e-01
      5047  -4.60000000000e+00   4.00000000000e-01
      5048  -4.50000000000e+00   4.00000000000e-01
      5049  -4.40000000000e+00   4.00000000000e-01
      5050  -4.30000000000e+00   4.00000000000e-01
      5051  -4.20000000000e+00   4.00000000000e-01
      5052  -4.10000000000e+00   4.00000000000e-01
      5053  -4.00000000000e+00   4.00000000000e-01
      5054  -3.90000000000e+00   4.00000000000e-01
      5055  -3.80000000000e+00   4.00000000000e-01
      5056  -3.70000000000e+00   4.00000000000e-01
      5057  -3.60000000000e+00   4.00000000000e-01
      5058  -3.50000000000e+00   4.00000000000e-01
      5059  -3.40000000000e+00   4.00000000000e-01
      5060  -3.30000000000e+00   4.00000000000e-01
      5061  -3.20000000000e+00   4.00000000000e-01
      5062  -3.10000000000e+00   4.00000000000e-01
      5063  -3.00000000000e+00   4.00000000000e-01
      5064  -2.90000000000e+00   4.00000000000e-01
      5065  -2.80000000000e+00   4.00000000000e-01
      5066  -2.70000000000e+00   4.00000000000e-01
      5067  -2.60000000000e+00   4.00000000000e-01
      5068  -2.50000000000e+00   4.00000000000e-01
      5069  -2.40000000000e+00   4.00000000000e-01
      5070  -2.30000000000e+00   4.00000000000e-01
      5071  -2.20000000000e+00   4.00000000000e-01
      5072  -2.10000000000e+00   4.00000000000e-01
      5073  -2.00000000000e+00   4.00000000000e-01
      5074  -1.90000000000e+00   4.00000000000e-01
      5075  -1.80000000000e+00   4.00000000000e-01
      5076  -1.70000000000e+00   4.00000000000e-01
      5077  -1.60000000000e+00   4.00000000000e-01
      5078  -1.50000000000e+00   4.00000000000e-01
      5079  -1.40000000000e+00   4.00000000000e-01
      5080  -1.30000000000e+00   4.00000000000e-01
      5081  -1.20000000000e+00   4.00000000000e-01
      5082  -1.10000000000e+00   4.00000000000e-01
      5083  -1.00000000000e+00   4.00000000000e-01
      5084  -9.00000000000e-01   4.00000000000e-01
      5085  -8.00000000000e-01   4.00000000000e-01
      5086  -7.00000000000e-01   4.00000000000e-01
      5087  -6.00000000000e-01   4.00000000000e-01
      5088  -5.00000000000e-01   4.00000000000e-01
      5089  -4.00000000000e-01   4.00000000000e-01
      5090  -3.00000000000e-01   4.00000000000e-01
      5091  -2.00000000000e-01   4.00000000000e-01
      5092  -1.00000000000e-01   4.00000000000e-01
      5093   0.00000000000e+00   4.00000000000e-01
      5094   1.00000000000e-01   4.00000000000e-01
      5095   2.00000000000e-01   4.00000000000e-01
      5096   3.00000000000e-01   4.00000000000e-01
      5097   4.00000000000e-01   4.00000000000e-01
      5098   5.00000000000e-01   4.00000000000e-01
      5099   6.00000000000e-01   4.00000000000e-01
      5100   7.00000000000e-01   4.00000000000e-01
      5101   8.00000000000e-01   4.00000000000e-01
      5102   9.00000000000e-01   4.00000000000e-01
      5103   1.00000000000e+00   4.00000000000e-01
      5104   1.10000000000e+00   4.00000000000e-01
      5105   1.20000000000e+00   4.00000000000e-01
      5106   1.30000000000e+00   4.00000000000e-01
      5107   1.40000000000e+00   4.00000000000e-01
      5108   1.50000000000e+00   4.00000000000e-01
      5109   1.60000000000e+00   4.00000000000e-01
      5110   1.70000000000e+00   4.00000000000e-01
      5111   1.80000000000e+00   4.00000000000e-01
      5112   1.90000000000e+00   4.00000000000e-01
      5113   2.00000000000e+00   4.00000000000e-01
      5114   2.10000000000e+00   4.00000000000e-01
      5115   2.20000000000e+00   4.00000000000e-01
      5116   2.30000000000e+00   4.00000000000e-01
      5117   2.40000000000e+00   4.00000000000e-01
      5118   2.50000000000e+00   4.00000000000e-01
      5119   2.60000000000e+00   4.00000000000e-01
      5120   2.70000000000e+00   4.00000000000e-01
      5121   2.80000000000e+00   4.00000000000e-01
      5122   2.90000000000e+00   4.00000000000e-01
      5123   3.00000000000e+00   4.00000000000e-01
      5124   3.10000000000e+00   4.00000000000e-01
      5125   3.20000000000e+00   4.00000000000e-01
      5126   3.30000000000e+00   4.00000000000e-01
      5127   3.40000000000e+00   4.00000000000e-01
      5128   3.50000000000e+00   4.00000000000e-01
      5129   3.60000000000e+00   4.00000000000e-01
      5130   3.70000000000e+00   4.00000000000e-01
      5131   3.80000000000e+00   4.00000000000e-01
      5132   3.90000000000e+00   4.00000000000e-01
      5133   4.00000000000e+00   4.00000000000e-01
      5134   4.10000000000e+00   4.00000000000e-01
      5135   4.20000000000e+00   4.00000000000e-01
      5136   4.30000000000e+00   4.00000000000e-01
      5137   4.40000000000e+00   4.00000000000e-01
      5138   4.50000000000e+00   4.00000000000e-01
      5139   4.60000000000e+00   4.00000000000e-01
      5140   4.70000000000e+00   4.00000000000e-01
      5141   4.80000000000e+00   4.00000000000e-01
      5142  -4.80000000000e+00   5.00000000000e-01
      5143  -4.70000000000e+00   5.00000000000e-01
      5144  -4.60000000000e+00   5.00000000000e-01
      5145  -4.50000000000e+00   5.00000000000e-01
      5146  -4.40000000000e+00   5.00000000000e-01
      5147  -4.30000000000e+00   5.00000000000e-01
      5148  -4.20000000000e+00   5.00000000000e-01
      5149  -4.10000000000e+00   5.00000000000e-01
      5150  -4.00000000000e+00   5.00000000000e-01
      5151  -3.90000000000e+00   5.00000000000e-01
      5152  -3.80000000000e+00   5.00000000000e-01
      5153  -3.70000000000e+00   5.00000000000e-01
      5154  -3.60000000000e+00   5.00000000000e-01
      5155  -3.50000000000e+00   5.00000000000e-01
      5156  -3.40000000000e+00   5.00000000000e-01
      5157  -3.30000000000e+00   5.00000000000e-01
      5158  -3.20000000000e+00   5.00000000000e-01
      5159  -3.10000000000e+00   5.00000000000e-01
      5160  -3.00000000000e+00   5.00000000000e-01
      5161  -2.90000000000e+00   5.00000000000e-01
      5162  -2.80000000000e+00   5.00000000000e-01
      5163  -2.70000000000e+00   5.00000000000e-01
      5164  -2.60000000000e+00   5.00000000000e-01
      5165  -2.50000000000e+00   5.00000000000e-01
      5166  -2.40000000000e+00   5.00000000000e-01
      5167  -2.30000000000e+00   5.00000000000e-01
      5168  -2.20000000000e+00   5.00000000000e-01
      5169  -2.10000000000e+00   5.00000000000e-01
      5170  -2.00000000000e+00   5.00000000000e-01
      5171  -1.90000000000e+00   5.00000000000e-01
      5172  -1.80000000000e+00   5.00000000000e-01
      5173  -1.70000000000e+00   5.00000000000e-01
      5174  -1.60000000000e+00   5.00000000000e-01
      5175  -1.50000000000e+00   5.00000000000e-01
      5176  -1.40000000000e+00   5.00000000000e-01
      5177  -1.30000000000e+00   5.00000000000e-01
      5178  -1.20000000000e+00   5.00000000000e-01
      5179  -1.10000000000e+00   5.00000000000e-01
      5180  -1.00000000000e+00   5.00000000000e-01
      5181  -9.00000000000e-01   5.00000000000e-01
      5182  -8.00000000000e-01   5.00000000000e-01
      5183  -7.00000000000e-01   5.00000000000e-01
      5184  -6.00000000000e-01   5.00000000000e-01
      5185  -5.00000000000e-01   5.00000000000e-01
      5186  -4.00000000000e-01   5.00000000000e-01
      5187  -3.00000000000e-01   5.00000000000e-01
      5188  -2.00000000000e-01   5.00000000000e-01
      5189  -1.00000000000e-01   5.00000000000e-01
      5190   0.00000000000e+00   5.00000000000e-01
      5191   1.00000000000e-01   5.00000000000e-01
      5192   2.00000000000e-01   5.00000000000e-01
      5193   3.00000000000e-01   5.00000000000e-01
      5194   4.00000000000e-01   5.00000000000e-01
      5195   5.00000000000e-01   5.00000000000e-01
      5196   6.00000000000e-01   5.00000000000e-01
      5197   7.00000000000e-01   5.00000000000e-01
      5198   8.00000000000e-01   5.00000000000e-01
      5199   9.00000000000e-01   5.00000000000e-01
      5200   1.00000000000e+00   5.00000000000e-01
      5201   1.10000000000e+00   5.00000000000e-01
      5202   1.20000000000e+00   5.00000000000e-01
      5203   1.30000000000e+00   5.00000000000e-01
      5204   1.40000000000e+00   5.00000000000e-01
      5205   1.50000000000e+00   5.00000000000e-01
      5206   1.60000000000e+00   5.00000000000e-01
      5207   1.70000000000e+00   5.00000000000e-01
      5208   1.80000000000e+00   5.00000000000e-01
      5209   1.90000000000e+00   5.00000000000e-01
      5210   2.00000000000e+00   5.00000000000e-01
      5211   2.10000000000e+00   5.00000000000e-01
      5212   2.20000000000e+00   5.00000000000e-01
      5213   2.30000000000e+00   5.00000000000e-01
      5214   2.40000000000e+00   5.00000000000e-01
      5215   2.50000000000e+00   5.00000000000e-01
      5216   2.60000000000e+00   5.00000000000e-01
      5217   2.70000000000e+00   5.00000000000e-01
      5218   2.80000000000e+00   5.00000000000e-01
      5219   2.90000000000e+00   5.00000000000e-01
      5220   3.00000000000e+00   5.00000000000e-01
      5221   3.10000000000e+00   5.00000000000e-01
      5222   3.20000000000e+00   5.00000000000e-01
      5223   3.30000000000e+00   5.00000000000e-01
      5224   3.40000000000e+00   5.00000000000e-01
      5225   3.50000000000e+00   5.00000000000e-01
      5226   3.60000000000e+00   5.00000000000e-01
      5227   3.70000000000e+00   5.00000000000e-01
      5228   3.80000000000e+00   5.00000000000e-01
      5229   3.90000000000e+00   5.00000000000e-01
      5230   4.00000000000e+00   5.00000000000e-01
      5231   4.10000000000e+00   5.00000000000e-01
      5232   4.20000000000e+00   5.00000000000e-01
      5233   4.30000000000e+00   5.00000000000e-01
      5234   4.40000000000e+00   5.00000000000e-01
      5235   4.50000000000e+00   5.00000000000e-01
      5236   4.60000000000e+00   5.00000000000e-01
      5237   4.70000000000e+00   5.00000000000e-01
      5238   4.80000000000e+00   5.00000000000e-01
      5239  -4.80000000000e+00   6.00000000000e-01
      5240  -4.70000000000e+00   6.00000000000e-01
      5241  -4.60000000000e+00   6.00000000000e-01
      5242  -4.50000000000e+00   6.00000000000e-01
      5243  -4.40000000000e+00   6.00000000000e-01
      5244  -4.30000000000e+00   6.00000000000e-01
      5245  -4.20000000000e+00   6.00000000000e-01
      5246  -4.10000000000e+00   6.00000000000e-01
      5247  -4.00000000000e+00   6.00000000000e-01
      5248  -3.90000000000e+00   6.00000000000e-01
      5249  -3.80000000000e+00   6.00000000000e-01
      5250  -3.70000000000e+00   6.00000000000e-01
      5251  -3.60000000000e+00   6.00000000000e-01
      5252  -3.50000000000e+00   6.00000000000e-01
      5253  -3.40000000000e+00   6.00000000000e-01
      5254  -3.30000000000e+00   6.00000000000e-01
      5255  -3.20000000000e+00   6.00000000000e-01
      5256  -3.10000000000e+00   6.00000000000e-01
      5257  -3.00000000000e+00   6.00000000000e-01
      5258  -2.90000000000e+00   6.00000000000e-01
      5259  -2.80000000000e+00   6.00000000000e-01
      5260  -2.70000000000e+00   6.00000000000e-01
      5261  -2.60000000000e+00   6.00000000000e-01
      5262  -2.50000000000e+00   6.00000000000e-01
      5263  -2.40000000000e+00   6.00000000000e-01
      5264  -2.30000000000e+00   6.00000000000e-01
      5265  -2.20000000000e+00   6.00000000000e-01
      5266  -2.10000000000e+00   6.00000000000e-01
      5267  -2.00000000000e+00   6.00000000000e-01
      5268  -1.90000000000e+00   6.00000000000e-01
      5269  -1.80000000000e+00   6.00000000000e-01
      5270  -1.70000000000e+00   6.00000000000e-01
      5271  -1.60000000000e+00   6.00000000000e-01
      5272  -1.50000000000e+00   6.00000000000e-01
      5273  -1.40000000000e+00   6.00000000000e-01
      5274  -1.30000000000e+00   6.00000000000e-01
      5275  -1.20000000000e+00   6.00000000000e-01
      5276  -1.10000000000e+00   6.00000000000e-01
      5277  -1.00000000000e+00   6.00000000000e-01
      5278  -9.00000000000e-01   6.00000000000e-01
      5279  -8.00000000000e-01   6.00000000000e-01
      5280  -7.00000000000e-01   6.00000000000e-01
      5281  -6.00000000000e-01   6.00000000000e-01
      5282  -5.00000000000e-01   6.00000000000e-01
      5283  -4.00000000000e-01   6.00000000000e-01
      5284  -3.00000000000e-01   6.00000000000e-01
      5285  -2.00000000000e-01   6.00000000000e-01
      5286  -1.00000000000e-01   6.00000000000e-01
      5287   0.00000000000e+00   6.00000000000e-01
      5288   1.00000000000e-01   6.00000000000e-01
      5289   2.00000000000e-01   6.00000000000e-01
      5290   3.00000000000e-01   6.00000000000e-01
      5291   4.00000000000e-01   6.00000000000e-01
      5292   5.00000000000e-01   6.00000000000e-01
      5293   6.00000000000e-01   6.00000000000e-01
      5294   7.00000000000e-01   6.00000000000e-01
      5295   8.00000000000e-01   6.00000000000e-01
      5296   9.00000000000e-01   6.00000000000e-01
      5297   1.00000000000e+00   6.00000000000e-01
      5298   1.10000000000e+00   6.00000000000e-01
      5299   1.20000000000e+00   6.00000000000e-01
      5300   1.30000000000e+00   6.00000000000e-01
      5301   1.40000000000e+00   6.00000000000e-01
      5302   1.50000000000e+00   6.00000000000e-01
      5303   1.60000000000e+00   6.00000000000e-01
      5304   1.70000000000e+00   6.00000000000e-01
      5305   1.80000000000e+00   6.00000000000e-01
      5306   1.90000000000e+00   6.00000000000e-01
      5307   2.00000000000e+00   6.00000000000e-01
      5308   2.10000000000e+00   6.00000000000e-01
      5309   2.20000000000e+00   6.00000000000e-01
      5310   2.30000000000e+00   6.00000000000e-01
      5311   2.40000000000e+00   6.00000000000e-01
      5312   2.50000000000e+00   6.00000000000e-01
      5313   2.60000000000e+00   6.00000000000e-01
      5314   2.70000000000e+00   6.00000000000e-01
      5315   2.80000000000e+00   6.00000000000e-01
      5316   2.90000000000e+00   6.00000000000e-01
      5317   3.00000000000e+00   6.00000000000e-01
      5318   3.10000000000e+00   6.00000000000e-01
      5319   3.20000000000e+00   6.00000000000e-01
      5320   3.30000000000e+00   6.00000000000e-01
      5321   3.40000000000e+00   6.00000000000e-01
      5322   3.50000000000e+00   6.00000000000e-01
      5323   3.60000000000e+00   6.00000000000e-01
      5324   3.70000000000e+00   6.00000000000e-01
      5325   3.80000000000e+00   6.00000000000e-01
      5326   3.90000000000e+00   6.00000000000e-01
      5327   4.00000000000e+00   6.00000000000e-01
      5328   4.10000000000e+00   6.00000000000e-01
      5329   4.20000000000e+00   6.00000000000e-01
      5330   4.30000000000e+00   6.00000000000e-01
      5331   4.40000000000e+00   6.00000000000e-01
      5332   4.50000000000e+00   6.00000000000e-01
      5333   4.60000000000e+00   6.00000000000e-01
      5334   4.70000000000e+00   6.00000000000e-01
      5335   4.80000000000e+00   6.00000000000e-01
      5336  -4.80000000000e+00   7.00000000000e-01
      5337  -4.70000000000e+00   7.00000000000e-01
      5338  -4.60000000000e+00   7.00000000000e-01
      5339  -4.50000000000e+00   7.00000000000e-01
      5340  -4.40000000000e+00   7.00000000000e-01
      5341  -4.30000000000e+00   7.00000000000e-01
      5342  -4.20000000000e+00   7.00000000000e-01
      5343  -4.10000000000e+00   7.00000000000e-01
      5344  -4.00000000000e+00   7.00000000000e-01
      5345  -3.90000000000e+00   7.00000000000e-01
      5346  -3.80000000000e+00   7.00000000000e-01
      5347  -3.70000000000e+00   7.00000000000e-01
      5348  -3.60000000000e+00   7.00000000000e-01
      5349  -3.50000000000e+00   7.00000000000e-01
      5350  -3.40000000000e+00   7.00000000000e-01
      5351  -3.30000000000e+00   7.00000000000e-01
      5352  -3.20000000000e+00   7.00000000000e-01
      5353  -3.10000000000e+00   7.00000000000e-01
      5354  -3.00000000000e+00   7.00000000000e-01
      5355  -2.90000000000e+00   7.00000000000e-01
      5356  -2.80000000000e+00   7.00000000000e-01
      5357  -2.70000000000e+00   7.00000000000e-01
      5358  -2.60000000000e+00   7.00000000000e-01
      5359  -2.50000000000e+00   7.00000000000e-01
      5360  -2.40000000000e+00   7.00000000000e-01
      5361  -2.30000000000e+00   7.00000000000e-01
      5362  -2.20000000000e+00   7.00000000000e-01
      5363  -2.10000000000e+00   7.00000000000e-01
      5364  -2.00000000000e+00   7.00000000000e-01
      5365  -1.90000000000e+00   7.00000000000e-01
      5366  -1.80000000000e+00   7.00000000000e-01
      5367  -1.70000000000e+00   7.00000000000e-01
      5368  -1.60000000000e+00   7.00000000000e-01
      5369  -1.50000000000e+00   7.00000000000e-01
      5370  -1.40000000000e+00   7.00000000000e-01
      5371  -1.30000000000e+00   7.00000000000e-01
      5372  -1.20000000000e+00   7.00000000000e-01
      5373  -1.10000000000e+00   7.00000000000e-01
      5374  -1.00000000000e+00   7.00000000000e-01
      5375  -9.00000000000e-01   7.00000000000e-01
      5376  -8.00000000000e-01   7.00000000000e-01
      5377  -7.00000000000e-01   7.00000000000e-01
      5378  -6.00000000000e-01   7.00000000000e-01
      5379  -5.00000000000e-01   7.00000000000e-01
      5380  -4.00000000000e-01   7.00000000000e-01
      5381  -3.00000000000e-01   7.00000000000e-01
      5382  -2.00000000000e-01   7.00000000000e-01
      5383  -1.00000000000e-01   7.00000000000e-01
      5384   0.00000000000e+00   7.00000000000e-01
      5385   1.00000000000e-01   7.00000000000e-01
      5386   2.00000000000e-01   7.00000000000e-01
      5387   3.00000000000e-01   7.00000000000e-01
      5388   4.00000000000e-01   7.00000000000e-01
      5389   5.00000000000e-01   7.00000000000e-01
      5390   6.00000000000e-01   7.00000000000e-01
      5391   7.00000000000e-01   7.00000000000e-01
      5392   8.00000000000e-01   7.00000000000e-01
      5393   9.00000000000e-01   7.00000000000e-01
      5394   1.00000000000e+00   7.00000000000e-01
      5395   1.10000000000e+00   7.00000000000e-01
      5396   1.20000000000e+00   7.00000000000e-01
      5397   1.30000000000e+00   7.00000000000e-01
      5398   1.40000000000e+00   7.00000000000e-01
      5399   1.50000000000e+00   7.00000000000e-01
      5400   1.60000000000e+00   7.00000000000e-01
      5401   1.70000000000e+00   7.00000000000e-01
      5402   1.80000000000e+00   7.00000000000e-01
      5403   1.90000000000e+00   7.00000000000e-01
      5404   2.00000000000e+00   7.00000000000e-01
      5405   2.10000000000e+00   7.00000000000e-01
      5406   2.20000000000e+00   7.00000000000e-01
      5407   2.30000000000e+00   7.00000000000e-01
      5408   2.40000000000e+00   7.00000000000e-01
      5409   2.50000000000e+00   7.00000000000e-01
      5410   2.60000000000e+00   7.00000000000e-01
      5411   2.70000000000e+00   7.00000000000e-01
      5412   2.80000000000e+00   7.00000000000e-01
      5413   2.90000000000e+00   7.00000000000e-01
      5414   3.00000000000e+00   7.00000000000e-01
      5415   3.10000000000e+00   7.00000000000e-01
      5416   3.20000000000e+00   7.00000000000e-01
      5417   3.30000000000e+00   7.00000000000e-01
      5418   3.40000000000e+00   7.00000000000e-01
      5419   3.50000000000e+00   7.00000000000e-01
      5420   3.60000000000e+00   7.00000000000e-01
      5421   3.70000000000e+00   7.00000000000e-01
      5422   3.80000000000e+00   7.00000000000e-01
      5423   3.90000000000e+00   7.00000000000e-01
      5424   4.00000000000e+00   7.00000000000e-01
      5425   4.10000000000e+00   7.00000000000e-01
      5426   4.20000000000e+00   7.00000000000e-01
      5427   4.30000000000e+00   7.00000000000e-01
      5428   4.40000000000e+00   7.00000000000e-01
      5429   4.50000000000e+00   7.00000000000e-01
      5430   4.60000000000e+00   7.00000000000e-01
      5431   4.70000000000e+00   7.00000000000e-01
      5432   4.80000000000e+00   7.00000000000e-01
      5433  -4.80000000000e+00   8.00000000000e-01
      5434  -4.70000000000e+00   8.00000000000e-01
      5435  -4.60000000000e+00   8.00000000000e-01
      5436  -4.50000000000e+00   8.00000000000e-01
      5437  -4.40000000000e+00   8.00000000000e-01
      5438  -4.30000000000e+00   8.00000000000e-01
      5439  -4.20000000000e+00   8.00000000000e-01
      5440  -4.10000000000e+00   8.00000000000e-01
      5441  -4.00000000000e+00   8.00000000000e-01
      5442  -3.90000000000e+00   8.00000000000e-01
      5443  -3.80000000000e+00   8.00000000000e-01
      5444  -3.70000000000e+00   8.00000000000e-01
      5445  -3.60000000000e+00   8.00000000000e-01
      5446  -3.50000000000e+00   8.00000000000e-01
      5447  -3.40000000000e+00   8.00000000000e-01
      5448  -3.30000000000e+00   8.00000000000e-01
      5449  -3.20000000000e+00   8.00000000000e-01
      5450  -3.10000000000e+00   8.00000000000e-01
      5451  -3.00000000000e+00   8.00000000000e-01
      5452  -2.90000000000e+00   8.00000000000e-01
      5453  -2.80000000000e+00   8.00000000000e-01
      5454  -2.70000000000e+00   8.00000000000e-01
      5455  -2.60000000000e+00   8.00000000000e-01
      5456  -2.50000000000e+00   8.00000000000e-01
      5457  -2.40000000000e+00   8.00000000000e-01
      5458  -2.30000000000e+00   8.00000000000e-01
      5459  -2.20000000000e+00   8.00000000000e-01
      5460  -2.10000000000e+00   8.00000000000e-01
      5461  -2.00000000000e+00   8.00000000000e-01
      5462  -1.90000000000e+00   8.00000000000e-01
      5463  -1.80000000000e+00   8.00000000000e-01
      5464  -1.70000000000e+00   8.00000000000e-01
      5465  -1.60000000000e+00   8.00000000000e-01
      5466  -1.50000000000e+00   8.00000000000e-01
      5467  -1.40000000000e+00   8.00000000000e-01
      5468  -1.30000000000e+00   8.00000000000e-01
      5469  -1.20000000000e+00   8.00000000000e-01
      5470  -1.10000000000e+00   8.00000000000e-01
      5471  -1.00000000000e+00   8.00000000000e-01
      5472  -9.00000000000e-01   8.00000000000e-01
      5473  -8.00000000000e-01   8.00000000000e-01
      5474  -7.00000000000e-01   8.00000000000e-01
      5475  -6.00000000000e-01   8.00000000000e-01
      5476  -5.00000000000e-01   8.00000000000e-01
      5477  -4.00000000000e-01   8.00000000000e-01
      5478  -3.00000000000e-01   8.00000000000e-01
      5479  -2.00000000000e-01   8.00000000000e-01
      5480  -1.00000000000e-01   8.00000000000e-01
      5481   0.00000000000e+00   8.00000000000e-01
      5482   1.00000000000e-01   8.00000000000e-01
      5483   2.00000000000e-01   8.00000000000e-01
      5484   3.00000000000e-01   8.00000000000e-01
      5485   4.00000000000e-01   8.00000000000e-01
      5486   5.00000000000e-01   8.00000000000e-01
      5487   6.00000000000e-01   8.00000000000e-01
      5488   7.00000000000e-01   8.00000000000e-01
      5489   8.00000000000e-01   8.00000000000e-01
      5490   9.00000000000e-01   8.00000000000e-01
      5491   1.00000000000e+00   8.00000000000e-01
      5492   1.10000000000e+00   8.00000000000e-01
      5493   1.20000000000e+00   8.00000000000e-01
      5494   1.30000000000e+00   8.00000000000e-01
      5495   1.40000000000e+00   8.00000000000e-01
      5496   1.50000000000e+00   8.00000000000e-01
      5497   1.60000000000e+00   8.00000000000e-01
      5498   1.70000000000e+00   8.00000000000e-01
      5499   1.80000000000e+00   8.00000000000e-01
      5500   1.90000000000e+00   8.00000000000e-01
      5501   2.00000000000e+00   8.00000000000e-01
      5502   2.10000000000e+00   8.00000000000e-01
      5503   2.20000000000e+00   8.00000000000e-01
      5504   2.30000000000e+00   8.00000000000e-01
      5505   2.40000000000e+00   8.00000000000e-01
      5506   2.50000000000e+00   8.00000000000e-01
      5507   2.60000000000e+00   8.00000000000e-01
      5508   2.70000000000e+00   8.00000000000e-01
      5509   2.80000000000e+00   8.00000000000e-01
      5510   2.90000000000e+00   8.00000000000e-01
      5511   3.00000000000e+00   8.00000000000e-01
      5512   3.10000000000e+00   8.00000000000e-01
      5513   3.20000000000e+00   8.00000000000e-01
      5514   3.30000000000e+00   8.00000000000e-01
      5515   3.40000000000e+00   8.00000000000e-01
      5516   3.50000000000e+00   8.00000000000e-01
      5517   3.60000000000e+00   8.00000000000e-01
      5518   3.70000000000e+00   8.00000000000e-01
      5519   3.80000000000e+00   8.00000000000e-01
      5520   3.90000000000e+00   8.00000000000e-01
      5521   4.00000000000e+00   8.00000000000e-01
      5522   4.10000000000e+00   8.00000000000e-01
      5523   4.20000000000e+00   8.00000000000e-01
      5524   4.30000000000e+00   8.00000000000e-01
      5525   4.40000000000e+00   8.00000000000e-01
      5526   4.50000000000e+00   8.00000000000e-01
      5527   4.60000000000e+00   8.00000000000e-01
      5528   4.70000000000e+00   8.00000000000e-01
      5529   4.80000000000e+00   8.00000000000e-01
      5530  -4.80000000000e+00   9.00000000000e-01
      5531  -4.70000000000e+00   9.00000000000e-01
      5532  -4.60000000000e+00   9.00000000000e-01
      5533  -4.50000000000e+00   9.00000000000e-01
      5534  -4.40000000000e+00   9.00000000000e-01
      5535  -4.30000000000e+00   9.00000000000e-01
      5536  -4.20000000000e+00   9.00000000000e-01
      5537  -4.10000000000e+00   9.00000000000e-01
      5538  -4.00000000000e+00   9.00000000000e-01
      5539  -3.90000000000e+00   9.00000000000e-01
      5540  -3.80000000000e+00   9.00000000000e-01
      5541  -3.70000000000e+00   9.00000000000e-01
      5542  -3.60000000000e+00   9.00000000000e-01
      5543  -3.50000000000e+00   9.00000000000e-01
      5544  -3.40000000000e+00   9.00000000000e-01
      5545  -3.30000000000e+00   9.00000000000e-01
      5546  -3.20000000000e+00   9.00000000000e-01
      5547  -3.10000000000e+00   9.00000000000e-01
      5548  -3.00000000000e+00   9.00000000000e-01
      5549  -2.90000000000e+00   9.00000000000e-01
      5550  -2.80000000000e+00   9.00000000000e-01
      5551  -2.70000000000e+00   9.00000000000e-01
      5552  -2.60000000000e+00   9.00000000000e-01
      5553  -2.50000000000e+00   9.00000000000e-01
      5554  -2.40000000000e+00   9.00000000000e-01
      5555  -2.30000000000e+00   9.00000000000e-01
      5556  -2.20000000000e+00   9.00000000000e-01
      5557  -2.10000000000e+00   9.00000000000e-01
      5558  -2.00000000000e+00   9.00000000000e-01
      5559  -1.90000000000e+00   9.00000000000e-01
      5560  -1.80000000000e+00   9.00000000000e-01
      5561  -1.70000000000e+00   9.00000000000e-01
      5562  -1.60000000000e+00   9.00000000000e-01
      5563  -1.50000000000e+00   9.00000000000e-01
      5564  -1.40000000000e+00   9.00000000000e-01
      5565  -1.30000000000e+00   9.00000000000e-01
      5566  -1.20000000000e+00   9.00000000000e-01
      5567  -1.10000000000e+00   9.00000000000e-01
      5568  -1.00000000000e+00   9.00000000000e-01
      5569  -9.00000000000e-01   9.00000000000e-01
      5570  -8.00000000000e-01   9.00000000000e-01
      5571  -7.00000000000e-01   9.00000000000e-01
      5572  -6.00000000000e-01   9.00000000000e-01
      5573  -5.00000000000e-01   9.00000000000e-01
      5574  -4.00000000000e-01   9.00000000000e-01
      5575  -3.00000000000e-01   9.00000000000e-01
      5576  -2.00000000000e-01   9.00000000000e-01
      5577  -1.00000000000e-01   9.00000000000e-01
      5578   0.00000000000e+00   9.00000000000e-01
      5579   1.00000000000e-01   9.00000000000e-01
      5580   2.00000000000e-01   9.00000000000e-01
      5581   3.00000000000e-01   9.00000000000e-01
      5582   4.00000000000e-01   9.00000000000e-01
      5583   5.00000000000e-01   9.00000000000e-01
      5584   6.00000000000e-01   9.00000000000e-01
      5585   7.00000000000e-01   9.00000000000e-01
      5586   8.00000000000e-01   9.00000000000e-01
      5587   9.00000000000e-01   9.00000000000e-01
      5588   1.00000000000e+00   9.00000000000e-01
      5589   1.10000000000e+00   9.00000000000e-01
      5590   1.20000000000e+00   9.00000000000e-01
      5591   1.30000000000e+00   9.00000000000e-01
      5592   1.40000000000e+00   9.00000000000e-01
      5593   1.50000000000e+00   9.00000000000e-01
      5594   1.60000000000e+00   9.00000000000e-01
      5595   1.70000000000e+00   9.00000000000e-01
      5596   1.80000000000e+00   9.00000000000e-01
      5597   1.90000000000e+00   9.00000000000e-01
      5598   2.00000000000e+00   9.00000000000e-01
      5599   2.10000000000e+00   9.00000000000e-01
      5600   2.20000000000e+00   9.00000000000e-01
      5601   2.30000000000e+00   9.00000000000e-01
      5602   2.40000000000e+00   9.00000000000e-01
      5603   2.50000000000e+00   9.00000000000e-01
      5604   2.60000000000e+00   9.00000000000e-01
      5605   2.70000000000e+00   9.00000000000e-01
      5606   2.80000000000e+00   9.00000000000e-01
      5607   2.90000000000e+00   9.00000000000e-01
      5608   3.00000000000e+00   9.00000000000e-01
      5609   3.10000000000e+00   9.00000000000e-01
      5610   3.20000000000e+00   9.00000000000e-01
      5611   3.30000000000e+00   9.00000000000e-01
      5612   3.40000000000e+00   9.00000000000e-01
      5613   3.50000000000e+00   9.00000000000e-01
      5614   3.60000000000e+00   9.00000000000e-01
      5615   3.70000000000e+00   9.00000000000e-01
      5616   3.80000000000e+00   9.00000000000e-01
      5617   3.90000000000e+00   9.00000000000e-01
      5618   4.00000000000e+00   9.00000000000e-01
      5619   4.10000000000e+00   9.00000000000e-01
      5620   4.20000000000e+00   9.00000000000e-01
      5621   4.30000000000e+00   9.00000000000e-01
      5622   4.40000000000e+00   9.00000000000e-01
      5623   4.50000000000e+00   9.00000000000e-01
      5624   4.60000000000e+00   9.00000000000e-01
      5625   4.70000000000e+00   9.00000000000e-01
      5626   4.80000000000e+00   9.00000000000e-01
      5627  -4.80000000000e+00   1.00000000000e+00
      5628  -4.70000000000e+00   1.00000000000e+00
      5629  -4.60000000000e+00   1.00000000000e+00
      5630  -4.50000000000e+00   1.00000000000e+00
      5631  -4.40000000000e+00   1.00000000000e+00
      5632  -4.30000000000e+00   1.00000000000e+00
      5633  -4.20000000000e+00   1.00000000000e+00
      5634  -4.10000000000e+00   1.00000000000e+00
      5635  -4.00000000000e+00   1.00000000000e+00
      5636  -3.90000000000e+00   1.00000000000e+00
      5637  -3.80000000000e+00   1.00000000000e+00
      5638  -3.70000000000e+00   1.00000000000e+00
      5639  -3.60000000000e+00   1.00000000000e+00
      5640  -3.50000000000e+00   1.00000000000e+00
      5641  -3.40000000000e+00   1.00000000000e+00
      5642  -3.30000000000e+00   1.00000000000e+00
      5643  -3.20000000000e+00   1.00000000000e+00
      5644  -3.10000000000e+00   1.00000000000e+00
      5645  -3.00000000000e+00   1.00000000000e+00
      5646  -2.90000000000e+00   1.00000000000e+00
      5647  -2.80000000000e+00   1.00000000000e+00
      5648  -2.70000000000e+00   1.00000000000e+00
      5649  -2.60000000000e+00   1.00000000000e+00
      5650  -2.50000000000e+00   1.00000000000e+00
      5651  -2.40000000000e+00   1.00000000000e+00
      5652  -2.30000000000e+00   1.00000000000e+00
      5653  -2.20000000000e+00   1.00000000000e+00
      5654  -2.10000000000e+00   1.00000000000e+00
      5655  -2.00000000000e+00   1.00000000000e+00
      5656  -1.90000000000e+00   1.00000000000e+00
      5657  -1.80000000000e+00   1.00000000000e+00
      5658  -1.70000000000e+00   1.00000000000e+00
      5659  -1.60000000000e+00   1.00000000000e+00
      5660  -1.50000000000e+00   1.00000000000e+00
      5661  -1.40000000000e+00   1.00000000000e+00
      5662  -1.30000000000e+00   1.00000000000e+00
      5663  -1.20000000000e+00   1.00000000000e+00
      5664  -1.10000000000e+00   1.00000000000e+00
      5665  -1.00000000000e+00   1.00000000000e+00
      5666  -9.00000000000e-01   1.00000000000e+00
      5667  -8.00000000000e-01   1.00000000000e+00
      5668  -7.00000000000e-01   1.00000000000e+00
      5669  -6.00000000000e-01   1.00000000000e+00
      5670  -5.00000000000e-01   1.00000000000e+00
      5671  -4.00000000000e-01   1.00000000000e+00
      5672  -3.00000000000e-01   1.00000000000e+00
      5673  -2.00000000000e-01   1.00000000000e+00
      5674  -1.00000000000e-01   1.00000000000e+00
      5675   0.00000000000e+00   1.00000000000e+00
      5676   1.00000000000e-01   1.00000000000e+00
      5677   2.00000000000e-01   1.00000000000e+00
      5678   3.00000000000e-01   1.00000000000e+00
      5679   4.00000000000e-01   1.00000000000e+00
      5680   5.00000000000e-01   1.00000000000e+00
      5681   6.00000000000e-01   1.00000000000e+00
      5682   7.00000000000e-01   1.00000000000e+00
      5683   8.00000000000e-01   1.00000000000e+00
      5684   9.00000000000e-01   1.00000000000e+00
      5685   1.00000000000e+00   1.00000000000e+00
      5686   1.10000000000e+00   1.00000000000e+00
      5687   1.20000000000e+00   1.00000000000e+00
      5688   1.30000000000e+00   1.00000000000e+00
      5689   1.40000000000e+00   1.00000000000e+00
      5690   1.50000000000e+00   1.00000000000e+00
      5691   1.60000000000e+00   1.00000000000e+00
      5692   1.70000000000e+00   1.00000000000e+00
      5693   1.80000000000e+00   1.00000000000e+00
      5694   1.90000000000e+00   1.00000000000e+00
      5695   2.00000000000e+00   1.00000000000e+00
      5696   2.10000000000e+00   1.00000000000e+00
      5697   2.20000000000e+00   1.00000000000e+00
      5698   2.30000000000e+00   1.00000000000e+00
      5699   2.40000000000e+00   1.00000000000e+00
      5700   2.50000000000e+00   1.00000000000e+00
      5701   2.60000000000e+00   1.00000000000e+00
      5702   2.70000000000e+00   1.00000000000e+00
      5703   2.80000000000e+00   1.00000000000e+00
      5704   2.90000000000e+00   1.00000000000e+00
      5705   3.00000000000e+00   1.00000000000e+00
      5706   3.10000000000e+00   1.00000000000e+00
      5707   3.20000000000e+00   1.00000000000e+00
      5708   3.30000000000e+00   1.00000000000e+00
      5709   3.40000000000e+00   1.00000000000e+00
      5710   3.50000000000e+00   1.00000000000e+00
      5711   3.60000000000e+00   1.00000000000e+00
      5712   3.70000000000e+00   1.00000000000e+00
      5713   3.80000000000e+00   1.00000000000e+00
      5714   3.90000000000e+00   1.00000000000e+00
      5715   4.00000000000e+00   1.00000000000e+00
      5716   4.10000000000e+00   1.00000000000e+00
      5717   4.20000000000e+00   1.00000000000e+00
      5718   4.30000000000e+00   1.00000000000e+00
      5719   4.40000000000e+00   1.00000000000e+00
      5720   4.50000000000e+00   1.00000000000e+00
      5721   4.60000000000e+00   1.00000000000e+00
      5722   4.70000000000e+00   1.00000000000e+00
      5723   4.80000000000e+00   1.00000000000e+00
      5724  -4.80000000000e+00   1.10000000000e+00
      5725  -4.70000000000e+00   1.10000000000e+00
      5726  -4.60000000000e+00   1.10000000000e+00
      5727  -4.50000000000e+00   1.10000000000e+00
      5728  -4.40000000000e+00   1.10000000000e+00
      5729  -4.30000000000e+00   1.10000000000e+00
      5730  -4.20000000000e+00   1.10000000000e+00
      5731  -4.10000000000e+00   1.10000000000e+00
      5732  -4.00000000000e+00   1.10000000000e+00
      5733  -3.90000000000e+00   1.10000000000e+00
      5734  -3.80000000000e+00   1.10000000000e+00
      5735  -3.70000000000e+00   1.10000000000e+00
      5736  -3.60000000000e+00   1.10000000000e+00
      5737  -3.50000000000e+00   1.10000000000e+00
      5738  -3.40000000000e+00   1.10000000000e+00
      5739  -3.30000000000e+00   1.10000000000e+00
      5740  -3.20000000000e+00   1.10000000000e+00
      5741  -3.10000000000e+00   1.10000000000e+00
      5742  -3.00000000000e+00   1.10000000000e+00
      5743  -2.90000000000e+00   1.10000000000e+00
      5744  -2.80000000000e+00   1.10000000000e+00
      5745  -2.70000000000e+00   1.10000000000e+00
      5746  -2.60000000000e+00   1.10000000000e+00
      5747  -2.50000000000e+00   1.10000000000e+00
      5748  -2.40000000000e+00   1.10000000000e+00
      5749  -2.30000000000e+00   1.10000000000e+00
      5750  -2.20000000000e+00   1.10000000000e+00
      5751  -2.10000000000e+00   1.10000000000e+00
      5752  -2.00000000000e+00   1.10000000000e+00
      5753  -1.90000000000e+00   1.10000000000e+00
      5754  -1.80000000000e+00   1.10000000000e+00
      5755  -1.70000000000e+00   1.10000000000e+00
      5756  -1.60000000000e+00   1.10000000000e+00
      5757  -1.50000000000e+00   1.10000000000e+00
      5758  -1.40000000000e+00   1.10000000000e+00
      5759  -1.30000000000e+00   1.10000000000e+00
      5760  -1.20000000000e+00   1.10000000000e+00
      5761  -1.10000000000e+00   1.10000000000e+00
      5762  -1.00000000000e+00   1.10000000000e+00
      5763  -9.00000000000e-01   1.10000000000e+00
      5764  -8.00000000000e-01   1.10000000000e+00
      5765  -7.00000000000e-01   1.10000000000e+00
      5766  -6.00000000000e-01   1.10000000000e+00
      5767  -5.00000000000e-01   1.10000000000e+00
      5768  -4.00000000000e-01   1.10000000000e+00
      5769  -3.00000000000e-01   1.10000000000e+00
      5770  -2.00000000000e-01   1.10000000000e+00
      5771  -1.00000000000e-01   1.10000000000e+00
      5772   0.00000000000e+00   1.10000000000e+00
      5773   1.00000000000e-01   1.10000000000e+00
      5774   2.00000000000e-01   1.10000000000e+00
      5775   3.00000000000e-01   1.10000000000e+00
      5776   4.00000000000e-01   1.10000000000e+00
      5777   5.00000000000e-01   1.10000000000e+00
      5778   6.00000000000e-01   1.10000000000e+00
      5779   7.00000000000e-01   1.10000000000e+00
      5780   8.00000000000e-01   1.10000000000e+00
      5781   9.00000000000e-01   1.10000000000e+00
      5782   1.00000000000e+00   1.10000000000e+00
      5783   1.10000000000e+00   1.10000000000e+00
      5784   1.20000000000e+00   1.10000000000e+00
      5785   1.30000000000e+00   1.10000000000e+00
      5786   1.40000000000e+00   1.10000000000e+00
      5787   1.50000000000e+00   1.10000000000e+00
      5788   1.60000000000e+00   1.10000000000e+00
      5789   1.70000000000e+00   1.10000000000e+00
      5790   1.80000000000e+00   1.10000000000e+00
      5791   1.90000000000e+00   1.10000000000e+00
      5792   2.00000000000e+00   1.10000000000e+00
      5793   2.10000000000e+00   1.10000000000e+00
      5794   2.20000000000e+00   1.10000000000e+00
      5795   2.30000000000e+00   1.10000000000e+00
      5796   2.40000000000e+00   1.10000000000e+00
      5797   2.50000000000e+00   1.10000000000e+00
      5798   2.60000000000e+00   1.10000000000e+00
      5799   2.70000000000e+00   1.10000000000e+00
      5800   2.80000000000e+00   1.10000000000e+00
      5801   2.90000000000e+00   1.10000000000e+00
      5802   3.00000000000e+00   1.10000000000e+00
      5803   3.10000000000e+00   1.10000000000e+00
      5804   3.20000000000e+00   1.10000000000e+00
      5805   3.30000000000e+00   1.10000000000e+00
      5806   3.40000000000e+00   1.10000000000e+00
      5807   3.50000000000e+00   1.10000000000e+00
      5808   3.60000000000e+00   1.10000000000e+00
      5809   3.70000000000e+00   1.10000000000e+00
      5810   3.80000000000e+00   1.10000000000e+00
      5811   3.90000000000e+00   1.10000000000e+00
      5812   4.00000000000e+00   1.10000000000e+00
      5813   4.10000000000e+00   1.10000000000e+00
      5814   4.20000000000e+00   1.10000000000e+00
      5815   4.30000000000e+00   1.10000000000e+00
      5816   4.40000000000e+00   1.10000000000e+00
      5817   4.50000000000e+00   1.10000000000e+00
      5818   4.60000000000e+00   1.10000000000e+00
      5819   4.70000000000e+00   1.10000000000e+00
      5820   4.80000000000e+00   1.10000000000e+00
      5821  -4.80000000000e+00   1.20000000000e+00
      5822  -4.70000000000e+00   1.20000000000e+00
      5823  -4.60000000000e+00   1.20000000000e+00
      5824  -4.50000000000e+00   1.20000000000e+00
      5825  -4.40000000000e+00   1.20000000000e+00
      5826  -4.30000000000e+00   1.20000000000e+00
      5827  -4.20000000000e+00   1.20000000000e+00
      5828  -4.10000000000e+00   1.20000000000e+00
      5829  -4.00000000000e+00   1.20000000000e+00
      5830  -3.90000000000e+00   1.20000000000e+00
      5831  -3.80000000000e+00   1.20000000000e+00
      5832  -3.70000000000e+00   1.20000000000e+00
      5833  -3.60000000000e+00   1.20000000000e+00
      5834  -3.50000000000e+00   1.20000000000e+00
      5835  -3.40000000000e+00   1.20000000000e+00
      5836  -3.30000000000e+00   1.20000000000e+00
      5837  -3.20000000000e+00   1.20000000000e+00
      5838  -3.10000000000e+00   1.20000000000e+00
      5839  -3.00000000000e+00   1.20000000000e+00
      5840  -2.90000000000e+00   1.20000000000e+00
      5841  -2.80000000000e+00   1.20000000000e+00
      5842  -2.70000000000e+00   1.20000000000e+00
      5843  -2.60000000000e+00   1.20000000000e+00
      5844  -2.50000000000e+00   1.20000000000e+00
      5845  -2.40000000000e+00   1.20000000000e+00
      5846  -2.30000000000e+00   1.20000000000e+00
      5847  -2.20000000000e+00   1.20000000000e+00
      5848  -2.10000000000e+00   1.20000000000e+00
      5849  -2.00000000000e+00   1.20000000000e+00
      5850  -1.90000000000e+00   1.20000000000e+00
      5851  -1.80000000000e+00   1.20000000000e+00
      5852  -1.70000000000e+00   1.20000000000e+00
      5853  -1.60000000000e+00   1.20000000000e+00
      5854  -1.50000000000e+00   1.20000000000e+00
      5855  -1.40000000000e+00   1.20000000000e+00
      5856  -1.30000000000e+00   1.20000000000e+00
      5857  -1.20000000000e+00   1.20000000000e+00
      5858  -1.10000000000e+00   1.20000000000e+00
      5859  -1.00000000000e+00   1.20000000000e+00
      5860  -9.00000000000e-01   1.20000000000e+00
      5861  -8.00000000000e-01   1.20000000000e+00
      5862  -7.00000000000e-01   1.20000000000e+00
      5863  -6.00000000000e-01   1.20000000000e+00
      5864  -5.00000000000e-01   1.20000000000e+00
      5865  -4.00000000000e-01   1.20000000000e+00
      5866  -3.00000000000e-01   1.20000000000e+00
      5867  -2.00000000000e-01   1.20000000000e+00
      5868  -1.00000000000e-01   1.20000000000e+00
      5869   0.00000000000e+00   1.20000000000e+00
      5870   1.00000000000e-01   1.20000000000e+00
      5871   2.00000000000e-01   1.20000000000e+00
      5872   3.00000000000e-01   1.20000000000e+00
      5873   4.00000000000e-01   1.20000000000e+00
      5874   5.00000000000e-01   1.20000000000e+00
      5875   6.00000000000e-01   1.20000000000e+00
      5876   7.00000000000e-01   1.20000000000e+00
      5877   8.00000000000e-01   1.20000000000e+00
      5878   9.00000000000e-01   1.20000000000e+00
      5879   1.00000000000e+00   1.20000000000e+00
      5880   1.10000000000e+00   1.20000000000e+00
      5881   1.20000000000e+00   1.20000000000e+00
      5882   1.30000000000e+00   1.20000000000e+00
      5883   1.40000000000e+00   1.20000000000e+00
      5884   1.50000000000e+00   1.20000000000e+00
      5885   1.60000000000e+00   1.20000000000e+00
      5886   1.70000000000e+00   1.20000000000e+00
      5887   1.80000000000e+00   1.20000000000e+00
      5888   1.90000000000e+00   1.20000000000e+00
      5889   2.00000000000e+00   1.20000000000e+00
      5890   2.10000000000e+00   1.20000000000e+00
      5891   2.20000000000e+00   1.20000000000e+00
      5892   2.30000000000e+00   1.20000000000e+00
      5893   2.40000000000e+00   1.20000000000e+00
      5894   2.50000000000e+00   1.20000000000e+00
      5895   2.60000000000e+00   1.20000000000e+00
      5896   2.70000000000e+00   1.20000000000e+00
      5897   2.80000000000e+00   1.20000000000e+00
      5898   2.90000000000e+00   1.20000000000e+00
      5899   3.00000000000e+00   1.20000000000e+00
      5900   3.10000000000e+00   1.20000000000e+00
      5901   3.20000000000e+00   1.20000000000e+00
      5902   3.30000000000e+00   1.20000000000e+00
      5903   3.40000000000e+00   1.20000000000e+00
      5904   3.50000000000e+00   1.20000000000e+00
      5905   3.60000000000e+00   1.20000000000e+00
      5906   3.70000000000e+00   1.20000000000e+00
      5907   3.80000000000e+00   1.20000000000e+00
      5908   3.90000000000e+00   1.20000000000e+00
      5909   4.00000000000e+00   1.20000000000e+00
      5910   4.10000000000e+00   1.20000000000e+00
      5911   4.20000000000e+00   1.20000000000e+00
      5912   4.30000000000e+00   1.20000000000e+00
      5913   4.40000000000e+00   1.20000000000e+00
      5914   4.50000000000e+00   1.20000000000e+00
      5915   4.60000000000e+00   1.20000000000e+00
      5916   4.70000000000e+00   1.20000000000e+00
      5917   4.80000000000e+00   1.20000000000e+00
      5918  -4.80000000000e+00   1.30000000000e+00
      5919  -4.70000000000e+00   1.30000000000e+00
      5920  -4.60000000000e+00   1.30000000000e+00
      5921  -4.50000000000e+00   1.30000000000e+00
      5922  -4.40000000000e+00   1.30000000000e+00
      5923  -4.30000000000e+00   1.30000000000e+00
      5924  -4.20000000000e+00   1.30000000000e+00
      5925  -4.10000000000e+00   1.30000000000e+00
      5926  -4.00000000000e+00   1.30000000000e+00
      5927  -3.90000000000e+00   1.30000000000e+00
      5928  -3.80000000000e+00   1.30000000000e+00
      5929  -3.70000000000e+00   1.30000000000e+00
      5930  -3.60000000000e+00   1.30000000000e+00
      5931  -3.50000000000e+00   1.30000000000e+00
      5932  -3.40000000000e+00   1.30000000000e+00
      5933  -3.30000000000e+00   1.30000000000e+00
      5934  -3.20000000000e+00   1.30000000000e+00
      5935  -3.10000000000e+00   1.30000000000e+00
      5936  -3.00000000000e+00   1.30000000000e+00
      5937  -2.90000000000e+00   1.30000000000e+00
      5938  -2.80000000000e+00   1.30000000000e+00
      5939  -2.70000000000e+00   1.30000000000e+00
      5940  -2.60000000000e+00   1.30000000000e+00
      5941  -2.50000000000e+00   1.30000000000e+00
      5942  -2.40000000000e+00   1.30000000000e+00
      5943  -2.30000000000e+00   1.30000000000e+00
      5944  -2.20000000000e+00   1.30000000000e+00
      5945  -2.10000000000e+00   1.30000000000e+00
      5946  -2.00000000000e+00   1.30000000000e+00
      5947  -1.90000000000e+00   1.30000000000e+00
      5948  -1.80000000000e+00   1.30000000000e+00
      5949  -1.70000000000e+00   1.30000000000e+00
      5950  -1.60000000000e+00   1.30000000000e+00
      5951  -1.50000000000e+00   1.30000000000e+00
      5952  -1.40000000000e+00   1.30000000000e+00
      5953  -1.30000000000e+00   1.30000000000e+00
      5954  -1.20000000000e+00   1.30000000000e+00
      5955  -1.10000000000e+00   1.30000000000e+00
      5956  -1.00000000000e+00   1.30000000000e+00
      5957  -9.00000000000e-01   1.30000000000e+00
      5958  -8.00000000000e-01   1.30000000000e+00
      5959  -7.00000000000e-01   1.30000000000e+00
      5960  -6.00000000000e-01   1.30000000000e+00
      5961  -5.00000000000e-01   1.30000000000e+00
      5962  -4.00000000000e-01   1.30000000000e+00
      5963  -3.00000000000e-01   1.30000000000e+00
      5964  -2.00000000000e-01   1.30000000000e+00
      5965  -1.00000000000e-01   1.30000000000e+00
      5966   0.00000000000e+00   1.30000000000e+00
      5967   1.00000000000e-01   1.30000000000e+00
      5968   2.00000000000e-01   1.30000000000e+00
      5969   3.00000000000e-01   1.30000000000e+00
      5970   4.00000000000e-01   1.30000000000e+00
      5971   5.00000000000e-01   1.30000000000e+00
      5972   6.00000000000e-01   1.30000000000e+00
      5973   7.00000000000e-01   1.30000000000e+00
      5974   8.00000000000e-01   1.30000000000e+00
      5975   9.00000000000e-01   1.30000000000e+00
      5976   1.00000000000e+00   1.30000000000e+00
      5977   1.10000000000e+00   1.30000000000e+00
      5978   1.20000000000e+00   1.30000000000e+00
      5979   1.30000000000e+00   1.30000000000e+00
      5980   1.40000000000e+00   1.30000000000e+00
      5981   1.50000000000e+00   1.30000000000e+00
      5982   1.60000000000e+00   1.30000000000e+00
      5983   1.70000000000e+00   1.30000000000e+00
      5984   1.80000000000e+00   1.30000000000e+00
      5985   1.90000000000e+00   1.30000000000e+00
      5986   2.00000000000e+00   1.30000000000e+00
      5987   2.10000000000e+00   1.30000000000e+00
      5988   2.20000000000e+00   1.30000000000e+00
      5989   2.30000000000e+00   1.30000000000e+00
      5990   2.40000000000e+00   1.30000000000e+00
      5991   2.50000000000e+00   1.30000000000e+00
      5992   2.60000000000e+00   1.30000000000e+00
      5993   2.70000000000e+00   1.30000000000e+00
      5994   2.80000000000e+00   1.30000000000e+00
      5995   2.90000000000e+00   1.30000000000e+00
      5996   3.00000000000e+00   1.30000000000e+00
      5997   3.10000000000e+00   1.30000000000e+00
      5998   3.20000000000e+00   1.30000000000e+00
      5999   3.30000000000e+00   1.30000000000e+00
      6000   3.40000000000e+00   1.30000000000e+00
      6001   3.50000000000e+00   1.30000000000e+00
      6002   3.60000000000e+00   1.30000000000e+00
      6003   3.70000000000e+00   1.30000000000e+00
      6004   3.80000000000e+00   1.30000000000e+00
      6005   3.90000000000e+00   1.30000000000e+00
      6006   4.00000000000e+00   1.30000000000e+00
      6007   4.10000000000e+00   1.30000000000e+00
      6008   4.20000000000e+00   1.30000000000e+00
      6009   4.30000000000e+00   1.30000000000e+00
      6010   4.40000000000e+00   1.30000000000e+00
      6011   4.50000000000e+00   1.30000000000e+00
      6012   4.60000000000e+00   1.30000000000e+00
      6013   4.70000000000e+00   1.30000000000e+00
      6014   4.80000000000e+00   1.30000000000e+00
      6015  -4.80000000000e+00   1.40000000000e+00
      6016  -4.70000000000e+00   1.40000000000e+00
      6017  -4.60000000000e+00   1.40000000000e+00
      6018  -4.50000000000e+00   1.40000000000e+00
      6019  -4.40000000000e+00   1.40000000000e+00
      6020  -4.30000000000e+00   1.40000000000e+00
      6021  -4.20000000000e+00   1.40000000000e+00
      6022  -4.10000000000e+00   1.40000000000e+00
      6023  -4.00000000000e+00   1.40000000000e+00
      6024  -3.90000000000e+00   1.40000000000e+00
      6025  -3.80000000000e+00   1.40000000000e+00
      6026  -3.70000000000e+00   1.40000000000e+00
      6027  -3.60000000000e+00   1.40000000000e+00
      6028  -3.50000000000e+00   1.40000000000e+00
      6029  -3.40000000000e+00   1.40000000000e+00
      6030  -3.30000000000e+00   1.40000000000e+00
      6031  -3.20000000000e+00   1.40000000000e+00
      6032  -3.10000000000e+00   1.40000000000e+00
      6033  -3.00000000000e+00   1.40000000000e+00
      6034  -2.90000000000e+00   1.40000000000e+00
      6035  -2.80000000000e+00   1.40000000000e+00
      6036  -2.70000000000e+00   1.40000000000e+00
      6037  -2.60000000000e+00   1.40000000000e+00
      6038  -2.50000000000e+00   1.40000000000e+00
      6039  -2.40000000000e+00   1.40000000000e+00
      6040  -2.30000000000e+00   1.40000000000e+00
      6041  -2.20000000000e+00   1.40000000000e+00
      6042  -2.10000000000e+00   1.40000000000e+00
      6043  -2.00000000000e+00   1.40000000000e+00
      6044  -1.90000000000e+00   1.40000000000e+00
      6045  -1.80000000000e+00   1.40000000000e+00
      6046  -1.70000000000e+00   1.40000000000e+00
      6047  -1.60000000000e+00   1.40000000000e+00
      6048  -1.50000000000e+00   1.40000000000e+00
      6049  -1.40000000000e+00   1.40000000000e+00
      6050  -1.30000000000e+00   1.40000000000e+00
      6051  -1.20000000000e+00   1.40000000000e+00
      6052  -1.10000000000e+00   1.40000000000e+00
      6053  -1.00000000000e+00   1.40000000000e+00
      6054  -9.00000000000e-01   1.40000000000e+00
      6055  -8.00000000000e-01   1.40000000000e+00
      6056  -7.00000000000e-01   1.40000000000e+00
      6057  -6.00000000000e-01   1.40000000000e+00
      6058  -5.00000000000e-01   1.40000000000e+00
      6059  -4.00000000000e-01   1.40000000000e+00
      6060  -3.00000000000e-01   1.40000000000e+00
      6061  -2.00000000000e-01   1.40000000000e+00
      6062  -1.00000000000e-01   1.40000000000e+00
      6063   0.00000000000e+00   1.40000000000e+00
      6064   1.00000000000e-01   1.40000000000e+00
      6065   2.00000000000e-01   1.40000000000e+00
      6066   3.00000000000e-01   1.40000000000e+00
      6067   4.00000000000e-01   1.40000000000e+00
      6068   5.00000000000e-01   1.40000000000e+00
      6069   6.00000000000e-01   1.40000000000e+00
      6070   7.00000000000e-01   1.40000000000e+00
      6071   8.00000000000e-01   1.40000000000e+00
      6072   9.00000000000e-01   1.40000000000e+00
      6073   1.00000000000e+00   1.40000000000e+00
      6074   1.10000000000e+00   1.40000000000e+00
      6075   1.20000000000e+00   1.40000000000e+00
      6076   1.30000000000e+00   1.40000000000e+00
      6077   1.40000000000e+00   1.40000000000e+00
      6078   1.50000000000e+00   1.40000000000e+00
      6079   1.60000000000e+00   1.40000000000e+00
      6080   1.70000000000e+00   1.40000000000e+00
      6081   1.80000000000e+00   1.40000000000e+00
      6082   1.90000000000e+00   1.40000000000e+00
      6083   2.00000000000e+00   1.40000000000e+00
      6084   2.10000000000e+00   1.40000000000e+00
      6085   2.20000000000e+00   1.40000000000e+00
      6086   2.30000000000e+00   1.40000000000e+00
      6087   2.40000000000e+00   1.40000000000e+00
      6088   2.50000000000e+00   1.40000000000e+00
      6089   2.60000000000e+00   1.40000000000e+00
      6090   2.70000000000e+00   1.40000000000e+00
      6091   2.80000000000e+00   1.40000000000e+00
      6092   2.90000000000e+00   1.40000000000e+00
      6093   3.00000000000e+00   1.40000000000e+00
      6094   3.10000000000e+00   1.40000000000e+00
      6095   3.20000000000e+00   1.40000000000e+00
      6096   3.30000000000e+00   1.40000000000e+00
      6097   3.40000000000e+00   1.40000000000e+00
      6098   3.50000000000e+00   1.40000000000e+00
      6099   3.60000000000e+00   1.40000000000e+00
      6100   3.70000000000e+00   1.40000000000e+00
      6101   3.80000000000e+00   1.40000000000e+00
      6102   3.90000000000e+00   1.40000000000e+00
      6103   4.00000000000e+00   1.40000000000e+00
      6104   4.10000000000e+00   1.40000000000e+00
      6105   4.20000000000e+00   1.40000000000e+00
      6106   4.30000000000e+00   1.40000000000e+00
      6107   4.40000000000e+00   1.40000000000e+00
      6108   4.50000000000e+00   1.40000000000e+00
      6109   4.60000000000e+00   1.40000000000e+00
      6110   4.70000000000e+00   1.40000000000e+00
      6111   4.80000000000e+00   1.40000000000e+00
      6112  -4.80000000000e+00   1.50000000000e+00
      6113  -4.70000000000e+00   1.50000000000e+00
      6114  -4.60000000000e+00   1.50000000000e+00
      6115  -4.50000000000e+00   1.50000000000e+00
      6116  -4.40000000000e+00   1.50000000000e+00
      6117  -4.30000000000e+00   1.50000000000e+00
      6118  -4.20000000000e+00   1.50000000000e+00
      6119  -4.10000000000e+00   1.50000000000e+00
      6120  -4.00000000000e+00   1.50000000000e+00
      6121  -3.90000000000e+00   1.50000000000e+00
      6122  -3.80000000000e+00   1.50000000000e+00
      6123  -3.70000000000e+00   1.50000000000e+00
      6124  -3.60000000000e+00   1.50000000000e+00
      6125  -3.50000000000e+00   1.50000000000e+00
      6126  -3.40000000000e+00   1.50000000000e+00
      6127  -3.30000000000e+00   1.50000000000e+00
      6128  -3.20000000000e+00   1.50000000000e+00
      6129  -3.10000000000e+00   1.50000000000e+00
      6130  -3.00000000000e+00   1.50000000000e+00
      6131  -2.90000000000e+00   1.50000000000e+00
      6132  -2.80000000000e+00   1.50000000000e+00
      6133  -2.70000000000e+00   1.50000000000e+00
      6134  -2.60000000000e+00   1.50000000000e+00
      6135  -2.50000000000e+00   1.50000000000e+00
      6136  -2.40000000000e+00   1.50000000000e+00
      6137  -2.30000000000e+00   1.50000000000e+00
      6138  -2.20000000000e+00   1.50000000000e+00
      6139  -2.10000000000e+00   1.50000000000e+00
      6140  -2.00000000000e+00   1.50000000000e+00
      6141  -1.90000000000e+00   1.50000000000e+00
      6142  -1.80000000000e+00   1.50000000000e+00
      6143  -1.70000000000e+00   1.50000000000e+00
      6144  -1.60000000000e+00   1.50000000000e+00
      6145  -1.50000000000e+00   1.50000000000e+00
      6146  -1.40000000000e+00   1.50000000000e+00
      6147  -1.30000000000e+00   1.50000000000e+00
      6148  -1.20000000000e+00   1.50000000000e+00
      6149  -1.10000000000e+00   1.50000000000e+00
      6150  -1.00000000000e+00   1.50000000000e+00
      6151  -9.00000000000e-01   1.50000000000e+00
      6152  -8.00000000000e-01   1.50000000000e+00
      6153  -7.00000000000e-01   1.50000000000e+00
      6154  -6.00000000000e-01   1.50000000000e+00
      6155  -5.00000000000e-01   1.50000000000e+00
      6156  -4.00000000000e-01   1.50000000000e+00
      6157  -3.00000000000e-01   1.50000000000e+00
      6158  -2.00000000000e-01   1.50000000000e+00
      6159  -1.00000000000e-01   1.50000000000e+00
      6160   0.00000000000e+00   1.50000000000e+00
      6161   1.00000000000e-01   1.50000000000e+00
      6162   2.00000000000e-01   1.50000000000e+00
      6163   3.00000000000e-01   1.50000000000e+00
      6164   4.00000000000e-01   1.50000000000e+00
      6165   5.00000000000e-01   1.50000000000e+00
      6166   6.00000000000e-01   1.50000000000e+00
      6167   7.00000000000e-01   1.50000000000e+00
      6168   8.00000000000e-01   1.50000000000e+00
      6169   9.00000000000e-01   1.50000000000e+00
      6170   1.00000000000e+00   1.50000000000e+00
      6171   1.10000000000e+00   1.50000000000e+00
      6172   1.20000000000e+00   1.50000000000e+00
      6173   1.30000000000e+00   1.50000000000e+00
      6174   1.40000000000e+00   1.50000000000e+00
      6175   1.50000000000e+00   1.50000000000e+00
      6176   1.60000000000e+00   1.50000000000e+00
      6177   1.70000000000e+00   1.50000000000e+00
      6178   1.80000000000e+00   1.50000000000e+00
      6179   1.90000000000e+00   1.50000000000e+00
      6180   2.00000000000e+00   1.50000000000e+00
      6181   2.10000000000e+00   1.50000000000e+00
      6182   2.20000000000e+00   1.50000000000e+00
      6183   2.30000000000e+00   1.50000000000e+00
      6184   2.40000000000e+00   1.50000000000e+00
      6185   2.50000000000e+00   1.50000000000e+00
      6186   2.60000000000e+00   1.50000000000e+00
      6187   2.70000000000e+00   1.50000000000e+00
      6188   2.80000000000e+00   1.50000000000e+00
      6189   2.90000000000e+00   1.50000000000e+00
      6190   3.00000000000e+00   1.50000000000e+00
      6191   3.10000000000e+00   1.50000000000e+00
      6192   3.20000000000e+00   1.50000000000e+00
      6193   3.30000000000e+00   1.50000000000e+00
      6194   3.40000000000e+00   1.50000000000e+00
      6195   3.50000000000e+00   1.50000000000e+00
      6196   3.60000000000e+00   1.50000000000e+00
      6197   3.70000000000e+00   1.50000000000e+00
      6198   3.80000000000e+00   1.50000000000e+00
      6199   3.90000000000e+00   1.50000000000e+00
      6200   4.00000000000e+00   1.50000000000e+00
      6201   4.10000000000e+00   1.50000000000e+00
      6202   4.20000000000e+00   1.50000000000e+00
      6203   4.30000000000e+00   1.50000000000e+00
      6204   4.40000000000e+00   1.50000000000e+00
      6205   4.50000000000e+00   1.50000000000e+00
      6206   4.60000000000e+00   1.50000000000e+00
      6207   4.70000000000e+00   1.50000000000e+00
      6208   4.80000000000e+00   1.50000000000e+00
      6209  -4.80000000000e+00   1.60000000000e+00
      6210  -4.70000000000e+00   1.60000000000e+00
      6211  -4.60000000000e+00   1.60000000000e+00
      6212  -4.50000000000e+00   1.60000000000e+00
      6213  -4.40000000000e+00   1.60000000000e+00
      6214  -4.30000000000e+00   1.60000000000e+00
      6215  -4.20000000000e+00   1.60000000000e+00
      6216  -4.10000000000e+00   1.60000000000e+00
      6217  -4.00000000000e+00   1.60000000000e+00
      6218  -3.90000000000e+00   1.60000000000e+00
      6219  -3.80000000000e+00   1.60000000000e+00
      6220  -3.70000000000e+00   1.60000000000e+00
      6221  -3.60000000000e+00   1.60000000000e+00
      6222  -3.50000000000e+00   1.60000000000e+00
      6223  -3.40000000000e+00   1.60000000000e+00
      6224  -3.30000000000e+00   1.60000000000e+00
      6225  -3.20000000000e+00   1.60000000000e+00
      6226  -3.10000000000e+00   1.60000000000e+00
      6227  -3.00000000000e+00   1.60000000000e+00
      6228  -2.90000000000e+00   1.60000000000e+00
      6229  -2.80000000000e+00   1.60000000000e+00
      6230  -2.70000000000e+00   1.60000000000e+00
      6231  -2.60000000000e+00   1.60000000000e+00
      6232  -2.50000000000e+00   1.60000000000e+00
      6233  -2.40000000000e+00   1.60000000000e+00
      6234  -2.30000000000e+00   1.60000000000e+00
      6235  -2.20000000000e+00   1.60000000000e+00
      6236  -2.10000000000e+00   1.60000000000e+00
      6237  -2.00000000000e+00   1.60000000000e+00
      6238  -1.90000000000e+00   1.60000000000e+00
      6239  -1.80000000000e+00   1.60000000000e+00
      6240  -1.70000000000e+00   1.60000000000e+00
      6241  -1.60000000000e+00   1.60000000000e+00
      6242  -1.50000000000e+00   1.60000000000e+00
      6243  -1.40000000000e+00   1.60000000000e+00
      6244  -1.30000000000e+00   1.60000000000e+00
      6245  -1.20000000000e+00   1.60000000000e+00
      6246  -1.10000000000e+00   1.60000000000e+00
      6247  -1.00000000000e+00   1.60000000000e+00
      6248  -9.00000000000e-01   1.60000000000e+00
      6249  -8.00000000000e-01   1.60000000000e+00
      6250  -7.00000000000e-01   1.60000000000e+00
      6251  -6.00000000000e-01   1.60000000000e+00
      6252  -5.00000000000e-01   1.60000000000e+00
      6253  -4.00000000000e-01   1.60000000000e+00
      6254  -3.00000000000e-01   1.60000000000e+00
      6255  -2.00000000000e-01   1.60000000000e+00
      6256  -1.00000000000e-01   1.60000000000e+00
      6257   0.00000000000e+00   1.60000000000e+00
      6258   1.00000000000e-01   1.60000000000e+00
      6259   2.00000000000e-01   1.60000000000e+00
      6260   3.00000000000e-01   1.60000000000e+00
      6261   4.00000000000e-01   1.60000000000e+00
      6262   5.00000000000e-01   1.60000000000e+00
      6263   6.00000000000e-01   1.60000000000e+00
      6264   7.00000000000e-01   1.60000000000e+00
      6265   8.00000000000e-01   1.60000000000e+00
      6266   9.00000000000e-01   1.60000000000e+00
      6267   1.00000000000e+00   1.60000000000e+00
      6268   1.10000000000e+00   1.60000000000e+00
      6269   1.20000000000e+00   1.60000000000e+00
      6270   1.30000000000e+00   1.60000000000e+00
      6271   1.40000000000e+00   1.60000000000e+00
      6272   1.50000000000e+00   1.60000000000e+00
      6273   1.60000000000e+00   1.60000000000e+00
      6274   1.70000000000e+00   1.60000000000e+00
      6275   1.80000000000e+00   1.60000000000e+00
      6276   1.90000000000e+00   1.60000000000e+00
      6277   2.00000000000e+00   1.60000000000e+00
      6278   2.10000000000e+00   1.60000000000e+00
      6279   2.20000000000e+00   1.60000000000e+00
      6280   2.30000000000e+00   1.60000000000e+00
      6281   2.40000000000e+00   1.60000000000e+00
      6282   2.50000000000e+00   1.60000000000e+00
      6283   2.60000000000e+00   1.60000000000e+00
      6284   2.70000000000e+00   1.60000000000e+00
      6285   2.80000000000e+00   1.60000000000e+00
      6286   2.90000000000e+00   1.60000000000e+00
      6287   3.00000000000e+00   1.60000000000e+00
      6288   3.10000000000e+00   1.60000000000e+00
      6289   3.20000000000e+00   1.60000000000e+00
      6290   3.30000000000e+00   1.60000000000e+00
      6291   3.40000000000e+00   1.60000000000e+00
      6292   3.50000000000e+00   1.60000000000e+00
      6293   3.60000000000e+00   1.60000000000e+00
      6294   3.70000000000e+00   1.60000000000e+00
      6295   3.80000000000e+00   1.60000000000e+00
      6296   3.90000000000e+00   1.60000000000e+00
      6297   4.00000000000e+00   1.60000000000e+00
      6298   4.10000000000e+00   1.60000000000e+00
      6299   4.20000000000e+00   1.60000000000e+00
      6300   4.30000000000e+00   1.60000000000e+00
      6301   4.40000000000e+00   1.60000000000e+00
      6302   4.50000000000e+00   1.60000000000e+00
      6303   4.60000000000e+00   1.60000000000e+00
      6304   4.70000000000e+00   1.60000000000e+00
      6305   4.80000000000e+00   1.60000000000e+00
      6306  -4.80000000000e+00   1.70000000000e+00
      6307  -4.70000000000e+00   1.70000000000e+00
      6308  -4.60000000000e+00   1.70000000000e+00
      6309  -4.50000000000e+00   1.70000000000e+00
      6310  -4.40000000000e+00   1.70000000000e+00
      6311  -4.30000000000e+00   1.70000000000e+00
      6312  -4.20000000000e+00   1.70000000000e+00
      6313  -4.10000000000e+00   1.70000000000e+00
      6314  -4.00000000000e+00   1.70000000000e+00
      6315  -3.90000000000e+00   1.70000000000e+00
      6316  -3.80000000000e+00   1.70000000000e+00
      6317  -3.70000000000e+00   1.70000000000e+00
      6318  -3.60000000000e+00   1.70000000000e+00
      6319  -3.50000000000e+00   1.70000000000e+00
      6320  -3.40000000000e+00   1.70000000000e+00
      6321  -3.30000000000e+00   1.70000000000e+00
      6322  -3.20000000000e+00   1.70000000000e+00
      6323  -3.10000000000e+00   1.70000000000e+00
      6324  -3.00000000000e+00   1.70000000000e+00
      6325  -2.90000000000e+00   1.70000000000e+00
      6326  -2.80000000000e+00   1.70000000000e+00
      6327  -2.70000000000e+00   1.70000000000e+00
      6328  -2.60000000000e+00   1.70000000000e+00
      6329  -2.50000000000e+00   1.70000000000e+00
      6330  -2.40000000000e+00   1.70000000000e+00
      6331  -2.30000000000e+00   1.70000000000e+00
      6332  -2.20000000000e+00   1.70000000000e+00
      6333  -2.10000000000e+00   1.70000000000e+00
      6334  -2.00000000000e+00   1.70000000000e+00
      6335  -1.90000000000e+00   1.70000000000e+00
      6336  -1.80000000000e+00   1.70000000000e+00
      6337  -1.70000000000e+00   1.70000000000e+00
      6338  -1.60000000000e+00   1.70000000000e+00
      6339  -1.50000000000e+00   1.70000000000e+00
      6340  -1.40000000000e+00   1.70000000000e+00
      6341  -1.30000000000e+00   1.70000000000e+00
      6342  -1.20000000000e+00   1.70000000000e+00
      6343  -1.10000000000e+00   1.70000000000e+00
      6344  -1.00000000000e+00   1.70000000000e+00
      6345  -9.00000000000e-01   1.70000000000e+00
      6346  -8.00000000000e-01   1.70000000000e+00
      6347  -7.00000000000e-01   1.70000000000e+00
      6348  -6.00000000000e-01   1.70000000000e+00
      6349  -5.00000000000e-01   1.70000000000e+00
      6350  -4.00000000000e-01   1.70000000000e+00
      6351  -3.00000000000e-01   1.70000000000e+00
      6352  -2.00000000000e-01   1.70000000000e+00
      6353  -1.00000000000e-01   1.70000000000e+00
      6354   0.00000000000e+00   1.70000000000e+00
      6355   1.00000000000e-01   1.70000000000e+00
      6356   2.00000000000e-01   1.70000000000e+00
      6357   3.00000000000e-01   1.70000000000e+00
      6358   4.00000000000e-01   1.70000000000e+00
      6359   5.00000000000e-01   1.70000000000e+00
      6360   6.00000000000e-01   1.70000000000e+00
      6361   7.00000000000e-01   1.70000000000e+00
      6362   8.00000000000e-01   1.70000000000e+00
      6363   9.00000000000e-01   1.70000000000e+00
      6364   1.00000000000e+00   1.70000000000e+00
      6365   1.10000000000e+00   1.70000000000e+00
      6366   1.20000000000e+00   1.70000000000e+00
      6367   1.30000000000e+00   1.70000000000e+00
      6368   1.40000000000e+00   1.70000000000e+00
      6369   1.50000000000e+00   1.70000000000e+00
      6370   1.60000000000e+00   1.70000000000e+00
      6371   1.70000000000e+00   1.70000000000e+00
      6372   1.80000000000e+00   1.70000000000e+00
      6373   1.90000000000e+00   1.70000000000e+00
      6374   2.00000000000e+00   1.70000000000e+00
      6375   2.10000000000e+00   1.70000000000e+00
      6376   2.20000000000e+00   1.70000000000e+00
      6377   2.30000000000e+00   1.70000000000e+00
      6378   2.40000000000e+00   1.70000000000e+00
      6379   2.50000000000e+00   1.70000000000e+00
      6380   2.60000000000e+00   1.70000000000e+00
      6381   2.70000000000e+00   1.70000000000e+00
      6382   2.80000000000e+00   1.70000000000e+00
      6383   2.90000000000e+00   1.70000000000e+00
      6384   3.00000000000e+00   1.70000000000e+00
      6385   3.10000000000e+00   1.70000000000e+00
      6386   3.20000000000e+00   1.70000000000e+00
      6387   3.30000000000e+00   1.70000000000e+00
      6388   3.40000000000e+00   1.70000000000e+00
      6389   3.50000000000e+00   1.70000000000e+00
      6390   3.60000000000e+00   1.70000000000e+00
      6391   3.70000000000e+00   1.70000000000e+00
      6392   3.80000000000e+00   1.70000000000e+00
      6393   3.90000000000e+00   1.70000000000e+00
      6394   4.00000000000e+00   1.70000000000e+00
      6395   4.10000000000e+00   1.70000000000e+00
      6396   4.20000000000e+00   1.70000000000e+00
      6397   4.30000000000e+00   1.70000000000e+00
      6398   4.40000000000e+00   1.70000000000e+00
      6399   4.50000000000e+00   1.70000000000e+00
      6400   4.60000000000e+00   1.70000000000e+00
      6401   4.70000000000e+00   1.70000000000e+00
      6402   4.80000000000e+00   1.70000000000e+00
      6403  -4.80000000000e+00   1.80000000000e+00
      6404  -4.70000000000e+00   1.80000000000e+00
      6405  -4.60000000000e+00   1.80000000000e+00
      6406  -4.50000000000e+00   1.80000000000e+00
      6407  -4.40000000000e+00   1.80000000000e+00
      6408  -4.30000000000e+00   1.80000000000e+00
      6409  -4.20000000000e+00   1.80000000000e+00
      6410  -4.10000000000e+00   1.80000000000e+00
      6411  -4.00000000000e+00   1.80000000000e+00
      6412  -3.90000000000e+00   1.80000000000e+00
      6413  -3.80000000000e+00   1.80000000000e+00
      6414  -3.70000000000e+00   1.80000000000e+00
      6415  -3.60000000000e+00   1.80000000000e+00
      6416  -3.50000000000e+00   1.80000000000e+00
      6417  -3.40000000000e+00   1.80000000000e+00
      6418  -3.30000000000e+00   1.80000000000e+00
      6419  -3.20000000000e+00   1.80000000000e+00
      6420  -3.10000000000e+00   1.80000000000e+00
      6421  -3.00000000000e+00   1.80000000000e+00
      6422  -2.90000000000e+00   1.80000000000e+00
      6423  -2.80000000000e+00   1.80000000000e+00
      6424  -2.70000000000e+00   1.80000000000e+00
      6425  -2.60000000000e+00   1.80000000000e+00
      6426  -2.50000000000e+00   1.80000000000e+00
      6427  -2.40000000000e+00   1.80000000000e+00
      6428  -2.30000000000e+00   1.80000000000e+00
      6429  -2.20000000000e+00   1.80000000000e+00
      6430  -2.10000000000e+00   1.80000000000e+00
      6431  -2.00000000000e+00   1.80000000000e+00
      6432  -1.90000000000e+00   1.80000000000e+00
      6433  -1.80000000000e+00   1.80000000000e+00
      6434  -1.70000000000e+00   1.80000000000e+00
      6435  -1.60000000000e+00   1.80000000000e+00
      6436  -1.50000000000e+00   1.80000000000e+00
      6437  -1.40000000000e+00   1.80000000000e+00
      6438  -1.30000000000e+00   1.80000000000e+00
      6439  -1.20000000000e+00   1.80000000000e+00
      6440  -1.10000000000e+00   1.80000000000e+00
      6441  -1.00000000000e+00   1.80000000000e+00
      6442  -9.00000000000e-01   1.80000000000e+00
      6443  -8.00000000000e-01   1.80000000000e+00
      6444  -7.00000000000e-01   1.80000000000e+00
      6445  -6.00000000000e-01   1.80000000000e+00
      6446  -5.00000000000e-01   1.80000000000e+00
      6447  -4.00000000000e-01   1.80000000000e+00
      6448  -3.00000000000e-01   1.80000000000e+00
      6449  -2.00000000000e-01   1.80000000000e+00
      6450  -1.00000000000e-01   1.80000000000e+00
      6451   0.00000000000e+00   1.80000000000e+00
      6452   1.00000000000e-01   1.80000000000e+00
      6453   2.00000000000e-01   1.80000000000e+00
      6454   3.00000000000e-01   1.80000000000e+00
      6455   4.00000000000e-01   1.80000000000e+00
      6456   5.00000000000e-01   1.80000000000e+00
      6457   6.00000000000e-01   1.80000000000e+00
      6458   7.00000000000e-01   1.80000000000e+00
      6459   8.00000000000e-01   1.80000000000e+00
      6460   9.00000000000e-01   1.80000000000e+00
      6461   1.00000000000e+00   1.80000000000e+00
      6462   1.10000000000e+00   1.80000000000e+00
      6463   1.20000000000e+00   1.80000000000e+00
      6464   1.30000000000e+00   1.80000000000e+00
      6465   1.40000000000e+00   1.80000000000e+00
      6466   1.50000000000e+00   1.80000000000e+00
      6467   1.60000000000e+00   1.80000000000e+00
      6468   1.70000000000e+00   1.80000000000e+00
      6469   1.80000000000e+00   1.80000000000e+00
      6470   1.90000000000e+00   1.80000000000e+00
      6471   2.00000000000e+00   1.80000000000e+00
      6472   2.10000000000e+00   1.80000000000e+00
      6473   2.20000000000e+00   1.80000000000e+00
      6474   2.30000000000e+00   1.80000000000e+00
      6475   2.40000000000e+00   1.80000000000e+00
      6476   2.50000000000e+00   1.80000000000e+00
      6477   2.60000000000e+00   1.80000000000e+00
      6478   2.70000000000e+00   1.80000000000e+00
      6479   2.80000000000e+00   1.80000000000e+00
      6480   2.90000000000e+00   1.80000000000e+00
      6481   3.00000000000e+00   1.80000000000e+00
      6482   3.10000000000e+00   1.80000000000e+00
      6483   3.20000000000e+00   1.80000000000e+00
      6484   3.30000000000e+00   1.80000000000e+00
      6485   3.40000000000e+00   1.80000000000e+00
      6486   3.50000000000e+00   1.80000000000e+00
      6487   3.60000000000e+00   1.80000000000e+00
      6488   3.70000000000e+00   1.80000000000e+00
      6489   3.80000000000e+00   1.80000000000e+00
      6490   3.90000000000e+00   1.80000000000e+00
      6491   4.00000000000e+00   1.80000000000e+00
      6492   4.10000000000e+00   1.80000000000e+00
      6493   4.20000000000e+00   1.80000000000e+00
      6494   4.30000000000e+00   1.80000000000e+00
      6495   4.40000000000e+00   1.80000000000e+00
      6496   4.50000000000e+00   1.80000000000e+00
      6497   4.60000000000e+00   1.80000000000e+00
      6498   4.70000000000e+00   1.80000000000e+00
      6499   4.80000000000e+00   1.80000000000e+00
      6500  -4.80000000000e+00   1.90000000000e+00
      6501  -4.70000000000e+00   1.90000000000e+00
      6502  -4.60000000000e+00   1.90000000000e+00
      6503  -4.50000000000e+00   1.90000000000e+00
      6504  -4.40000000000e+00   1.90000000000e+00
      6505  -4.30000000000e+00   1.90000000000e+00
      6506  -4.20000000000e+00   1.90000000000e+00
      6507  -4.10000000000e+00   1.90000000000e+00
      6508  -4.00000000000e+00   1.90000000000e+00
      6509  -3.90000000000e+00   1.90000000000e+00
      6510  -3.80000000000e+00   1.90000000000e+00
      6511  -3.70000000000e+00   1.90000000000e+00
      6512  -3.60000000000e+00   1.90000000000e+00
      6513  -3.50000000000e+00   1.90000000000e+00
      6514  -3.40000000000e+00   1.90000000000e+00
      6515  -3.30000000000e+00   1.90000000000e+00
      6516  -3.20000000000e+00   1.90000000000e+00
      6517  -3.10000000000e+00   1.90000000000e+00
      6518  -3.00000000000e+00   1.90000000000e+00
      6519  -2.90000000000e+00   1.90000000000e+00
      6520  -2.80000000000e+00   1.90000000000e+00
      6521  -2.70000000000e+00   1.90000000000e+00
      6522  -2.60000000000e+00   1.90000000000e+00
      6523  -2.50000000000e+00   1.90000000000e+00
      6524  -2.40000000000e+00   1.90000000000e+00
      6525  -2.30000000000e+00   1.90000000000e+00
      6526  -2.20000000000e+00   1.90000000000e+00
      6527  -2.10000000000e+00   1.90000000000e+00
      6528  -2.00000000000e+00   1.90000000000e+00
      6529  -1.90000000000e+00   1.90000000000e+00
      6530  -1.80000000000e+00   1.90000000000e+00
      6531  -1.70000000000e+00   1.90000000000e+00
      6532  -1.60000000000e+00   1.90000000000e+00
      6533  -1.50000000000e+00   1.90000000000e+00
      6534  -1.40000000000e+00   1.90000000000e+00
      6535  -1.30000000000e+00   1.90000000000e+00
      6536  -1.20000000000e+00   1.90000000000e+00
      6537  -1.10000000000e+00   1.90000000000e+00
      6538  -1.00000000000e+00   1.90000000000e+00
      6539  -9.00000000000e-01   1.90000000000e+00
      6540  -8.00000000000e-01   1.90000000000e+00
      6541  -7.00000000000e-01   1.90000000000e+00
      6542  -6.00000000000e-01   1.90000000000e+00
      6543  -5.00000000000e-01   1.90000000000e+00
      6544  -4.00000000000e-01   1.90000000000e+00
      6545  -3.00000000000e-01   1.90000000000e+00
      6546  -2.00000000000e-01   1.90000000000e+00
      6547  -1.00000000000e-01   1.90000000000e+00
      6548   0.00000000000e+00   1.90000000000e+00
      6549   1.00000000000e-01   1.90000000000e+00
      6550   2.00000000000e-01   1.90000000000e+00
      6551   3.00000000000e-01   1.90000000000e+00
      6552   4.00000000000e-01   1.90000000000e+00
      6553   5.00000000000e-01   1.90000000000e+00
      6554   6.00000000000e-01   1.90000000000e+00
      6555   7.00000000000e-01   1.90000000000e+00
      6556   8.00000000000e-01   1.90000000000e+00
      6557   9.00000000000e-01   1.90000000000e+00
      6558   1.00000000000e+00   1.90000000000e+00
      6559   1.10000000000e+00   1.90000000000e+00
      6560   1.20000000000e+00   1.90000000000e+00
      6561   1.30000000000e+00   1.90000000000e+00
      6562   1.40000000000e+00   1.90000000000e+00
      6563   1.50000000000e+00   1.90000000000e+00
      6564   1.60000000000e+00   1.90000000000e+00
      6565   1.70000000000e+00   1.90000000000e+00
      6566   1.80000000000e+00   1.90000000000e+00
      6567   1.90000000000e+00   1.90000000000e+00
      6568   2.00000000000e+00   1.90000000000e+00
      6569   2.10000000000e+00   1.90000000000e+00
      6570   2.20000000000e+00   1.90000000000e+00
      6571   2.30000000000e+00   1.90000000000e+00
      6572   2.40000000000e+00   1.90000000000e+00
      6573   2.50000000000e+00   1.90000000000e+00
      6574   2.60000000000e+00   1.90000000000e+00
      6575   2.70000000000e+00   1.90000000000e+00
      6576   2.80000000000e+00   1.90000000000e+00
      6577   2.90000000000e+00   1.90000000000e+00
      6578   3.00000000000e+00   1.90000000000e+00
      6579   3.10000000000e+00   1.90000000000e+00
      6580   3.20000000000e+00   1.90000000000e+00
      6581   3.30000000000e+00   1.90000000000e+00
      6582   3.40000000000e+00   1.90000000000e+00
      6583   3.50000000000e+00   1.90000000000e+00
      6584   3.60000000000e+00   1.90000000000e+00
      6585   3.70000000000e+00   1.90000000000e+00
      6586   3.80000000000e+00   1.90000000000e+00
      6587   3.90000000000e+00   1.90000000000e+00
      6588   4.00000000000e+00   1.90000000000e+00
      6589   4.10000000000e+00   1.90000000000e+00
      6590   4.20000000000e+00   1.90000000000e+00
      6591   4.30000000000e+00   1.90000000000e+00
      6592   4.40000000000e+00   1.90000000000e+00
      6593   4.50000000000e+00   1.90000000000e+00
      6594   4.60000000000e+00   1.90000000000e+00
      6595   4.70000000000e+00   1.90000000000e+00
      6596   4.80000000000e+00   1.90000000000e+00
      6597  -4.80000000000e+00   2.00000000000e+00
      6598  -4.70000000000e+00   2.00000000000e+00
      6599  -4.60000000000e+00   2.00000000000e+00
      6600  -4.50000000000e+00   2.00000000000e+00
      6601  -4.40000000000e+00   2.00000000000e+00
      6602  -4.30000000000e+00   2.00000000000e+00
      6603  -4.20000000000e+00   2.00000000000e+00
      6604  -4.10000000000e+00   2.00000000000e+00
      6605  -4.00000000000e+00   2.00000000000e+00
      6606  -3.90000000000e+00   2.00000000000e+00
      6607  -3.80000000000e+00   2.00000000000e+00
      6608  -3.70000000000e+00   2.00000000000e+00
      6609  -3.60000000000e+00   2.00000000000e+00
      6610  -3.50000000000e+00   2.00000000000e+00
      6611  -3.40000000000e+00   2.00000000000e+00
      6612  -3.30000000000e+00   2.00000000000e+00
      6613  -3.20000000000e+00   2.00000000000e+00
      6614  -3.10000000000e+00   2.00000000000e+00
      6615  -3.00000000000e+00   2.00000000000e+00
      6616  -2.90000000000e+00   2.00000000000e+00
      6617  -2.80000000000e+00   2.00000000000e+00
      6618  -2.70000000000e+00   2.00000000000e+00
      6619  -2.60000000000e+00   2.00000000000e+00
      6620  -2.50000000000e+00   2.00000000000e+00
      6621  -2.40000000000e+00   2.00000000000e+00
      6622  -2.30000000000e+00   2.00000000000e+00
      6623  -2.20000000000e+00   2.00000000000e+00
      6624  -2.10000000000e+00   2.00000000000e+00
      6625  -2.00000000000e+00   2.00000000000e+00
      6626  -1.90000000000e+00   2.00000000000e+00
      6627  -1.80000000000e+00   2.00000000000e+00
      6628  -1.70000000000e+00   2.00000000000e+00
      6629  -1.60000000000e+00   2.00000000000e+00
      6630  -1.50000000000e+00   2.00000000000e+00
      6631  -1.40000000000e+00   2.00000000000e+00
      6632  -1.30000000000e+00   2.00000000000e+00
      6633  -1.20000000000e+00   2.00000000000e+00
      6634  -1.10000000000e+00   2.00000000000e+00
      6635  -1.00000000000e+00   2.00000000000e+00
      6636  -9.00000000000e-01   2.00000000000e+00
      6637  -8.00000000000e-01   2.00000000000e+00
      6638  -7.00000000000e-01   2.00000000000e+00
      6639  -6.00000000000e-01   2.00000000000e+00
      6640  -5.00000000000e-01   2.00000000000e+00
      6641  -4.00000000000e-01   2.00000000000e+00
      6642  -3.00000000000e-01   2.00000000000e+00
      6643  -2.00000000000e-01   2.00000000000e+00
      6644  -1.00000000000e-01   2.00000000000e+00
      6645   0.00000000000e+00   2.00000000000e+00
      6646   1.00000000000e-01   2.00000000000e+00
      6647   2.00000000000e-01   2.00000000000e+00
      6648   3.00000000000e-01   2.00000000000e+00
      6649   4.00000000000e-01   2.00000000000e+00
      6650   5.00000000000e-01   2.00000000000e+00
      6651   6.00000000000e-01   2.00000000000e+00
      6652   7.00000000000e-01   2.00000000000e+00
      6653   8.00000000000e-01   2.00000000000e+00
      6654   9.00000000000e-01   2.00000000000e+00
      6655   1.00000000000e+00   2.00000000000e+00
      6656   1.10000000000e+00   2.00000000000e+00
      6657   1.20000000000e+00   2.00000000000e+00
      6658   1.30000000000e+00   2.00000000000e+00
      6659   1.40000000000e+00   2.00000000000e+00
      6660   1.50000000000e+00   2.00000000000e+00
      6661   1.60000000000e+00   2.00000000000e+00
      6662   1.70000000000e+00   2.00000000000e+00
      6663   1.80000000000e+00   2.00000000000e+00
      6664   1.90000000000e+00   2.00000000000e+00
      6665   2.00000000000e+00   2.00000000000e+00
      6666   2.10000000000e+00   2.00000000000e+00
      6667   2.20000000000e+00   2.00000000000e+00
      6668   2.30000000000e+00   2.00000000000e+00
      6669   2.40000000000e+00   2.00000000000e+00
      6670   2.50000000000e+00   2.00000000000e+00
      6671   2.60000000000e+00   2.00000000000e+00
      6672   2.70000000000e+00   2.00000000000e+00
      6673   2.80000000000e+00   2.00000000000e+00
      6674   2.90000000000e+00   2.00000000000e+00
      6675   3.00000000000e+00   2.00000000000e+00
      6676   3.10000000000e+00   2.00000000000e+00
      6677   3.20000000000e+00   2.00000000000e+00
      6678   3.30000000000e+00   2.00000000000e+00
      6679   3.40000000000e+00   2.00000000000e+00
      6680   3.50000000000e+00   2.00000000000e+00
      6681   3.60000000000e+00   2.00000000000e+00
      6682   3.70000000000e+00   2.00000000000e+00
      6683   3.80000000000e+00   2.00000000000e+00
      6684   3.90000000000e+00   2.00000000000e+00
      6685   4.00000000000e+00   2.00000000000e+00
      6686   4.10000000000e+00   2.00000000000e+00
      6687   4.20000000000e+00   2.00000000000e+00
      6688   4.30000000000e+00   2.00000000000e+00
      6689   4.40000000000e+00   2.00000000000e+00
      6690   4.50000000000e+00   2.00000000000e+00
      6691   4.60000000000e+00   2.00000000000e+00
      6692   4.70000000000e+00   2.00000000000e+00
      6693   4.80000000000e+00   2.00000000000e+00
      6694  -4.80000000000e+00   2.10000000000e+00
      6695  -4.70000000000e+00   2.10000000000e+00
      6696  -4.60000000000e+00   2.10000000000e+00
      6697  -4.50000000000e+00   2.10000000000e+00
      6698  -4.40000000000e+00   2.10000000000e+00
      6699  -4.30000000000e+00   2.10000000000e+00
      6700  -4.20000000000e+00   2.10000000000e+00
      6701  -4.10000000000e+00   2.10000000000e+00
      6702  -4.00000000000e+00   2.10000000000e+00
      6703  -3.90000000000e+00   2.10000000000e+00
      6704  -3.80000000000e+00   2.10000000000e+00
      6705  -3.70000000000e+00   2.10000000000e+00
      6706  -3.60000000000e+00   2.10000000000e+00
      6707  -3.50000000000e+00   2.10000000000e+00
      6708  -3.40000000000e+00   2.10000000000e+00
      6709  -3.30000000000e+00   2.10000000000e+00
      6710  -3.20000000000e+00   2.10000000000e+00
      6711  -3.10000000000e+00   2.10000000000e+00
      6712  -3.00000000000e+00   2.10000000000e+00
      6713  -2.90000000000e+00   2.10000000000e+00
      6714  -2.80000000000e+00   2.10000000000e+00
      6715  -2.70000000000e+00   2.10000000000e+00
      6716  -2.60000000000e+00   2.10000000000e+00
      6717  -2.50000000000e+00   2.10000000000e+00
      6718  -2.40000000000e+00   2.10000000000e+00
      6719  -2.30000000000e+00   2.10000000000e+00
      6720  -2.20000000000e+00   2.10000000000e+00
      6721  -2.10000000000e+00   2.10000000000e+00
      6722  -2.00000000000e+00   2.10000000000e+00
      6723  -1.90000000000e+00   2.10000000000e+00
      6724  -1.80000000000e+00   2.10000000000e+00
      6725  -1.70000000000e+00   2.10000000000e+00
      6726  -1.60000000000e+00   2.10000000000e+00
      6727  -1.50000000000e+00   2.10000000000e+00
      6728  -1.40000000000e+00   2.10000000000e+00
      6729  -1.30000000000e+00   2.10000000000e+00
      6730  -1.20000000000e+00   2.10000000000e+00
      6731  -1.10000000000e+00   2.10000000000e+00
      6732  -1.00000000000e+00   2.10000000000e+00
      6733  -9.00000000000e-01   2.10000000000e+00
      6734  -8.00000000000e-01   2.10000000000e+00
      6735  -7.00000000000e-01   2.10000000000e+00
      6736  -6.00000000000e-01   2.10000000000e+00
      6737  -5.00000000000e-01   2.10000000000e+00
      6738  -4.00000000000e-01   2.10000000000e+00
      6739  -3.00000000000e-01   2.10000000000e+00
      6740  -2.00000000000e-01   2.10000000000e+00
      6741  -1.00000000000e-01   2.10000000000e+00
      6742   0.00000000000e+00   2.10000000000e+00
      6743   1.00000000000e-01   2.10000000000e+00
      6744   2.00000000000e-01   2.10000000000e+00
      6745   3.00000000000e-01   2.10000000000e+00
      6746   4.00000000000e-01   2.10000000000e+00
      6747   5.00000000000e-01   2.10000000000e+00
      6748   6.00000000000e-01   2.10000000000e+00
      6749   7.00000000000e-01   2.10000000000e+00
      6750   8.00000000000e-01   2.10000000000e+00
      6751   9.00000000000e-01   2.10000000000e+00
      6752   1.00000000000e+00   2.10000000000e+00
      6753   1.10000000000e+00   2.10000000000e+00
      6754   1.20000000000e+00   2.10000000000e+00
      6755   1.30000000000e+00   2.10000000000e+00
      6756   1.40000000000e+00   2.10000000000e+00
      6757   1.50000000000e+00   2.10000000000e+00
      6758   1.60000000000e+00   2.10000000000e+00
      6759   1.70000000000e+00   2.10000000000e+00
      6760   1.80000000000e+00   2.10000000000e+00
      6761   1.90000000000e+00   2.10000000000e+00
      6762   2.00000000000e+00   2.10000000000e+00
      6763   2.10000000000e+00   2.10000000000e+00
      6764   2.20000000000e+00   2.10000000000e+00
      6765   2.30000000000e+00   2.10000000000e+00
      6766   2.40000000000e+00   2.10000000000e+00
      6767   2.50000000000e+00   2.10000000000e+00
      6768   2.60000000000e+00   2.10000000000e+00
      6769   2.70000000000e+00   2.10000000000e+00
      6770   2.80000000000e+00   2.10000000000e+00
      6771   2.90000000000e+00   2.10000000000e+00
      6772   3.00000000000e+00   2.10000000000e+00
      6773   3.10000000000e+00   2.10000000000e+00
      6774   3.20000000000e+00   2.10000000000e+00
      6775   3.30000000000e+00   2.10000000000e+00
      6776   3.40000000000e+00   2.10000000000e+00
      6777   3.50000000000e+00   2.10000000000e+00
      6778   3.60000000000e+00   2.10000000000e+00
      6779   3.70000000000e+00   2.10000000000e+00
      6780   3.80000000000e+00   2.10000000000e+00
      6781   3.90000000000e+00   2.10000000000e+00
      6782   4.00000000000e+00   2.10000000000e+00
      6783   4.10000000000e+00   2.10000000000e+00
      6784   4.20000000000e+00   2.10000000000e+00
      6785   4.30000000000e+00   2.10000000000e+00
      6786   4.40000000000e+00   2.10000000000e+00
      6787   4.50000000000e+00   2.10000000000e+00
      6788   4.60000000000e+00   2.10000000000e+00
      6789   4.70000000000e+00   2.10000000000e+00
      6790   4.80000000000e+00   2.10000000000e+00
      6791  -4.80000000000e+00   2.20000000000e+00
      6792  -4.70000000000e+00   2.20000000000e+00
      6793  -4.60000000000e+00   2.20000000000e+00
      6794  -4.50000000000e+00   2.20000000000e+00
      6795  -4.40000000000e+00   2.20000000000e+00
      6796  -4.30000000000e+00   2.20000000000e+00
      6797  -4.20000000000e+00   2.20000000000e+00
      6798  -4.10000000000e+00   2.20000000000e+00
      6799  -4.00000000000e+00   2.20000000000e+00
      6800  -3.90000000000e+00   2.20000000000e+00
      6801  -3.80000000000e+00   2.20000000000e+00
      6802  -3.70000000000e+00   2.20000000000e+00
      6803  -3.60000000000e+00   2.20000000000e+00
      6804  -3.50000000000e+00   2.20000000000e+00
      6805  -3.40000000000e+00   2.20000000000e+00
      6806  -3.30000000000e+00   2.20000000000e+00
      6807  -3.20000000000e+00   2.20000000000e+00
      6808  -3.10000000000e+00   2.20000000000e+00
      6809  -3.00000000000e+00   2.20000000000e+00
      6810  -2.90000000000e+00   2.20000000000e+00
      6811  -2.80000000000e+00   2.20000000000e+00
      6812  -2.70000000000e+00   2.20000000000e+00
      6813  -2.60000000000e+00   2.20000000000e+00
      6814  -2.50000000000e+00   2.20000000000e+00
      6815  -2.40000000000e+00   2.20000000000e+00
      6816  -2.30000000000e+00   2.20000000000e+00
      6817  -2.20000000000e+00   2.20000000000e+00
      6818  -2.10000000000e+00   2.20000000000e+00
      6819  -2.00000000000e+00   2.20000000000e+00
      6820  -1.90000000000e+00   2.20000000000e+00
      6821  -1.80000000000e+00   2.20000000000e+00
      6822  -1.70000000000e+00   2.20000000000e+00
      6823  -1.60000000000e+00   2.20000000000e+00
      6824  -1.50000000000e+00   2.20000000000e+00
      6825  -1.40000000000e+00   2.20000000000e+00
      6826  -1.30000000000e+00   2.20000000000e+00
      6827  -1.20000000000e+00   2.20000000000e+00
      6828  -1.10000000000e+00   2.20000000000e+00
      6829  -1.00000000000e+00   2.20000000000e+00
      6830  -9.00000000000e-01   2.20000000000e+00
      6831  -8.00000000000e-01   2.20000000000e+00
      6832  -7.00000000000e-01   2.20000000000e+00
      6833  -6.00000000000e-01   2.20000000000e+00
      6834  -5.00000000000e-01   2.20000000000e+00
      6835  -4.00000000000e-01   2.20000000000e+00
      6836  -3.00000000000e-01   2.20000000000e+00
      6837  -2.00000000000e-01   2.20000000000e+00
      6838  -1.00000000000e-01   2.20000000000e+00
      6839   0.00000000000e+00   2.20000000000e+00
      6840   1.00000000000e-01   2.20000000000e+00
      6841   2.00000000000e-01   2.20000000000e+00
      6842   3.00000000000e-01   2.20000000000e+00
      6843   4.00000000000e-01   2.20000000000e+00
      6844   5.00000000000e-01   2.20000000000e+00
      6845   6.00000000000e-01   2.20000000000e+00
      6846   7.00000000000e-01   2.20000000000e+00
      6847   8.00000000000e-01   2.20000000000e+00
      6848   9.00000000000e-01   2.20000000000e+00
      6849   1.00000000000e+00   2.20000000000e+00
      6850   1.10000000000e+00   2.20000000000e+00
      6851   1.20000000000e+00   2.20000000000e+00
      6852   1.30000000000e+00   2.20000000000e+00
      6853   1.40000000000e+00   2.20000000000e+00
      6854   1.50000000000e+00   2.20000000000e+00
      6855   1.60000000000e+00   2.20000000000e+00
      6856   1.70000000000e+00   2.20000000000e+00
      6857   1.80000000000e+00   2.20000000000e+00
      6858   1.90000000000e+00   2.20000000000e+00
      6859   2.00000000000e+00   2.20000000000e+00
      6860   2.10000000000e+00   2.20000000000e+00
      6861   2.20000000000e+00   2.20000000000e+00
      6862   2.30000000000e+00   2.20000000000e+00
      6863   2.40000000000e+00   2.20000000000e+00
      6864   2.50000000000e+00   2.20000000000e+00
      6865   2.60000000000e+00   2.20000000000e+00
      6866   2.70000000000e+00   2.20000000000e+00
      6867   2.80000000000e+00   2.20000000000e+00
      6868   2.90000000000e+00   2.20000000000e+00
      6869   3.00000000000e+00   2.20000000000e+00
      6870   3.10000000000e+00   2.20000000000e+00
      6871   3.20000000000e+00   2.20000000000e+00
      6872   3.30000000000e+00   2.20000000000e+00
      6873   3.40000000000e+00   2.20000000000e+00
      6874   3.50000000000e+00   2.20000000000e+00
      6875   3.60000000000e+00   2.20000000000e+00
      6876   3.70000000000e+00   2.20000000000e+00
      6877   3.80000000000e+00   2.20000000000e+00
      6878   3.90000000000e+00   2.20000000000e+00
      6879   4.00000000000e+00   2.20000000000e+00
      6880   4.10000000000e+00   2.20000000000e+00
      6881   4.20000000000e+00   2.20000000000e+00
      6882   4.30000000000e+00   2.20000000000e+00
      6883   4.40000000000e+00   2.20000000000e+00
      6884   4.50000000000e+00   2.20000000000e+00
      6885   4.60000000000e+00   2.20000000000e+00
      6886   4.70000000000e+00   2.20000000000e+00
      6887   4.80000000000e+00   2.20000000000e+00
      6888  -4.80000000000e+00   2.30000000000e+00
      6889  -4.70000000000e+00   2.30000000000e+00
      6890  -4.60000000000e+00   2.30000000000e+00
      6891  -4.50000000000e+00   2.30000000000e+00
      6892  -4.40000000000e+00   2.30000000000e+00
      6893  -4.30000000000e+00   2.30000000000e+00
      6894  -4.20000000000e+00   2.30000000000e+00
      6895  -4.10000000000e+00   2.30000000000e+00
      6896  -4.00000000000e+00   2.30000000000e+00
      6897  -3.90000000000e+00   2.30000000000e+00
      6898  -3.80000000000e+00   2.30000000000e+00
      6899  -3.70000000000e+00   2.30000000000e+00
      6900  -3.60000000000e+00   2.30000000000e+00
      6901  -3.50000000000e+00   2.30000000000e+00
      6902  -3.40000000000e+00   2.30000000000e+00
      6903  -3.30000000000e+00   2.30000000000e+00
      6904  -3.20000000000e+00   2.30000000000e+00
      6905  -3.10000000000e+00   2.30000000000e+00
      6906  -3.00000000000e+00   2.30000000000e+00
      6907  -2.90000000000e+00   2.30000000000e+00
      6908  -2.80000000000e+00   2.30000000000e+00
      6909  -2.70000000000e+00   2.30000000000e+00
      6910  -2.60000000000e+00   2.30000000000e+00
      6911  -2.50000000000e+00   2.30000000000e+00
      6912  -2.40000000000e+00   2.30000000000e+00
      6913  -2.30000000000e+00   2.30000000000e+00
      6914  -2.20000000000e+00   2.30000000000e+00
      6915  -2.10000000000e+00   2.30000000000e+00
      6916  -2.00000000000e+00   2.30000000000e+00
      6917  -1.90000000000e+00   2.30000000000e+00
      6918  -1.80000000000e+00   2.30000000000e+00
      6919  -1.70000000000e+00   2.30000000000e+00
      6920  -1.60000000000e+00   2.30000000000e+00
      6921  -1.50000000000e+00   2.30000000000e+00
      6922  -1.40000000000e+00   2.30000000000e+00
      6923  -1.30000000000e+00   2.30000000000e+00
      6924  -1.20000000000e+00   2.30000000000e+00
      6925  -1.10000000000e+00   2.30000000000e+00
      6926  -1.00000000000e+00   2.30000000000e+00
      6927  -9.00000000000e-01   2.30000000000e+00
      6928  -8.00000000000e-01   2.30000000000e+00
      6929  -7.00000000000e-01   2.30000000000e+00
      6930  -6.00000000000e-01   2.30000000000e+00
      6931  -5.00000000000e-01   2.30000000000e+00
      6932  -4.00000000000e-01   2.30000000000e+00
      6933  -3.00000000000e-01   2.30000000000e+00
      6934  -2.00000000000e-01   2.30000000000e+00
      6935  -1.00000000000e-01   2.30000000000e+00
      6936   0.00000000000e+00   2.30000000000e+00
      6937   1.00000000000e-01   2.30000000000e+00
      6938   2.00000000000e-01   2.30000000000e+00
      6939   3.00000000000e-01   2.30000000000e+00
      6940   4.00000000000e-01   2.30000000000e+00
      6941   5.00000000000e-01   2.30000000000e+00
      6942   6.00000000000e-01   2.30000000000e+00
      6943   7.00000000000e-01   2.30000000000e+00
      6944   8.00000000000e-01   2.30000000000e+00
      6945   9.00000000000e-01   2.30000000000e+00
      6946   1.00000000000e+00   2.30000000000e+00
      6947   1.10000000000e+00   2.30000000000e+00
      6948   1.20000000000e+00   2.30000000000e+00
      6949   1.30000000000e+00   2.30000000000e+00
      6950   1.40000000000e+00   2.30000000000e+00
      6951   1.50000000000e+00   2.30000000000e+00
      6952   1.60000000000e+00   2.30000000000e+00
      6953   1.70000000000e+00   2.30000000000e+00
      6954   1.80000000000e+00   2.30000000000e+00
      6955   1.90000000000e+00   2.30000000000e+00
      6956   2.00000000000e+00   2.30000000000e+00
      6957   2.10000000000e+00   2.30000000000e+00
      6958   2.20000000000e+00   2.30000000000e+00
      6959   2.30000000000e+00   2.30000000000e+00
      6960   2.40000000000e+00   2.30000000000e+00
      6961   2.50000000000e+00   2.30000000000e+00
      6962   2.60000000000e+00   2.30000000000e+00
      6963   2.70000000000e+00   2.30000000000e+00
      6964   2.80000000000e+00   2.30000000000e+00
      6965   2.90000000000e+00   2.30000000000e+00
      6966   3.00000000000e+00   2.30000000000e+00
      6967   3.10000000000e+00   2.30000000000e+00
      6968   3.20000000000e+00   2.30000000000e+00
      6969   3.30000000000e+00   2.30000000000e+00
      6970   3.40000000000e+00   2.30000000000e+00
      6971   3.50000000000e+00   2.30000000000e+00
      6972   3.60000000000e+00   2.30000000000e+00
      6973   3.70000000000e+00   2.30000000000e+00
      6974   3.80000000000e+00   2.30000000000e+00
      6975   3.90000000000e+00   2.30000000000e+00
      6976   4.00000000000e+00   2.30000000000e+00
      6977   4.10000000000e+00   2.30000000000e+00
      6978   4.20000000000e+00   2.30000000000e+00
      6979   4.30000000000e+00   2.30000000000e+00
      6980   4.40000000000e+00   2.30000000000e+00
      6981   4.50000000000e+00   2.30000000000e+00
      6982   4.60000000000e+00   2.30000000000e+00
      6983   4.70000000000e+00   2.30000000000e+00
      6984   4.80000000000e+00   2.30000000000e+00
      6985  -4.80000000000e+00   2.40000000000e+00
      6986  -4.70000000000e+00   2.40000000000e+00
      6987  -4.60000000000e+00   2.40000000000e+00
      6988  -4.50000000000e+00   2.40000000000e+00
      6989  -4.40000000000e+00   2.40000000000e+00
      6990  -4.30000000000e+00   2.40000000000e+00
      6991  -4.20000000000e+00   2.40000000000e+00
      6992  -4.10000000000e+00   2.40000000000e+00
      6993  -4.00000000000e+00   2.40000000000e+00
      6994  -3.90000000000e+00   2.40000000000e+00
      6995  -3.80000000000e+00   2.40000000000e+00
      6996  -3.70000000000e+00   2.40000000000e+00
      6997  -3.60000000000e+00   2.40000000000e+00
      6998  -3.50000000000e+00   2.40000000000e+00
      6999  -3.40000000000e+00   2.40000000000e+00
      7000  -3.30000000000e+00   2.40000000000e+00
      7001  -3.20000000000e+00   2.40000000000e+00
      7002  -3.10000000000e+00   2.40000000000e+00
      7003  -3.00000000000e+00   2.40000000000e+00
      7004  -2.90000000000e+00   2.40000000000e+00
      7005  -2.80000000000e+00   2.40000000000e+00
      7006  -2.70000000000e+00   2.40000000000e+00
      7007  -2.60000000000e+00   2.40000000000e+00
      7008  -2.50000000000e+00   2.40000000000e+00
      7009  -2.40000000000e+00   2.40000000000e+00
      7010  -2.30000000000e+00   2.40000000000e+00
      7011  -2.20000000000e+00   2.40000000000e+00
      7012  -2.10000000000e+00   2.40000000000e+00
      7013  -2.00000000000e+00   2.40000000000e+00
      7014  -1.90000000000e+00   2.40000000000e+00
      7015  -1.80000000000e+00   2.40000000000e+00
      7016  -1.70000000000e+00   2.40000000000e+00
      7017  -1.60000000000e+00   2.40000000000e+00
      7018  -1.50000000000e+00   2.40000000000e+00
      7019  -1.40000000000e+00   2.40000000000e+00
      7020  -1.30000000000e+00   2.40000000000e+00
      7021  -1.20000000000e+00   2.40000000000e+00
      7022  -1.10000000000e+00   2.40000000000e+00
      7023  -1.00000000000e+00   2.40000000000e+00
      7024  -9.00000000000e-01   2.40000000000e+00
      7025  -8.00000000000e-01   2.40000000000e+00
      7026  -7.00000000000e-01   2.40000000000e+00
      7027  -6.00000000000e-01   2.40000000000e+00
      7028  -5.00000000000e-01   2.40000000000e+00
      7029  -4.00000000000e-01   2.40000000000e+00
      7030  -3.00000000000e-01   2.40000000000e+00
      7031  -2.00000000000e-01   2.40000000000e+00
      7032  -1.00000000000e-01   2.40000000000e+00
      7033   0.00000000000e+00   2.40000000000e+00
      7034   1.00000000000e-01   2.40000000000e+00
      7035   2.00000000000e-01   2.40000000000e+00
      7036   3.00000000000e-01   2.40000000000e+00
      7037   4.00000000000e-01   2.40000000000e+00
      7038   5.00000000000e-01   2.40000000000e+00
      7039   6.00000000000e-01   2.40000000000e+00
      7040   7.00000000000e-01   2.40000000000e+00
      7041   8.00000000000e-01   2.40000000000e+00
      7042   9.00000000000e-01   2.40000000000e+00
      7043   1.00000000000e+00   2.40000000000e+00
      7044   1.10000000000e+00   2.40000000000e+00
      7045   1.20000000000e+00   2.40000000000e+00
      7046   1.30000000000e+00   2.40000000000e+00
      7047   1.40000000000e+00   2.40000000000e+00
      7048   1.50000000000e+00   2.40000000000e+00
      7049   1.60000000000e+00   2.40000000000e+00
      7050   1.70000000000e+00   2.40000000000e+00
      7051   1.80000000000e+00   2.40000000000e+00
      7052   1.90000000000e+00   2.40000000000e+00
      7053   2.00000000000e+00   2.40000000000e+00
      7054   2.10000000000e+00   2.40000000000e+00
      7055   2.20000000000e+00   2.40000000000e+00
      7056   2.30000000000e+00   2.40000000000e+00
      7057   2.40000000000e+00   2.40000000000e+00
      7058   2.50000000000e+00   2.40000000000e+00
      7059   2.60000000000e+00   2.40000000000e+00
      7060   2.70000000000e+00   2.40000000000e+00
      7061   2.80000000000e+00   2.40000000000e+00
      7062   2.90000000000e+00   2.40000000000e+00
      7063   3.00000000000e+00   2.40000000000e+00
      7064   3.10000000000e+00   2.40000000000e+00
      7065   3.20000000000e+00   2.40000000000e+00
      7066   3.30000000000e+00   2.40000000000e+00
      7067   3.40000000000e+00   2.40000000000e+00
      7068   3.50000000000e+00   2.40000000000e+00
      7069   3.60000000000e+00   2.40000000000e+00
      7070   3.70000000000e+00   2.40000000000e+00
      7071   3.80000000000e+00   2.40000000000e+00
      7072   3.90000000000e+00   2.40000000000e+00
      7073   4.00000000000e+00   2.40000000000e+00
      7074   4.10000000000e+00   2.40000000000e+00
      7075   4.20000000000e+00   2.40000000000e+00
      7076   4.30000000000e+00   2.40000000000e+00
      7077   4.40000000000e+00   2.40000000000e+00
      7078   4.50000000000e+00   2.40000000000e+00
      7079   4.60000000000e+00   2.40000000000e+00
      7080   4.70000000000e+00   2.40000000000e+00
      7081   4.80000000000e+00   2.40000000000e+00
      7082  -4.80000000000e+00   2.50000000000e+00
      7083  -4.70000000000e+00   2.50000000000e+00
      7084  -4.60000000000e+00   2.50000000000e+00
      7085  -4.50000000000e+00   2.50000000000e+00
      7086  -4.40000000000e+00   2.50000000000e+00
      7087  -4.30000000000e+00   2.50000000000e+00
      7088  -4.20000000000e+00   2.50000000000e+00
      7089  -4.10000000000e+00   2.50000000000e+00
      7090  -4.00000000000e+00   2.50000000000e+00
      7091  -3.90000000000e+00   2.50000000000e+00
      7092  -3.80000000000e+00   2.50000000000e+00
      7093  -3.70000000000e+00   2.50000000000e+00
      7094  -3.60000000000e+00   2.50000000000e+00
      7095  -3.50000000000e+00   2.50000000000e+00
      7096  -3.40000000000e+00   2.50000000000e+00
      7097  -3.30000000000e+00   2.50000000000e+00
      7098  -3.20000000000e+00   2.50000000000e+00
      7099  -3.10000000000e+00   2.50000000000e+00
      7100  -3.00000000000e+00   2.50000000000e+00
      7101  -2.90000000000e+00   2.50000000000e+00
      7102  -2.80000000000e+00   2.50000000000e+00
      7103  -2.70000000000e+00   2.50000000000e+00
      7104  -2.60000000000e+00   2.50000000000e+00
      7105  -2.50000000000e+00   2.50000000000e+00
      7106  -2.40000000000e+00   2.50000000000e+00
      7107  -2.30000000000e+00   2.50000000000e+00
      7108  -2.20000000000e+00   2.50000000000e+00
      7109  -2.10000000000e+00   2.50000000000e+00
      7110  -2.00000000000e+00   2.50000000000e+00
      7111  -1.90000000000e+00   2.50000000000e+00
      7112  -1.80000000000e+00   2.50000000000e+00
      7113  -1.70000000000e+00   2.50000000000e+00
      7114  -1.60000000000e+00   2.50000000000e+00
      7115  -1.50000000000e+00   2.50000000000e+00
      7116  -1.40000000000e+00   2.50000000000e+00
      7117  -1.30000000000e+00   2.50000000000e+00
      7118  -1.20000000000e+00   2.50000000000e+00
      7119  -1.10000000000e+00   2.50000000000e+00
      7120  -1.00000000000e+00   2.50000000000e+00
      7121  -9.00000000000e-01   2.50000000000e+00
      7122  -8.00000000000e-01   2.50000000000e+00
      7123  -7.00000000000e-01   2.50000000000e+00
      7124  -6.00000000000e-01   2.50000000000e+00
      7125  -5.00000000000e-01   2.50000000000e+00
      7126  -4.00000000000e-01   2.50000000000e+00
      7127  -3.00000000000e-01   2.50000000000e+00
      7128  -2.00000000000e-01   2.50000000000e+00
      7129  -1.00000000000e-01   2.50000000000e+00
      7130   0.00000000000e+00   2.50000000000e+00
      7131   1.00000000000e-01   2.50000000000e+00
      7132   2.00000000000e-01   2.50000000000e+00
      7133   3.00000000000e-01   2.50000000000e+00
      7134   4.00000000000e-01   2.50000000000e+00
      7135   5.00000000000e-01   2.50000000000e+00
      7136   6.00000000000e-01   2.50000000000e+00
      7137   7.00000000000e-01   2.50000000000e+00
      7138   8.00000000000e-01   2.50000000000e+00
      7139   9.00000000000e-01   2.50000000000e+00
      7140   1.00000000000e+00   2.50000000000e+00
      7141   1.10000000000e+00   2.50000000000e+00
      7142   1.20000000000e+00   2.50000000000e+00
      7143   1.30000000000e+00   2.50000000000e+00
      7144   1.40000000000e+00   2.50000000000e+00
      7145   1.50000000000e+00   2.50000000000e+00
      7146   1.60000000000e+00   2.50000000000e+00
      7147   1.70000000000e+00   2.50000000000e+00
      7148   1.80000000000e+00   2.50000000000e+00
      7149   1.90000000000e+00   2.50000000000e+00
      7150   2.00000000000e+00   2.50000000000e+00
      7151   2.10000000000e+00   2.50000000000e+00
      7152   2.20000000000e+00   2.50000000000e+00
      7153   2.30000000000e+00   2.50000000000e+00
      7154   2.40000000000e+00   2.50000000000e+00
      7155   2.50000000000e+00   2.50000000000e+00
      7156   2.60000000000e+00   2.50000000000e+00
      7157   2.70000000000e+00   2.50000000000e+00
      7158   2.80000000000e+00   2.50000000000e+00
      7159   2.90000000000e+00   2.50000000000e+00
      7160   3.00000000000e+00   2.50000000000e+00
      7161   3.10000000000e+00   2.50000000000e+00
      7162   3.20000000000e+00   2.50000000000e+00
      7163   3.30000000000e+00   2.50000000000e+00
      7164   3.40000000000e+00   2.50000000000e+00
      7165   3.50000000000e+00   2.50000000000e+00
      7166   3.60000000000e+00   2.50000000000e+00
      7167   3.70000000000e+00   2.50000000000e+00
      7168   3.80000000000e+00   2.50000000000e+00
      7169   3.90000000000e+00   2.50000000000e+00
      7170   4.00000000000e+00   2.50000000000e+00
      7171   4.10000000000e+00   2.50000000000e+00
      7172   4.20000000000e+00   2.50000000000e+00
      7173   4.30000000000e+00   2.50000000000e+00
      7174   4.40000000000e+00   2.50000000000e+00
      7175   4.50000000000e+00   2.50000000000e+00
      7176   4.60000000000e+00   2.50000000000e+00
      7177   4.70000000000e+00   2.50000000000e+00
      7178   4.80000000000e+00   2.50000000000e+00
      7179  -4.80000000000e+00   2.60000000000e+00
      7180  -4.70000000000e+00   2.60000000000e+00
      7181  -4.60000000000e+00   2.60000000000e+00
      7182  -4.50000000000e+00   2.60000000000e+00
      7183  -4.40000000000e+00   2.60000000000e+00
      7184  -4.30000000000e+00   2.60000000000e+00
      7185  -4.20000000000e+00   2.60000000000e+00
      7186  -4.10000000000e+00   2.60000000000e+00
      7187  -4.00000000000e+00   2.60000000000e+00
      7188  -3.90000000000e+00   2.60000000000e+00
      7189  -3.80000000000e+00   2.60000000000e+00
      7190  -3.70000000000e+00   2.60000000000e+00
      7191  -3.60000000000e+00   2.60000000000e+00
      7192  -3.50000000000e+00   2.60000000000e+00
      7193  -3.40000000000e+00   2.60000000000e+00
      7194  -3.30000000000e+00   2.60000000000e+00
      7195  -3.20000000000e+00   2.60000000000e+00
      7196  -3.10000000000e+00   2.60000000000e+00
      7197  -3.00000000000e+00   2.60000000000e+00
      7198  -2.90000000000e+00   2.60000000000e+00
      7199  -2.80000000000e+00   2.60000000000e+00
      7200  -2.70000000000e+00   2.60000000000e+00
      7201  -2.60000000000e+00   2.60000000000e+00
      7202  -2.50000000000e+00   2.60000000000e+00
      7203  -2.40000000000e+00   2.60000000000e+00
      7204  -2.30000000000e+00   2.60000000000e+00
      7205  -2.20000000000e+00   2.60000000000e+00
      7206  -2.10000000000e+00   2.60000000000e+00
      7207  -2.00000000000e+00   2.60000000000e+00
      7208  -1.90000000000e+00   2.60000000000e+00
      7209  -1.80000000000e+00   2.60000000000e+00
      7210  -1.70000000000e+00   2.60000000000e+00
      7211  -1.60000000000e+00   2.60000000000e+00
      7212  -1.50000000000e+00   2.60000000000e+00
      7213  -1.40000000000e+00   2.60000000000e+00
      7214  -1.30000000000e+00   2.60000000000e+00
      7215  -1.20000000000e+00   2.60000000000e+00
      7216  -1.10000000000e+00   2.60000000000e+00
      7217  -1.00000000000e+00   2.60000000000e+00
      7218  -9.00000000000e-01   2.60000000000e+00
      7219  -8.00000000000e-01   2.60000000000e+00
      7220  -7.00000000000e-01   2.60000000000e+00
      7221  -6.00000000000e-01   2.60000000000e+00
      7222  -5.00000000000e-01   2.60000000000e+00
      7223  -4.00000000000e-01   2.60000000000e+00
      7224  -3.00000000000e-01   2.60000000000e+00
      7225  -2.00000000000e-01   2.60000000000e+00
      7226  -1.00000000000e-01   2.60000000000e+00
      7227   0.00000000000e+00   2.60000000000e+00
      7228   1.00000000000e-01   2.60000000000e+00
      7229   2.00000000000e-01   2.60000000000e+00
      7230   3.00000000000e-01   2.60000000000e+00
      7231   4.00000000000e-01   2.60000000000e+00
      7232   5.00000000000e-01   2.60000000000e+00
      7233   6.00000000000e-01   2.60000000000e+00
      7234   7.00000000000e-01   2.60000000000e+00
      7235   8.00000000000e-01   2.60000000000e+00
      7236   9.00000000000e-01   2.60000000000e+00
      7237   1.00000000000e+00   2.60000000000e+00
      7238   1.10000000000e+00   2.60000000000e+00
      7239   1.20000000000e+00   2.60000000000e+00
      7240   1.30000000000e+00   2.60000000000e+00
      7241   1.40000000000e+00   2.60000000000e+00
      7242   1.50000000000e+00   2.60000000000e+00
      7243   1.60000000000e+00   2.60000000000e+00
      7244   1.70000000000e+00   2.60000000000e+00
      7245   1.80000000000e+00   2.60000000000e+00
      7246   1.90000000000e+00   2.60000000000e+00
      7247   2.00000000000e+00   2.60000000000e+00
      7248   2.10000000000e+00   2.60000000000e+00
      7249   2.20000000000e+00   2.60000000000e+00
      7250   2.30000000000e+00   2.60000000000e+00
      7251   2.40000000000e+00   2.60000000000e+00
      7252   2.50000000000e+00   2.60000000000e+00
      7253   2.60000000000e+00   2.60000000000e+00
      7254   2.70000000000e+00   2.60000000000e+00
      7255   2.80000000000e+00   2.60000000000e+00
      7256   2.90000000000e+00   2.60000000000e+00
      7257   3.00000000000e+00   2.60000000000e+00
      7258   3.10000000000e+00   2.60000000000e+00
      7259   3.20000000000e+00   2.60000000000e+00
      7260   3.30000000000e+00   2.60000000000e+00
      7261   3.40000000000e+00   2.60000000000e+00
      7262   3.50000000000e+00   2.60000000000e+00
      7263   3.60000000000e+00   2.60000000000e+00
      7264   3.70000000000e+00   2.60000000000e+00
      7265   3.80000000000e+00   2.60000000000e+00
      7266   3.90000000000e+00   2.60000000000e+00
      7267   4.00000000000e+00   2.60000000000e+00
      7268   4.10000000000e+00   2.60000000000e+00
      7269   4.20000000000e+00   2.60000000000e+00
      7270   4.30000000000e+00   2.60000000000e+00
      7271   4.40000000000e+00   2.60000000000e+00
      7272   4.50000000000e+00   2.60000000000e+00
      7273   4.60000000000e+00   2.60000000000e+00
      7274   4.70000000000e+00   2.60000000000e+00
      7275   4.80000000000e+00   2.60000000000e+00
      7276  -4.80000000000e+00   2.70000000000e+00
      7277  -4.70000000000e+00   2.70000000000e+00
      7278  -4.60000000000e+00   2.70000000000e+00
      7279  -4.50000000000e+00   2.70000000000e+00
      7280  -4.40000000000e+00   2.70000000000e+00
      7281  -4.30000000000e+00   2.70000000000e+00
      7282  -4.20000000000e+00   2.70000000000e+00
      7283  -4.10000000000e+00   2.70000000000e+00
      7284  -4.00000000000e+00   2.70000000000e+00
      7285  -3.90000000000e+00   2.70000000000e+00
      7286  -3.80000000000e+00   2.70000000000e+00
      7287  -3.70000000000e+00   2.70000000000e+00
      7288  -3.60000000000e+00   2.70000000000e+00
      7289  -3.50000000000e+00   2.70000000000e+00
      7290  -3.40000000000e+00   2.70000000000e+00
      7291  -3.30000000000e+00   2.70000000000e+00
      7292  -3.20000000000e+00   2.70000000000e+00
      7293  -3.10000000000e+00   2.70000000000e+00
      7294  -3.00000000000e+00   2.70000000000e+00
      7295  -2.90000000000e+00   2.70000000000e+00
      7296  -2.80000000000e+00   2.70000000000e+00
      7297  -2.70000000000e+00   2.70000000000e+00
      7298  -2.60000000000e+00   2.70000000000e+00
      7299  -2.50000000000e+00   2.70000000000e+00
      7300  -2.40000000000e+00   2.70000000000e+00
      7301  -2.30000000000e+00   2.70000000000e+00
      7302  -2.20000000000e+00   2.70000000000e+00
      7303  -2.10000000000e+00   2.70000000000e+00
      7304  -2.00000000000e+00   2.70000000000e+00
      7305  -1.90000000000e+00   2.70000000000e+00
      7306  -1.80000000000e+00   2.70000000000e+00
      7307  -1.70000000000e+00   2.70000000000e+00
      7308  -1.60000000000e+00   2.70000000000e+00
      7309  -1.50000000000e+00   2.70000000000e+00
      7310  -1.40000000000e+00   2.70000000000e+00
      7311  -1.30000000000e+00   2.70000000000e+00
      7312  -1.20000000000e+00   2.70000000000e+00
      7313  -1.10000000000e+00   2.70000000000e+00
      7314  -1.00000000000e+00   2.70000000000e+00
      7315  -9.00000000000e-01   2.70000000000e+00
      7316  -8.00000000000e-01   2.70000000000e+00
      7317  -7.00000000000e-01   2.70000000000e+00
      7318  -6.00000000000e-01   2.70000000000e+00
      7319  -5.00000000000e-01   2.70000000000e+00
      7320  -4.00000000000e-01   2.70000000000e+00
      7321  -3.00000000000e-01   2.70000000000e+00
      7322  -2.00000000000e-01   2.70000000000e+00
      7323  -1.00000000000e-01   2.70000000000e+00
      7324   0.00000000000e+00   2.70000000000e+00
      7325   1.00000000000e-01   2.70000000000e+00
      7326   2.00000000000e-01   2.70000000000e+00
      7327   3.00000000000e-01   2.70000000000e+00
      7328   4.00000000000e-01   2.70000000000e+00
      7329   5.00000000000e-01   2.70000000000e+00
      7330   6.00000000000e-01   2.70000000000e+00
      7331   7.00000000000e-01   2.70000000000e+00
      7332   8.00000000000e-01   2.70000000000e+00
      7333   9.00000000000e-01   2.70000000000e+00
      7334   1.00000000000e+00   2.70000000000e+00
      7335   1.10000000000e+00   2.70000000000e+00
      7336   1.20000000000e+00   2.70000000000e+00
      7337   1.30000000000e+00   2.70000000000e+00
      7338   1.40000000000e+00   2.70000000000e+00
      7339   1.50000000000e+00   2.70000000000e+00
      7340   1.60000000000e+00   2.70000000000e+00
      7341   1.70000000000e+00   2.70000000000e+00
      7342   1.80000000000e+00   2.70000000000e+00
      7343   1.90000000000e+00   2.70000000000e+00
      7344   2.00000000000e+00   2.70000000000e+00
      7345   2.10000000000e+00   2.70000000000e+00
      7346   2.20000000000e+00   2.70000000000e+00
      7347   2.30000000000e+00   2.70000000000e+00
      7348   2.40000000000e+00   2.70000000000e+00
      7349   2.50000000000e+00   2.70000000000e+00
      7350   2.60000000000e+00   2.70000000000e+00
      7351   2.70000000000e+00   2.70000000000e+00
      7352   2.80000000000e+00   2.70000000000e+00
      7353   2.90000000000e+00   2.70000000000e+00
      7354   3.00000000000e+00   2.70000000000e+00
      7355   3.10000000000e+00   2.70000000000e+00
      7356   3.20000000000e+00   2.70000000000e+00
      7357   3.30000000000e+00   2.70000000000e+00
      7358   3.40000000000e+00   2.70000000000e+00
      7359   3.50000000000e+00   2.70000000000e+00
      7360   3.60000000000e+00   2.70000000000e+00
      7361   3.70000000000e+00   2.70000000000e+00
      7362   3.80000000000e+00   2.70000000000e+00
      7363   3.90000000000e+00   2.70000000000e+00
      7364   4.00000000000e+00   2.70000000000e+00
      7365   4.10000000000e+00   2.70000000000e+00
      7366   4.20000000000e+00   2.70000000000e+00
      7367   4.30000000000e+00   2.70000000000e+00
      7368   4.40000000000e+00   2.70000000000e+00
      7369   4.50000000000e+00   2.70000000000e+00
      7370   4.60000000000e+00   2.70000000000e+00
      7371   4.70000000000e+00   2.70000000000e+00
      7372   4.80000000000e+00   2.70000000000e+00
      7373  -4.80000000000e+00   2.80000000000e+00
      7374  -4.70000000000e+00   2.80000000000e+00
      7375  -4.60000000000e+00   2.80000000000e+00
      7376  -4.50000000000e+00   2.80000000000e+00
      7377  -4.40000000000e+00   2.80000000000e+00
      7378  -4.30000000000e+00   2.80000000000e+00
      7379  -4.20000000000e+00   2.80000000000e+00
      7380  -4.10000000000e+00   2.80000000000e+00
      7381  -4.00000000000e+00   2.80000000000e+00
      7382  -3.90000000000e+00   2.80000000000e+00
      7383  -3.80000000000e+00   2.80000000000e+00
      7384  -3.70000000000e+00   2.80000000000e+00
      7385  -3.60000000000e+00   2.80000000000e+00
      7386  -3.50000000000e+00   2.80000000000e+00
      7387  -3.40000000000e+00   2.80000000000e+00
      7388  -3.30000000000e+00   2.80000000000e+00
      7389  -3.20000000000e+00   2.80000000000e+00
      7390  -3.10000000000e+00   2.80000000000e+00
      7391  -3.00000000000e+00   2.80000000000e+00
      7392  -2.90000000000e+00   2.80000000000e+00
      7393  -2.80000000000e+00   2.80000000000e+00
      7394  -2.70000000000e+00   2.80000000000e+00
      7395  -2.60000000000e+00   2.80000000000e+00
      7396  -2.50000000000e+00   2.80000000000e+00
      7397  -2.40000000000e+00   2.80000000000e+00
      7398  -2.30000000000e+00   2.80000000000e+00
      7399  -2.20000000000e+00   2.80000000000e+00
      7400  -2.10000000000e+00   2.80000000000e+00
      7401  -2.00000000000e+00   2.80000000000e+00
      7402  -1.90000000000e+00   2.80000000000e+00
      7403  -1.80000000000e+00   2.80000000000e+00
      7404  -1.70000000000e+00   2.80000000000e+00
      7405  -1.60000000000e+00   2.80000000000e+00
      7406  -1.50000000000e+00   2.80000000000e+00
      7407  -1.40000000000e+00   2.80000000000e+00
      7408  -1.30000000000e+00   2.80000000000e+00
      7409  -1.20000000000e+00   2.80000000000e+00
      7410  -1.10000000000e+00   2.80000000000e+00
      7411  -1.00000000000e+00   2.80000000000e+00
      7412  -9.00000000000e-01   2.80000000000e+00
      7413  -8.00000000000e-01   2.80000000000e+00
      7414  -7.00000000000e-01   2.80000000000e+00
      7415  -6.00000000000e-01   2.80000000000e+00
      7416  -5.00000000000e-01   2.80000000000e+00
      7417  -4.00000000000e-01   2.80000000000e+00
      7418  -3.00000000000e-01   2.80000000000e+00
      7419  -2.00000000000e-01   2.80000000000e+00
      7420  -1.00000000000e-01   2.80000000000e+00
      7421   0.00000000000e+00   2.80000000000e+00
      7422   1.00000000000e-01   2.80000000000e+00
      7423   2.00000000000e-01   2.80000000000e+00
      7424   3.00000000000e-01   2.80000000000e+00
      7425   4.00000000000e-01   2.80000000000e+00
      7426   5.00000000000e-01   2.80000000000e+00
      7427   6.00000000000e-01   2.80000000000e+00
      7428   7.00000000000e-01   2.80000000000e+00
      7429   8.00000000000e-01   2.80000000000e+00
      7430   9.00000000000e-01   2.80000000000e+00
      7431   1.00000000000e+00   2.80000000000e+00
      7432   1.10000000000e+00   2.80000000000e+00
      7433   1.20000000000e+00   2.80000000000e+00
      7434   1.30000000000e+00   2.80000000000e+00
      7435   1.40000000000e+00   2.80000000000e+00
      7436   1.50000000000e+00   2.80000000000e+00
      7437   1.60000000000e+00   2.80000000000e+00
      7438   1.70000000000e+00   2.80000000000e+00
      7439   1.80000000000e+00   2.80000000000e+00
      7440   1.90000000000e+00   2.80000000000e+00
      7441   2.00000000000e+00   2.80000000000e+00
      7442   2.10000000000e+00   2.80000000000e+00
      7443   2.20000000000e+00   2.80000000000e+00
      7444   2.30000000000e+00   2.80000000000e+00
      7445   2.40000000000e+00   2.80000000000e+00
      7446   2.50000000000e+00   2.80000000000e+00
      7447   2.60000000000e+00   2.80000000000e+00
      7448   2.70000000000e+00   2.80000000000e+00
      7449   2.80000000000e+00   2.80000000000e+00
      7450   2.90000000000e+00   2.80000000000e+00
      7451   3.00000000000e+00   2.80000000000e+00
      7452   3.10000000000e+00   2.80000000000e+00
      7453   3.20000000000e+00   2.80000000000e+00
      7454   3.30000000000e+00   2.80000000000e+00
      7455   3.40000000000e+00   2.80000000000e+00
      7456   3.50000000000e+00   2.80000000000e+00
      7457   3.60000000000e+00   2.80000000000e+00
      7458   3.70000000000e+00   2.80000000000e+00
      7459   3.80000000000e+00   2.80000000000e+00
      7460   3.90000000000e+00   2.80000000000e+00
      7461   4.00000000000e+00   2.80000000000e+00
      7462   4.10000000000e+00   2.80000000000e+00
      7463   4.20000000000e+00   2.80000000000e+00
      7464   4.30000000000e+00   2.80000000000e+00
      7465   4.40000000000e+00   2.80000000000e+00
      7466   4.50000000000e+00   2.80000000000e+00
      7467   4.60000000000e+00   2.80000000000e+00
      7468   4.70000000000e+00   2.80000000000e+00
      7469   4.80000000000e+00   2.80000000000e+00
      7470  -4.80000000000e+00   2.90000000000e+00
      7471  -4.70000000000e+00   2.90000000000e+00
      7472  -4.60000000000e+00   2.90000000000e+00
      7473  -4.50000000000e+00   2.90000000000e+00
      7474  -4.40000000000e+00   2.90000000000e+00
      7475  -4.30000000000e+00   2.90000000000e+00
      7476  -4.20000000000e+00   2.90000000000e+00
      7477  -4.10000000000e+00   2.90000000000e+00
      7478  -4.00000000000e+00   2.90000000000e+00
      7479  -3.90000000000e+00   2.90000000000e+00
      7480  -3.80000000000e+00   2.90000000000e+00
      7481  -3.70000000000e+00   2.90000000000e+00
      7482  -3.60000000000e+00   2.90000000000e+00
      7483  -3.50000000000e+00   2.90000000000e+00
      7484  -3.40000000000e+00   2.90000000000e+00
      7485  -3.30000000000e+00   2.90000000000e+00
      7486  -3.20000000000e+00   2.90000000000e+00
      7487  -3.10000000000e+00   2.90000000000e+00
      7488  -3.00000000000e+00   2.90000000000e+00
      7489  -2.90000000000e+00   2.90000000000e+00
      7490  -2.80000000000e+00   2.90000000000e+00
      7491  -2.70000000000e+00   2.90000000000e+00
      7492  -2.60000000000e+00   2.90000000000e+00
      7493  -2.50000000000e+00   2.90000000000e+00
      7494  -2.40000000000e+00   2.90000000000e+00
      7495  -2.30000000000e+00   2.90000000000e+00
      7496  -2.20000000000e+00   2.90000000000e+00
      7497  -2.10000000000e+00   2.90000000000e+00
      7498  -2.00000000000e+00   2.90000000000e+00
      7499  -1.90000000000e+00   2.90000000000e+00
      7500  -1.80000000000e+00   2.90000000000e+00
      7501  -1.70000000000e+00   2.90000000000e+00
      7502  -1.60000000000e+00   2.90000000000e+00
      7503  -1.50000000000e+00   2.90000000000e+00
      7504  -1.40000000000e+00   2.90000000000e+00
      7505  -1.30000000000e+00   2.90000000000e+00
      7506  -1.20000000000e+00   2.90000000000e+00
      7507  -1.10000000000e+00   2.90000000000e+00
      7508  -1.00000000000e+00   2.90000000000e+00
      7509  -9.00000000000e-01   2.90000000000e+00
      7510  -8.00000000000e-01   2.90000000000e+00
      7511  -7.00000000000e-01   2.90000000000e+00
      7512  -6.00000000000e-01   2.90000000000e+00
      7513  -5.00000000000e-01   2.90000000000e+00
      7514  -4.00000000000e-01   2.90000000000e+00
      7515  -3.00000000000e-01   2.90000000000e+00
      7516  -2.00000000000e-01   2.90000000000e+00
      7517  -1.00000000000e-01   2.90000000000e+00
      7518   0.00000000000e+00   2.90000000000e+00
      7519   1.00000000000e-01   2.90000000000e+00
      7520   2.00000000000e-01   2.90000000000e+00
      7521   3.00000000000e-01   2.90000000000e+00
      7522   4.00000000000e-01   2.90000000000e+00
      7523   5.00000000000e-01   2.90000000000e+00
      7524   6.00000000000e-01   2.90000000000e+00
      7525   7.00000000000e-01   2.90000000000e+00
      7526   8.00000000000e-01   2.90000000000e+00
      7527   9.00000000000e-01   2.90000000000e+00
      7528   1.00000000000e+00   2.90000000000e+00
      7529   1.10000000000e+00   2.90000000000e+00
      7530   1.20000000000e+00   2.90000000000e+00
      7531   1.30000000000e+00   2.90000000000e+00
      7532   1.40000000000e+00   2.90000000000e+00
      7533   1.50000000000e+00   2.90000000000e+00
      7534   1.60000000000e+00   2.90000000000e+00
      7535   1.70000000000e+00   2.90000000000e+00
      7536   1.80000000000e+00   2.90000000000e+00
      7537   1.90000000000e+00   2.90000000000e+00
      7538   2.00000000000e+00   2.90000000000e+00
      7539   2.10000000000e+00   2.90000000000e+00
      7540   2.20000000000e+00   2.90000000000e+00
      7541   2.30000000000e+00   2.90000000000e+00
      7542   2.40000000000e+00   2.90000000000e+00
      7543   2.50000000000e+00   2.90000000000e+00
      7544   2.60000000000e+00   2.90000000000e+00
      7545   2.70000000000e+00   2.90000000000e+00
      7546   2.80000000000e+00   2.90000000000e+00
      7547   2.90000000000e+00   2.90000000000e+00
      7548   3.00000000000e+00   2.90000000000e+00
      7549   3.10000000000e+00   2.90000000000e+00
      7550   3.20000000000e+00   2.90000000000e+00
      7551   3.30000000000e+00   2.90000000000e+00
      7552   3.40000000000e+00   2.90000000000e+00
      7553   3.50000000000e+00   2.90000000000e+00
      7554   3.60000000000e+00   2.90000000000e+00
      7555   3.70000000000e+00   2.90000000000e+00
      7556   3.80000000000e+00   2.90000000000e+00
      7557   3.90000000000e+00   2.90000000000e+00
      7558   4.00000000000e+00   2.90000000000e+00
      7559   4.10000000000e+00   2.90000000000e+00
      7560   4.20000000000e+00   2.90000000000e+00
      7561   4.30000000000e+00   2.90000000000e+00
      7562   4.40000000000e+00   2.90000000000e+00
      7563   4.50000000000e+00   2.90000000000e+00
      7564   4.60000000000e+00   2.90000000000e+00
      7565   4.70000000000e+00   2.90000000000e+00
      7566   4.80000000000e+00   2.90000000000e+00
      7567  -4.80000000000e+00   3.00000000000e+00
      7568  -4.70000000000e+00   3.00000000000e+00
      7569  -4.60000000000e+00   3.00000000000e+00
      7570  -4.50000000000e+00   3.00000000000e+00
      7571  -4.40000000000e+00   3.00000000000e+00
      7572  -4.30000000000e+00   3.00000000000e+00
      7573  -4.20000000000e+00   3.00000000000e+00
      7574  -4.10000000000e+00   3.00000000000e+00
      7575  -4.00000000000e+00   3.00000000000e+00
      7576  -3.90000000000e+00   3.00000000000e+00
      7577  -3.80000000000e+00   3.00000000000e+00
      7578  -3.70000000000e+00   3.00000000000e+00
      7579  -3.60000000000e+00   3.00000000000e+00
      7580  -3.50000000000e+00   3.00000000000e+00
      7581  -3.40000000000e+00   3.00000000000e+00
      7582  -3.30000000000e+00   3.00000000000e+00
      7583  -3.20000000000e+00   3.00000000000e+00
      7584  -3.10000000000e+00   3.00000000000e+00
      7585  -3.00000000000e+00   3.00000000000e+00
      7586  -2.90000000000e+00   3.00000000000e+00
      7587  -2.80000000000e+00   3.00000000000e+00
      7588  -2.70000000000e+00   3.00000000000e+00
      7589  -2.60000000000e+00   3.00000000000e+00
      7590  -2.50000000000e+00   3.00000000000e+00
      7591  -2.40000000000e+00   3.00000000000e+00
      7592  -2.30000000000e+00   3.00000000000e+00
      7593  -2.20000000000e+00   3.00000000000e+00
      7594  -2.10000000000e+00   3.00000000000e+00
      7595  -2.00000000000e+00   3.00000000000e+00
      7596  -1.90000000000e+00   3.00000000000e+00
      7597  -1.80000000000e+00   3.00000000000e+00
      7598  -1.70000000000e+00   3.00000000000e+00
      7599  -1.60000000000e+00   3.00000000000e+00
      7600  -1.50000000000e+00   3.00000000000e+00
      7601  -1.40000000000e+00   3.00000000000e+00
      7602  -1.30000000000e+00   3.00000000000e+00
      7603  -1.20000000000e+00   3.00000000000e+00
      7604  -1.10000000000e+00   3.00000000000e+00
      7605  -1.00000000000e+00   3.00000000000e+00
      7606  -9.00000000000e-01   3.00000000000e+00
      7607  -8.00000000000e-01   3.00000000000e+00
      7608  -7.00000000000e-01   3.00000000000e+00
      7609  -6.00000000000e-01   3.00000000000e+00
      7610  -5.00000000000e-01   3.00000000000e+00
      7611  -4.00000000000e-01   3.00000000000e+00
      7612  -3.00000000000e-01   3.00000000000e+00
      7613  -2.00000000000e-01   3.00000000000e+00
      7614  -1.00000000000e-01   3.00000000000e+00
      7615   0.00000000000e+00   3.00000000000e+00
      7616   1.00000000000e-01   3.00000000000e+00
      7617   2.00000000000e-01   3.00000000000e+00
      7618   3.00000000000e-01   3.00000000000e+00
      7619   4.00000000000e-01   3.00000000000e+00
      7620   5.00000000000e-01   3.00000000000e+00
      7621   6.00000000000e-01   3.00000000000e+00
      7622   7.00000000000e-01   3.00000000000e+00
      7623   8.00000000000e-01   3.00000000000e+00
      7624   9.00000000000e-01   3.00000000000e+00
      7625   1.00000000000e+00   3.00000000000e+00
      7626   1.10000000000e+00   3.00000000000e+00
      7627   1.20000000000e+00   3.00000000000e+00
      7628   1.30000000000e+00   3.00000000000e+00
      7629   1.40000000000e+00   3.00000000000e+00
      7630   1.50000000000e+00   3.00000000000e+00
      7631   1.60000000000e+00   3.00000000000e+00
      7632   1.70000000000e+00   3.00000000000e+00
      7633   1.80000000000e+00   3.00000000000e+00
      7634   1.90000000000e+00   3.00000000000e+00
      7635   2.00000000000e+00   3.00000000000e+00
      7636   2.10000000000e+00   3.00000000000e+00
      7637   2.20000000000e+00   3.00000000000e+00
      7638   2.30000000000e+00   3.00000000000e+00
      7639   2.40000000000e+00   3.00000000000e+00
      7640   2.50000000000e+00   3.00000000000e+00
      7641   2.60000000000e+00   3.00000000000e+00
      7642   2.70000000000e+00   3.00000000000e+00
      7643   2.80000000000e+00   3.00000000000e+00
      7644   2.90000000000e+00   3.00000000000e+00
      7645   3.00000000000e+00   3.00000000000e+00
      7646   3.10000000000e+00   3.00000000000e+00
      7647   3.20000000000e+00   3.00000000000e+00
      7648   3.30000000000e+00   3.00000000000e+00
      7649   3.40000000000e+00   3.00000000000e+00
      7650   3.50000000000e+00   3.00000000000e+00
      7651   3.60000000000e+00   3.00000000000e+00
      7652   3.70000000000e+00   3.00000000000e+00
      7653   3.80000000000e+00   3.00000000000e+00
      7654   3.90000000000e+00   3.00000000000e+00
      7655   4.00000000000e+00   3.00000000000e+00
      7656   4.10000000000e+00   3.00000000000e+00
      7657   4.20000000000e+00   3.00000000000e+00
      7658   4.30000000000e+00   3.00000000000e+00
      7659   4.40000000000e+00   3.00000000000e+00
      7660   4.50000000000e+00   3.00000000000e+00
      7661   4.60000000000e+00   3.00000000000e+00
      7662   4.70000000000e+00   3.00000000000e+00
      7663   4.80000000000e+00   3.00000000000e+00
      7664  -4.80000000000e+00   3.10000000000e+00
      7665  -4.70000000000e+00   3.10000000000e+00
      7666  -4.60000000000e+00   3.10000000000e+00
      7667  -4.50000000000e+00   3.10000000000e+00
      7668  -4.40000000000e+00   3.10000000000e+00
      7669  -4.30000000000e+00   3.10000000000e+00
      7670  -4.20000000000e+00   3.10000000000e+00
      7671  -4.10000000000e+00   3.10000000000e+00
      7672  -4.00000000000e+00   3.10000000000e+00
      7673  -3.90000000000e+00   3.10000000000e+00
      7674  -3.80000000000e+00   3.10000000000e+00
      7675  -3.70000000000e+00   3.10000000000e+00
      7676  -3.60000000000e+00   3.10000000000e+00
      7677  -3.50000000000e+00   3.10000000000e+00
      7678  -3.40000000000e+00   3.10000000000e+00
      7679  -3.30000000000e+00   3.10000000000e+00
      7680  -3.20000000000e+00   3.10000000000e+00
      7681  -3.10000000000e+00   3.10000000000e+00
      7682  -3.00000000000e+00   3.10000000000e+00
      7683  -2.90000000000e+00   3.10000000000e+00
      7684  -2.80000000000e+00   3.10000000000e+00
      7685  -2.70000000000e+00   3.10000000000e+00
      7686  -2.60000000000e+00   3.10000000000e+00
      7687  -2.50000000000e+00   3.10000000000e+00
      7688  -2.40000000000e+00   3.10000000000e+00
      7689  -2.30000000000e+00   3.10000000000e+00
      7690  -2.20000000000e+00   3.10000000000e+00
      7691  -2.10000000000e+00   3.10000000000e+00
      7692  -2.00000000000e+00   3.10000000000e+00
      7693  -1.90000000000e+00   3.10000000000e+00
      7694  -1.80000000000e+00   3.10000000000e+00
      7695  -1.70000000000e+00   3.10000000000e+00
      7696  -1.60000000000e+00   3.10000000000e+00
      7697  -1.50000000000e+00   3.10000000000e+00
      7698  -1.40000000000e+00   3.10000000000e+00
      7699  -1.30000000000e+00   3.10000000000e+00
      7700  -1.20000000000e+00   3.10000000000e+00
      7701  -1.10000000000e+00   3.10000000000e+00
      7702  -1.00000000000e+00   3.10000000000e+00
      7703  -9.00000000000e-01   3.10000000000e+00
      7704  -8.00000000000e-01   3.10000000000e+00
      7705  -7.00000000000e-01   3.10000000000e+00
      7706  -6.00000000000e-01   3.10000000000e+00
      7707  -5.00000000000e-01   3.10000000000e+00
      7708  -4.00000000000e-01   3.10000000000e+00
      7709  -3.00000000000e-01   3.10000000000e+00
      7710  -2.00000000000e-01   3.10000000000e+00
      7711  -1.00000000000e-01   3.10000000000e+00
      7712   0.00000000000e+00   3.10000000000e+00
      7713   1.00000000000e-01   3.10000000000e+00
      7714   2.00000000000e-01   3.10000000000e+00
      7715   3.00000000000e-01   3.10000000000e+00
      7716   4.00000000000e-01   3.10000000000e+00
      7717   5.00000000000e-01   3.10000000000e+00
      7718   6.00000000000e-01   3.10000000000e+00
      7719   7.00000000000e-01   3.10000000000e+00
      7720   8.00000000000e-01   3.10000000000e+00
      7721   9.00000000000e-01   3.10000000000e+00
      7722   1.00000000000e+00   3.10000000000e+00
      7723   1.10000000000e+00   3.10000000000e+00
      7724   1.20000000000e+00   3.10000000000e+00
      7725   1.30000000000e+00   3.10000000000e+00
      7726   1.40000000000e+00   3.10000000000e+00
      7727   1.50000000000e+00   3.10000000000e+00
      7728   1.60000000000e+00   3.10000000000e+00
      7729   1.70000000000e+00   3.10000000000e+00
      7730   1.80000000000e+00   3.10000000000e+00
      7731   1.90000000000e+00   3.10000000000e+00
      7732   2.00000000000e+00   3.10000000000e+00
      7733   2.10000000000e+00   3.10000000000e+00
      7734   2.20000000000e+00   3.10000000000e+00
      7735   2.30000000000e+00   3.10000000000e+00
      7736   2.40000000000e+00   3.10000000000e+00
      7737   2.50000000000e+00   3.10000000000e+00
      7738   2.60000000000e+00   3.10000000000e+00
      7739   2.70000000000e+00   3.10000000000e+00
      7740   2.80000000000e+00   3.10000000000e+00
      7741   2.90000000000e+00   3.10000000000e+00
      7742   3.00000000000e+00   3.10000000000e+00
      7743   3.10000000000e+00   3.10000000000e+00
      7744   3.20000000000e+00   3.10000000000e+00
      7745   3.30000000000e+00   3.10000000000e+00
      7746   3.40000000000e+00   3.10000000000e+00
      7747   3.50000000000e+00   3.10000000000e+00
      7748   3.60000000000e+00   3.10000000000e+00
      7749   3.70000000000e+00   3.10000000000e+00
      7750   3.80000000000e+00   3.10000000000e+00
      7751   3.90000000000e+00   3.10000000000e+00
      7752   4.00000000000e+00   3.10000000000e+00
      7753   4.10000000000e+00   3.10000000000e+00
      7754   4.20000000000e+00   3.10000000000e+00
      7755   4.30000000000e+00   3.10000000000e+00
      7756   4.40000000000e+00   3.10000000000e+00
      7757   4.50000000000e+00   3.10000000000e+00
      7758   4.60000000000e+00   3.10000000000e+00
      7759   4.70000000000e+00   3.10000000000e+00
      7760   4.80000000000e+00   3.10000000000e+00
      7761  -4.80000000000e+00   3.20000000000e+00
      7762  -4.70000000000e+00   3.20000000000e+00
      7763  -4.60000000000e+00   3.20000000000e+00
      7764  -4.50000000000e+00   3.20000000000e+00
      7765  -4.40000000000e+00   3.20000000000e+00
      7766  -4.30000000000e+00   3.20000000000e+00
      7767  -4.20000000000e+00   3.20000000000e+00
      7768  -4.10000000000e+00   3.20000000000e+00
      7769  -4.00000000000e+00   3.20000000000e+00
      7770  -3.90000000000e+00   3.20000000000e+00
      7771  -3.80000000000e+00   3.20000000000e+00
      7772  -3.70000000000e+00   3.20000000000e+00
      7773  -3.60000000000e+00   3.20000000000e+00
      7774  -3.50000000000e+00   3.20000000000e+00
      7775  -3.40000000000e+00   3.20000000000e+00
      7776  -3.30000000000e+00   3.20000000000e+00
      7777  -3.20000000000e+00   3.20000000000e+00
      7778  -3.10000000000e+00   3.20000000000e+00
      7779  -3.00000000000e+00   3.20000000000e+00
      7780  -2.90000000000e+00   3.20000000000e+00
      7781  -2.80000000000e+00   3.20000000000e+00
      7782  -2.70000000000e+00   3.20000000000e+00
      7783  -2.60000000000e+00   3.20000000000e+00
      7784  -2.50000000000e+00   3.20000000000e+00
      7785  -2.40000000000e+00   3.20000000000e+00
      7786  -2.30000000000e+00   3.20000000000e+00
      7787  -2.20000000000e+00   3.20000000000e+00
      7788  -2.10000000000e+00   3.20000000000e+00
      7789  -2.00000000000e+00   3.20000000000e+00
      7790  -1.90000000000e+00   3.20000000000e+00
      7791  -1.80000000000e+00   3.20000000000e+00
      7792  -1.70000000000e+00   3.20000000000e+00
      7793  -1.60000000000e+00   3.20000000000e+00
      7794  -1.50000000000e+00   3.20000000000e+00
      7795  -1.40000000000e+00   3.20000000000e+00
      7796  -1.30000000000e+00   3.20000000000e+00
      7797  -1.20000000000e+00   3.20000000000e+00
      7798  -1.10000000000e+00   3.20000000000e+00
      7799  -1.00000000000e+00   3.20000000000e+00
      7800  -9.00000000000e-01   3.20000000000e+00
      7801  -8.00000000000e-01   3.20000000000e+00
      7802  -7.00000000000e-01   3.20000000000e+00
      7803  -6.00000000000e-01   3.20000000000e+00
      7804  -5.00000000000e-01   3.20000000000e+00
      7805  -4.00000000000e-01   3.20000000000e+00
      7806  -3.00000000000e-01   3.20000000000e+00
      7807  -2.00000000000e-01   3.20000000000e+00
      7808  -1.00000000000e-01   3.20000000000e+00
      7809   0.00000000000e+00   3.20000000000e+00
      7810   1.00000000000e-01   3.20000000000e+00
      7811   2.00000000000e-01   3.20000000000e+00
      7812   3.00000000000e-01   3.20000000000e+00
      7813   4.00000000000e-01   3.20000000000e+00
      7814   5.00000000000e-01   3.20000000000e+00
      7815   6.00000000000e-01   3.20000000000e+00
      7816   7.00000000000e-01   3.20000000000e+00
      7817   8.00000000000e-01   3.20000000000e+00
      7818   9.00000000000e-01   3.20000000000e+00
      7819   1.00000000000e+00   3.20000000000e+00
      7820   1.10000000000e+00   3.20000000000e+00
      7821   1.20000000000e+00   3.20000000000e+00
      7822   1.30000000000e+00   3.20000000000e+00
      7823   1.40000000000e+00   3.20000000000e+00
      7824   1.50000000000e+00   3.20000000000e+00
      7825   1.60000000000e+00   3.20000000000e+00
      7826   1.70000000000e+00   3.20000000000e+00
      7827   1.80000000000e+00   3.20000000000e+00
      7828   1.90000000000e+00   3.20000000000e+00
      7829   2.00000000000e+00   3.20000000000e+00
      7830   2.10000000000e+00   3.20000000000e+00
      7831   2.20000000000e+00   3.20000000000e+00
      7832   2.30000000000e+00   3.20000000000e+00
      7833   2.40000000000e+00   3.20000000000e+00
      7834   2.50000000000e+00   3.20000000000e+00
      7835   2.60000000000e+00   3.20000000000e+00
      7836   2.70000000000e+00   3.20000000000e+00
      7837   2.80000000000e+00   3.20000000000e+00
      7838   2.90000000000e+00   3.20000000000e+00
      7839   3.00000000000e+00   3.20000000000e+00
      7840   3.10000000000e+00   3.20000000000e+00
      7841   3.20000000000e+00   3.20000000000e+00
      7842   3.30000000000e+00   3.20000000000e+00
      7843   3.40000000000e+00   3.20000000000e+00
      7844   3.50000000000e+00   3.20000000000e+00
      7845   3.60000000000e+00   3.20000000000e+00
      7846   3.70000000000e+00   3.20000000000e+00
      7847   3.80000000000e+00   3.20000000000e+00
      7848   3.90000000000e+00   3.20000000000e+00
      7849   4.00000000000e+00   3.20000000000e+00
      7850   4.10000000000e+00   3.20000000000e+00
      7851   4.20000000000e+00   3.20000000000e+00
      7852   4.30000000000e+00   3.20000000000e+00
      7853   4.40000000000e+00   3.20000000000e+00
      7854   4.50000000000e+00   3.20000000000e+00
      7855   4.60000000000e+00   3.20000000000e+00
      7856   4.70000000000e+00   3.20000000000e+00
      7857   4.80000000000e+00   3.20000000000e+00
      7858  -4.80000000000e+00   3.30000000000e+00
      7859  -4.70000000000e+00   3.30000000000e+00
      7860  -4.60000000000e+00   3.30000000000e+00
      7861  -4.50000000000e+00   3.30000000000e+00
      7862  -4.40000000000e+00   3.30000000000e+00
      7863  -4.30000000000e+00   3.30000000000e+00
      7864  -4.20000000000e+00   3.30000000000e+00
      7865  -4.10000000000e+00   3.30000000000e+00
      7866  -4.00000000000e+00   3.30000000000e+00
      7867  -3.90000000000e+00   3.30000000000e+00
      7868  -3.80000000000e+00   3.30000000000e+00
      7869  -3.70000000000e+00   3.30000000000e+00
      7870  -3.60000000000e+00   3.30000000000e+00
      7871  -3.50000000000e+00   3.30000000000e+00
      7872  -3.40000000000e+00   3.30000000000e+00
      7873  -3.30000000000e+00   3.30000000000e+00
      7874  -3.20000000000e+00   3.30000000000e+00
      7875  -3.10000000000e+00   3.30000000000e+00
      7876  -3.00000000000e+00   3.30000000000e+00
      7877  -2.90000000000e+00   3.30000000000e+00
      7878  -2.80000000000e+00   3.30000000000e+00
      7879  -2.70000000000e+00   3.30000000000e+00
      7880  -2.60000000000e+00   3.30000000000e+00
      7881  -2.50000000000e+00   3.30000000000e+00
      7882  -2.40000000000e+00   3.30000000000e+00
      7883  -2.30000000000e+00   3.30000000000e+00
      7884  -2.20000000000e+00   3.30000000000e+00
      7885  -2.10000000000e+00   3.30000000000e+00
      7886  -2.00000000000e+00   3.30000000000e+00
      7887  -1.90000000000e+00   3.30000000000e+00
      7888  -1.80000000000e+00   3.30000000000e+00
      7889  -1.70000000000e+00   3.30000000000e+00
      7890  -1.60000000000e+00   3.30000000000e+00
      7891  -1.50000000000e+00   3.30000000000e+00
      7892  -1.40000000000e+00   3.30000000000e+00
      7893  -1.30000000000e+00   3.30000000000e+00
      7894  -1.20000000000e+00   3.30000000000e+00
      7895  -1.10000000000e+00   3.30000000000e+00
      7896  -1.00000000000e+00   3.30000000000e+00
      7897  -9.00000000000e-01   3.30000000000e+00
      7898  -8.00000000000e-01   3.30000000000e+00
      7899  -7.00000000000e-01   3.30000000000e+00
      7900  -6.00000000000e-01   3.30000000000e+00
      7901  -5.00000000000e-01   3.30000000000e+00
      7902  -4.00000000000e-01   3.30000000000e+00
      7903  -3.00000000000e-01   3.30000000000e+00
      7904  -2.00000000000e-01   3.30000000000e+00
      7905  -1.00000000000e-01   3.30000000000e+00
      7906   0.00000000000e+00   3.30000000000e+00
      7907   1.00000000000e-01   3.30000000000e+00
      7908   2.00000000000e-01   3.30000000000e+00
      7909   3.00000000000e-01   3.30000000000e+00
      7910   4.00000000000e-01   3.30000000000e+00
      7911   5.00000000000e-01   3.30000000000e+00
      7912   6.00000000000e-01   3.30000000000e+00
      7913   7.00000000000e-01   3.30000000000e+00
      7914   8.00000000000e-01   3.30000000000e+00
      7915   9.00000000000e-01   3.30000000000e+00
      7916   1.00000000000e+00   3.30000000000e+00
      7917   1.10000000000e+00   3.30000000000e+00
      7918   1.20000000000e+00   3.30000000000e+00
      7919   1.30000000000e+00   3.30000000000e+00
      7920   1.40000000000e+00   3.30000000000e+00
      7921   1.50000000000e+00   3.30000000000e+00
      7922   1.60000000000e+00   3.30000000000e+00
      7923   1.70000000000e+00   3.30000000000e+00
      7924   1.80000000000e+00   3.30000000000e+00
      7925   1.90000000000e+00   3.30000000000e+00
      7926   2.00000000000e+00   3.30000000000e+00
      7927   2.10000000000e+00   3.30000000000e+00
      7928   2.20000000000e+00   3.30000000000e+00
      7929   2.30000000000e+00   3.30000000000e+00
      7930   2.40000000000e+00   3.30000000000e+00
      7931   2.50000000000e+00   3.30000000000e+00
      7932   2.60000000000e+00   3.30000000000e+00
      7933   2.70000000000e+00   3.30000000000e+00
      7934   2.80000000000e+00   3.30000000000e+00
      7935   2.90000000000e+00   3.30000000000e+00
      7936   3.00000000000e+00   3.30000000000e+00
      7937   3.10000000000e+00   3.30000000000e+00
      7938   3.20000000000e+00   3.30000000000e+00
      7939   3.30000000000e+00   3.30000000000e+00
      7940   3.40000000000e+00   3.30000000000e+00
      7941   3.50000000000e+00   3.30000000000e+00
      7942   3.60000000000e+00   3.30000000000e+00
      7943   3.70000000000e+00   3.30000000000e+00
      7944   3.80000000000e+00   3.30000000000e+00
      7945   3.90000000000e+00   3.30000000000e+00
      7946   4.00000000000e+00   3.30000000000e+00
      7947   4.10000000000e+00   3.30000000000e+00
      7948   4.20000000000e+00   3.30000000000e+00
      7949   4.30000000000e+00   3.30000000000e+00
      7950   4.40000000000e+00   3.30000000000e+00
      7951   4.50000000000e+00   3.30000000000e+00
      7952   4.60000000000e+00   3.30000000000e+00
      7953   4.70000000000e+00   3.30000000000e+00
      7954   4.80000000000e+00   3.30000000000e+00
      7955  -4.80000000000e+00   3.40000000000e+00
      7956  -4.70000000000e+00   3.40000000000e+00
      7957  -4.60000000000e+00   3.40000000000e+00
      7958  -4.50000000000e+00   3.40000000000e+00
      7959  -4.40000000000e+00   3.40000000000e+00
      7960  -4.30000000000e+00   3.40000000000e+00
      7961  -4.20000000000e+00   3.40000000000e+00
      7962  -4.10000000000e+00   3.40000000000e+00
      7963  -4.00000000000e+00   3.40000000000e+00
      7964  -3.90000000000e+00   3.40000000000e+00
      7965  -3.80000000000e+00   3.40000000000e+00
      7966  -3.70000000000e+00   3.40000000000e+00
      7967  -3.60000000000e+00   3.40000000000e+00
      7968  -3.50000000000e+00   3.40000000000e+00
      7969  -3.40000000000e+00   3.40000000000e+00
      7970  -3.30000000000e+00   3.40000000000e+00
      7971  -3.20000000000e+00   3.40000000000e+00
      7972  -3.10000000000e+00   3.40000000000e+00
      7973  -3.00000000000e+00   3.40000000000e+00
      7974  -2.90000000000e+00   3.40000000000e+00
      7975  -2.80000000000e+00   3.40000000000e+00
      7976  -2.70000000000e+00   3.40000000000e+00
      7977  -2.60000000000e+00   3.40000000000e+00
      7978  -2.50000000000e+00   3.40000000000e+00
      7979  -2.40000000000e+00   3.40000000000e+00
      7980  -2.30000000000e+00   3.40000000000e+00
      7981  -2.20000000000e+00   3.40000000000e+00
      7982  -2.10000000000e+00   3.40000000000e+00
      7983  -2.00000000000e+00   3.40000000000e+00
      7984  -1.90000000000e+00   3.40000000000e+00
      7985  -1.80000000000e+00   3.40000000000e+00
      7986  -1.70000000000e+00   3.40000000000e+00
      7987  -1.60000000000e+00   3.40000000000e+00
      7988  -1.50000000000e+00   3.40000000000e+00
      7989  -1.40000000000e+00   3.40000000000e+00
      7990  -1.30000000000e+00   3.40000000000e+00
      7991  -1.20000000000e+00   3.40000000000e+00
      7992  -1.10000000000e+00   3.40000000000e+00
      7993  -1.00000000000e+00   3.40000000000e+00
      7994  -9.00000000000e-01   3.40000000000e+00
      7995  -8.00000000000e-01   3.40000000000e+00
      7996  -7.00000000000e-01   3.40000000000e+00
      7997  -6.00000000000e-01   3.40000000000e+00
      7998  -5.00000000000e-01   3.40000000000e+00
      7999  -4.00000000000e-01   3.40000000000e+00
      8000  -3.00000000000e-01   3.40000000000e+00
      8001  -2.00000000000e-01   3.40000000000e+00
      8002  -1.00000000000e-01   3.40000000000e+00
      8003   0.00000000000e+00   3.40000000000e+00
      8004   1.00000000000e-01   3.40000000000e+00
      8005   2.00000000000e-01   3.40000000000e+00
      8006   3.00000000000e-01   3.40000000000e+00
      8007   4.00000000000e-01   3.40000000000e+00
      8008   5.00000000000e-01   3.40000000000e+00
      8009   6.00000000000e-01   3.40000000000e+00
      8010   7.00000000000e-01   3.40000000000e+00
      8011   8.00000000000e-01   3.40000000000e+00
      8012   9.00000000000e-01   3.40000000000e+00
      8013   1.00000000000e+00   3.40000000000e+00
      8014   1.10000000000e+00   3.40000000000e+00
      8015   1.20000000000e+00   3.40000000000e+00
      8016   1.30000000000e+00   3.40000000000e+00
      8017   1.40000000000e+00   3.40000000000e+00
      8018   1.50000000000e+00   3.40000000000e+00
      8019   1.60000000000e+00   3.40000000000e+00
      8020   1.70000000000e+00   3.40000000000e+00
      8021   1.80000000000e+00   3.40000000000e+00
      8022   1.90000000000e+00   3.40000000000e+00
      8023   2.00000000000e+00   3.40000000000e+00
      8024   2.10000000000e+00   3.40000000000e+00
      8025   2.20000000000e+00   3.40000000000e+00
      8026   2.30000000000e+00   3.40000000000e+00
      8027   2.40000000000e+00   3.40000000000e+00
      8028   2.50000000000e+00   3.40000000000e+00
      8029   2.60000000000e+00   3.40000000000e+00
      8030   2.70000000000e+00   3.40000000000e+00
      8031   2.80000000000e+00   3.40000000000e+00
      8032   2.90000000000e+00   3.40000000000e+00
      8033   3.00000000000e+00   3.40000000000e+00
      8034   3.10000000000e+00   3.40000000000e+00
      8035   3.20000000000e+00   3.40000000000e+00
      8036   3.30000000000e+00   3.40000000000e+00
      8037   3.40000000000e+00   3.40000000000e+00
      8038   3.50000000000e+00   3.40000000000e+00
      8039   3.60000000000e+00   3.40000000000e+00
      8040   3.70000000000e+00   3.40000000000e+00
      8041   3.80000000000e+00   3.40000000000e+00
      8042   3.90000000000e+00   3.40000000000e+00
      8043   4.00000000000e+00   3.40000000000e+00
      8044   4.10000000000e+00   3.40000000000e+00
      8045   4.20000000000e+00   3.40000000000e+00
      8046   4.30000000000e+00   3.40000000000e+00
      8047   4.40000000000e+00   3.40000000000e+00
      8048   4.50000000000e+00   3.40000000000e+00
      8049   4.60000000000e+00   3.40000000000e+00
      8050   4.70000000000e+00   3.40000000000e+00
      8051   4.80000000000e+00   3.40000000000e+00
      8052  -4.80000000000e+00   3.50000000000e+00
      8053  -4.70000000000e+00   3.50000000000e+00
      8054  -4.60000000000e+00   3.50000000000e+00
      8055  -4.50000000000e+00   3.50000000000e+00
      8056  -4.40000000000e+00   3.50000000000e+00
      8057  -4.30000000000e+00   3.50000000000e+00
      8058  -4.20000000000e+00   3.50000000000e+00
      8059  -4.10000000000e+00   3.50000000000e+00
      8060  -4.00000000000e+00   3.50000000000e+00
      8061  -3.90000000000e+00   3.50000000000e+00
      8062  -3.80000000000e+00   3.50000000000e+00
      8063  -3.70000000000e+00   3.50000000000e+00
      8064  -3.60000000000e+00   3.50000000000e+00
      8065  -3.50000000000e+00   3.50000000000e+00
      8066  -3.40000000000e+00   3.50000000000e+00
      8067  -3.30000000000e+00   3.50000000000e+00
      8068  -3.20000000000e+00   3.50000000000e+00
      8069  -3.10000000000e+00   3.50000000000e+00
      8070  -3.00000000000e+00   3.50000000000e+00
      8071  -2.90000000000e+00   3.50000000000e+00
      8072  -2.80000000000e+00   3.50000000000e+00
      8073  -2.70000000000e+00   3.50000000000e+00
      8074  -2.60000000000e+00   3.50000000000e+00
      8075  -2.50000000000e+00   3.50000000000e+00
      8076  -2.40000000000e+00   3.50000000000e+00
      8077  -2.30000000000e+00   3.50000000000e+00
      8078  -2.20000000000e+00   3.50000000000e+00
      8079  -2.10000000000e+00   3.50000000000e+00
      8080  -2.00000000000e+00   3.50000000000e+00
      8081  -1.90000000000e+00   3.50000000000e+00
      8082  -1.80000000000e+00   3.50000000000e+00
      8083  -1.70000000000e+00   3.50000000000e+00
      8084  -1.60000000000e+00   3.50000000000e+00
      8085  -1.50000000000e+00   3.50000000000e+00
      8086  -1.40000000000e+00   3.50000000000e+00
      8087  -1.30000000000e+00   3.50000000000e+00
      8088  -1.20000000000e+00   3.50000000000e+00
      8089  -1.10000000000e+00   3.50000000000e+00
      8090  -1.00000000000e+00   3.50000000000e+00
      8091  -9.00000000000e-01   3.50000000000e+00
      8092  -8.00000000000e-01   3.50000000000e+00
      8093  -7.00000000000e-01   3.50000000000e+00
      8094  -6.00000000000e-01   3.50000000000e+00
      8095  -5.00000000000e-01   3.50000000000e+00
      8096  -4.00000000000e-01   3.50000000000e+00
      8097  -3.00000000000e-01   3.50000000000e+00
      8098  -2.00000000000e-01   3.50000000000e+00
      8099  -1.00000000000e-01   3.50000000000e+00
      8100   0.00000000000e+00   3.50000000000e+00
      8101   1.00000000000e-01   3.50000000000e+00
      8102   2.00000000000e-01   3.50000000000e+00
      8103   3.00000000000e-01   3.50000000000e+00
      8104   4.00000000000e-01   3.50000000000e+00
      8105   5.00000000000e-01   3.50000000000e+00
      8106   6.00000000000e-01   3.50000000000e+00
      8107   7.00000000000e-01   3.50000000000e+00
      8108   8.00000000000e-01   3.50000000000e+00
      8109   9.00000000000e-01   3.50000000000e+00
      8110   1.00000000000e+00   3.50000000000e+00
      8111   1.10000000000e+00   3.50000000000e+00
      8112   1.20000000000e+00   3.50000000000e+00
      8113   1.30000000000e+00   3.50000000000e+00
      8114   1.40000000000e+00   3.50000000000e+00
      8115   1.50000000000e+00   3.50000000000e+00
      8116   1.60000000000e+00   3.50000000000e+00
      8117   1.70000000000e+00   3.50000000000e+00
      8118   1.80000000000e+00   3.50000000000e+00
      8119   1.90000000000e+00   3.50000000000e+00
      8120   2.00000000000e+00   3.50000000000e+00
      8121   2.10000000000e+00   3.50000000000e+00
      8122   2.20000000000e+00   3.50000000000e+00
      8123   2.30000000000e+00   3.50000000000e+00
      8124   2.40000000000e+00   3.50000000000e+00
      8125   2.50000000000e+00   3.50000000000e+00
      8126   2.60000000000e+00   3.50000000000e+00
      8127   2.70000000000e+00   3.50000000000e+00
      8128   2.80000000000e+00   3.50000000000e+00
      8129   2.90000000000e+00   3.50000000000e+00
      8130   3.00000000000e+00   3.50000000000e+00
      8131   3.10000000000e+00   3.50000000000e+00
      8132   3.20000000000e+00   3.50000000000e+00
      8133   3.30000000000e+00   3.50000000000e+00
      8134   3.40000000000e+00   3.50000000000e+00
      8135   3.50000000000e+00   3.50000000000e+00
      8136   3.60000000000e+00   3.50000000000e+00
      8137   3.70000000000e+00   3.50000000000e+00
      8138   3.80000000000e+00   3.50000000000e+00
      8139   3.90000000000e+00   3.50000000000e+00
      8140   4.00000000000e+00   3.50000000000e+00
      8141   4.10000000000e+00   3.50000000000e+00
      8142   4.20000000000e+00   3.50000000000e+00
      8143   4.30000000000e+00   3.50000000000e+00
      8144   4.40000000000e+00   3.50000000000e+00
      8145   4.50000000000e+00   3.50000000000e+00
      8146   4.60000000000e+00   3.50000000000e+00
      8147   4.70000000000e+00   3.50000000000e+00
      8148   4.80000000000e+00   3.50000000000e+00
      8149  -4.80000000000e+00   3.60000000000e+00
      8150  -4.70000000000e+00   3.60000000000e+00
      8151  -4.60000000000e+00   3.60000000000e+00
      8152  -4.50000000000e+00   3.60000000000e+00
      8153  -4.40000000000e+00   3.60000000000e+00
      8154  -4.30000000000e+00   3.60000000000e+00
      8155  -4.20000000000e+00   3.60000000000e+00
      8156  -4.10000000000e+00   3.60000000000e+00
      8157  -4.00000000000e+00   3.60000000000e+00
      8158  -3.90000000000e+00   3.60000000000e+00
      8159  -3.80000000000e+00   3.60000000000e+00
      8160  -3.70000000000e+00   3.60000000000e+00
      8161  -3.60000000000e+00   3.60000000000e+00
      8162  -3.50000000000e+00   3.60000000000e+00
      8163  -3.40000000000e+00   3.60000000000e+00
      8164  -3.30000000000e+00   3.60000000000e+00
      8165  -3.20000000000e+00   3.60000000000e+00
      8166  -3.10000000000e+00   3.60000000000e+00
      8167  -3.00000000000e+00   3.60000000000e+00
      8168  -2.90000000000e+00   3.60000000000e+00
      8169  -2.80000000000e+00   3.60000000000e+00
      8170  -2.70000000000e+00   3.60000000000e+00
      8171  -2.60000000000e+00   3.60000000000e+00
      8172  -2.50000000000e+00   3.60000000000e+00
      8173  -2.40000000000e+00   3.60000000000e+00
      8174  -2.30000000000e+00   3.60000000000e+00
      8175  -2.20000000000e+00   3.60000000000e+00
      8176  -2.10000000000e+00   3.60000000000e+00
      8177  -2.00000000000e+00   3.60000000000e+00
      8178  -1.90000000000e+00   3.60000000000e+00
      8179  -1.80000000000e+00   3.60000000000e+00
      8180  -1.70000000000e+00   3.60000000000e+00
      8181  -1.60000000000e+00   3.60000000000e+00
      8182  -1.50000000000e+00   3.60000000000e+00
      8183  -1.40000000000e+00   3.60000000000e+00
      8184  -1.30000000000e+00   3.60000000000e+00
      8185  -1.20000000000e+00   3.60000000000e+00
      8186  -1.10000000000e+00   3.60000000000e+00
      8187  -1.00000000000e+00   3.60000000000e+00
      8188  -9.00000000000e-01   3.60000000000e+00
      8189  -8.00000000000e-01   3.60000000000e+00
      8190  -7.00000000000e-01   3.60000000000e+00
      8191  -6.00000000000e-01   3.60000000000e+00
      8192  -5.00000000000e-01   3.60000000000e+00
      8193  -4.00000000000e-01   3.60000000000e+00
      8194  -3.00000000000e-01   3.60000000000e+00
      8195  -2.00000000000e-01   3.60000000000e+00
      8196  -1.00000000000e-01   3.60000000000e+00
      8197   0.00000000000e+00   3.60000000000e+00
      8198   1.00000000000e-01   3.60000000000e+00
      8199   2.00000000000e-01   3.60000000000e+00
      8200   3.00000000000e-01   3.60000000000e+00
      8201   4.00000000000e-01   3.60000000000e+00
      8202   5.00000000000e-01   3.60000000000e+00
      8203   6.00000000000e-01   3.60000000000e+00
      8204   7.00000000000e-01   3.60000000000e+00
      8205   8.00000000000e-01   3.60000000000e+00
      8206   9.00000000000e-01   3.60000000000e+00
      8207   1.00000000000e+00   3.60000000000e+00
      8208   1.10000000000e+00   3.60000000000e+00
      8209   1.20000000000e+00   3.60000000000e+00
      8210   1.30000000000e+00   3.60000000000e+00
      8211   1.40000000000e+00   3.60000000000e+00
      8212   1.50000000000e+00   3.60000000000e+00
      8213   1.60000000000e+00   3.60000000000e+00
      8214   1.70000000000e+00   3.60000000000e+00
      8215   1.80000000000e+00   3.60000000000e+00
      8216   1.90000000000e+00   3.60000000000e+00
      8217   2.00000000000e+00   3.60000000000e+00
      8218   2.10000000000e+00   3.60000000000e+00
      8219   2.20000000000e+00   3.60000000000e+00
      8220   2.30000000000e+00   3.60000000000e+00
      8221   2.40000000000e+00   3.60000000000e+00
      8222   2.50000000000e+00   3.60000000000e+00
      8223   2.60000000000e+00   3.60000000000e+00
      8224   2.70000000000e+00   3.60000000000e+00
      8225   2.80000000000e+00   3.60000000000e+00
      8226   2.90000000000e+00   3.60000000000e+00
      8227   3.00000000000e+00   3.60000000000e+00
      8228   3.10000000000e+00   3.60000000000e+00
      8229   3.20000000000e+00   3.60000000000e+00
      8230   3.30000000000e+00   3.60000000000e+00
      8231   3.40000000000e+00   3.60000000000e+00
      8232   3.50000000000e+00   3.60000000000e+00
      8233   3.60000000000e+00   3.60000000000e+00
      8234   3.70000000000e+00   3.60000000000e+00
      8235   3.80000000000e+00   3.60000000000e+00
      8236   3.90000000000e+00   3.60000000000e+00
      8237   4.00000000000e+00   3.60000000000e+00
      8238   4.10000000000e+00   3.60000000000e+00
      8239   4.20000000000e+00   3.60000000000e+00
      8240   4.30000000000e+00   3.60000000000e+00
      8241   4.40000000000e+00   3.60000000000e+00
      8242   4.50000000000e+00   3.60000000000e+00
      8243   4.60000000000e+00   3.60000000000e+00
      8244   4.70000000000e+00   3.60000000000e+00
      8245   4.80000000000e+00   3.60000000000e+00
      8246  -4.80000000000e+00   3.70000000000e+00
      8247  -4.70000000000e+00   3.70000000000e+00
      8248  -4.60000000000e+00   3.70000000000e+00
      8249  -4.50000000000e+00   3.70000000000e+00
      8250  -4.40000000000e+00   3.70000000000e+00
      8251  -4.30000000000e+00   3.70000000000e+00
      8252  -4.20000000000e+00   3.70000000000e+00
      8253  -4.10000000000e+00   3.70000000000e+00
      8254  -4.00000000000e+00   3.70000000000e+00
      8255  -3.90000000000e+00   3.70000000000e+00
      8256  -3.80000000000e+00   3.70000000000e+00
      8257  -3.70000000000e+00   3.70000000000e+00
      8258  -3.60000000000e+00   3.70000000000e+00
      8259  -3.50000000000e+00   3.70000000000e+00
      8260  -3.40000000000e+00   3.70000000000e+00
      8261  -3.30000000000e+00   3.70000000000e+00
      8262  -3.20000000000e+00   3.70000000000e+00
      8263  -3.10000000000e+00   3.70000000000e+00
      8264  -3.00000000000e+00   3.70000000000e+00
      8265  -2.90000000000e+00   3.70000000000e+00
      8266  -2.80000000000e+00   3.70000000000e+00
      8267  -2.70000000000e+00   3.70000000000e+00
      8268  -2.60000000000e+00   3.70000000000e+00
      8269  -2.50000000000e+00   3.70000000000e+00
      8270  -2.40000000000e+00   3.70000000000e+00
      8271  -2.30000000000e+00   3.70000000000e+00
      8272  -2.20000000000e+00   3.70000000000e+00
      8273  -2.10000000000e+00   3.70000000000e+00
      8274  -2.00000000000e+00   3.70000000000e+00
      8275  -1.90000000000e+00   3.70000000000e+00
      8276  -1.80000000000e+00   3.70000000000e+00
      8277  -1.70000000000e+00   3.70000000000e+00
      8278  -1.60000000000e+00   3.70000000000e+00
      8279  -1.50000000000e+00   3.70000000000e+00
      8280  -1.40000000000e+00   3.70000000000e+00
      8281  -1.30000000000e+00   3.70000000000e+00
      8282  -1.20000000000e+00   3.70000000000e+00
      8283  -1.10000000000e+00   3.70000000000e+00
      8284  -1.00000000000e+00   3.70000000000e+00
      8285  -9.00000000000e-01   3.70000000000e+00
      8286  -8.00000000000e-01   3.70000000000e+00
      8287  -7.00000000000e-01   3.70000000000e+00
      8288  -6.00000000000e-01   3.70000000000e+00
      8289  -5.00000000000e-01   3.70000000000e+00
      8290  -4.00000000000e-01   3.70000000000e+00
      8291  -3.00000000000e-01   3.70000000000e+00
      8292  -2.00000000000e-01   3.70000000000e+00
      8293  -1.00000000000e-01   3.70000000000e+00
      8294   0.00000000000e+00   3.70000000000e+00
      8295   1.00000000000e-01   3.70000000000e+00
      8296   2.00000000000e-01   3.70000000000e+00
      8297   3.00000000000e-01   3.70000000000e+00
      8298   4.00000000000e-01   3.70000000000e+00
      8299   5.00000000000e-01   3.70000000000e+00
      8300   6.00000000000e-01   3.70000000000e+00
      8301   7.00000000000e-01   3.70000000000e+00
      8302   8.00000000000e-01   3.70000000000e+00
      8303   9.00000000000e-01   3.70000000000e+00
      8304   1.00000000000e+00   3.70000000000e+00
      8305   1.10000000000e+00   3.70000000000e+00
      8306   1.20000000000e+00   3.70000000000e+00
      8307   1.30000000000e+00   3.70000000000e+00
      8308   1.40000000000e+00   3.70000000000e+00
      8309   1.50000000000e+00   3.70000000000e+00
      8310   1.60000000000e+00   3.70000000000e+00
      8311   1.70000000000e+00   3.70000000000e+00
      8312   1.80000000000e+00   3.70000000000e+00
      8313   1.90000000000e+00   3.70000000000e+00
      8314   2.00000000000e+00   3.70000000000e+00
      8315   2.10000000000e+00   3.70000000000e+00
      8316   2.20000000000e+00   3.70000000000e+00
      8317   2.30000000000e+00   3.70000000000e+00
      8318   2.40000000000e+00   3.70000000000e+00
      8319   2.50000000000e+00   3.70000000000e+00
      8320   2.60000000000e+00   3.70000000000e+00
      8321   2.70000000000e+00   3.70000000000e+00
      8322   2.80000000000e+00   3.70000000000e+00
      8323   2.90000000000e+00   3.70000000000e+00
      8324   3.00000000000e+00   3.70000000000e+00
      8325   3.10000000000e+00   3.70000000000e+00
      8326   3.20000000000e+00   3.70000000000e+00
      8327   3.30000000000e+00   3.70000000000e+00
      8328   3.40000000000e+00   3.70000000000e+00
      8329   3.50000000000e+00   3.70000000000e+00
      8330   3.60000000000e+00   3.70000000000e+00
      8331   3.70000000000e+00   3.70000000000e+00
      8332   3.80000000000e+00   3.70000000000e+00
      8333   3.90000000000e+00   3.70000000000e+00
      8334   4.00000000000e+00   3.70000000000e+00
      8335   4.10000000000e+00   3.70000000000e+00
      8336   4.20000000000e+00   3.70000000000e+00
      8337   4.30000000000e+00   3.70000000000e+00
      8338   4.40000000000e+00   3.70000000000e+00
      8339   4.50000000000e+00   3.70000000000e+00
      8340   4.60000000000e+00   3.70000000000e+00
      8341   4.70000000000e+00   3.70000000000e+00
      8342   4.80000000000e+00   3.70000000000e+00
      8343  -4.80000000000e+00   3.80000000000e+00
      8344  -4.70000000000e+00   3.80000000000e+00
      8345  -4.60000000000e+00   3.80000000000e+00
      8346  -4.50000000000e+00   3.80000000000e+00
      8347  -4.40000000000e+00   3.80000000000e+00
      8348  -4.30000000000e+00   3.80000000000e+00
      8349  -4.20000000000e+00   3.80000000000e+00
      8350  -4.10000000000e+00   3.80000000000e+00
      8351  -4.00000000000e+00   3.80000000000e+00
      8352  -3.90000000000e+00   3.80000000000e+00
      8353  -3.80000000000e+00   3.80000000000e+00
      8354  -3.70000000000e+00   3.80000000000e+00
      8355  -3.60000000000e+00   3.80000000000e+00
      8356  -3.50000000000e+00   3.80000000000e+00
      8357  -3.40000000000e+00   3.80000000000e+00
      8358  -3.30000000000e+00   3.80000000000e+00
      8359  -3.20000000000e+00   3.80000000000e+00
      8360  -3.10000000000e+00   3.80000000000e+00
      8361  -3.00000000000e+00   3.80000000000e+00
      8362  -2.90000000000e+00   3.80000000000e+00
      8363  -2.80000000000e+00   3.80000000000e+00
      8364  -2.70000000000e+00   3.80000000000e+00
      8365  -2.60000000000e+00   3.80000000000e+00
      8366  -2.50000000000e+00   3.80000000000e+00
      8367  -2.40000000000e+00   3.80000000000e+00
      8368  -2.30000000000e+00   3.80000000000e+00
      8369  -2.20000000000e+00   3.80000000000e+00
      8370  -2.10000000000e+00   3.80000000000e+00
      8371  -2.00000000000e+00   3.80000000000e+00
      8372  -1.90000000000e+00   3.80000000000e+00
      8373  -1.80000000000e+00   3.80000000000e+00
      8374  -1.70000000000e+00   3.80000000000e+00
      8375  -1.60000000000e+00   3.80000000000e+00
      8376  -1.50000000000e+00   3.80000000000e+00
      8377  -1.40000000000e+00   3.80000000000e+00
      8378  -1.30000000000e+00   3.80000000000e+00
      8379  -1.20000000000e+00   3.80000000000e+00
      8380  -1.10000000000e+00   3.80000000000e+00
      8381  -1.00000000000e+00   3.80000000000e+00
      8382  -9.00000000000e-01   3.80000000000e+00
      8383  -8.00000000000e-01   3.80000000000e+00
      8384  -7.00000000000e-01   3.80000000000e+00
      8385  -6.00000000000e-01   3.80000000000e+00
      8386  -5.00000000000e-01   3.80000000000e+00
      8387  -4.00000000000e-01   3.80000000000e+00
      8388  -3.00000000000e-01   3.80000000000e+00
      8389  -2.00000000000e-01   3.80000000000e+00
      8390  -1.00000000000e-01   3.80000000000e+00
      8391   0.00000000000e+00   3.80000000000e+00
      8392   1.00000000000e-01   3.80000000000e+00
      8393   2.00000000000e-01   3.80000000000e+00
      8394   3.00000000000e-01   3.80000000000e+00
      8395   4.00000000000e-01   3.80000000000e+00
      8396   5.00000000000e-01   3.80000000000e+00
      8397   6.00000000000e-01   3.80000000000e+00
      8398   7.00000000000e-01   3.80000000000e+00
      8399   8.00000000000e-01   3.80000000000e+00
      8400   9.00000000000e-01   3.80000000000e+00
      8401   1.00000000000e+00   3.80000000000e+00
      8402   1.10000000000e+00   3.80000000000e+00
      8403   1.20000000000e+00   3.80000000000e+00
      8404   1.30000000000e+00   3.80000000000e+00
      8405   1.40000000000e+00   3.80000000000e+00
      8406   1.50000000000e+00   3.80000000000e+00
      8407   1.60000000000e+00   3.80000000000e+00
      8408   1.70000000000e+00   3.80000000000e+00
      8409   1.80000000000e+00   3.80000000000e+00
      8410   1.90000000000e+00   3.80000000000e+00
      8411   2.00000000000e+00   3.80000000000e+00
      8412   2.10000000000e+00   3.80000000000e+00
      8413   2.20000000000e+00   3.80000000000e+00
      8414   2.30000000000e+00   3.80000000000e+00
      8415   2.40000000000e+00   3.80000000000e+00
      8416   2.50000000000e+00   3.80000000000e+00
      8417   2.60000000000e+00   3.80000000000e+00
      8418   2.70000000000e+00   3.80000000000e+00
      8419   2.80000000000e+00   3.80000000000e+00
      8420   2.90000000000e+00   3.80000000000e+00
      8421   3.00000000000e+00   3.80000000000e+00
      8422   3.10000000000e+00   3.80000000000e+00
      8423   3.20000000000e+00   3.80000000000e+00
      8424   3.30000000000e+00   3.80000000000e+00
      8425   3.40000000000e+00   3.80000000000e+00
      8426   3.50000000000e+00   3.80000000000e+00
      8427   3.60000000000e+00   3.80000000000e+00
      8428   3.70000000000e+00   3.80000000000e+00
      8429   3.80000000000e+00   3.80000000000e+00
      8430   3.90000000000e+00   3.80000000000e+00
      8431   4.00000000000e+00   3.80000000000e+00
      8432   4.10000000000e+00   3.80000000000e+00
      8433   4.20000000000e+00   3.80000000000e+00
      8434   4.30000000000e+00   3.80000000000e+00
      8435   4.40000000000e+00   3.80000000000e+00
      8436   4.50000000000e+00   3.80000000000e+00
      8437   4.60000000000e+00   3.80000000000e+00
      8438   4.70000000000e+00   3.80000000000e+00
      8439   4.80000000000e+00   3.80000000000e+00
      8440  -4.80000000000e+00   3.90000000000e+00
      8441  -4.70000000000e+00   3.90000000000e+00
      8442  -4.60000000000e+00   3.90000000000e+00
      8443  -4.50000000000e+00   3.90000000000e+00
      8444  -4.40000000000e+00   3.90000000000e+00
      8445  -4.30000000000e+00   3.90000000000e+00
      8446  -4.20000000000e+00   3.90000000000e+00
      8447  -4.10000000000e+00   3.90000000000e+00
      8448  -4.00000000000e+00   3.90000000000e+00
      8449  -3.90000000000e+00   3.90000000000e+00
      8450  -3.80000000000e+00   3.90000000000e+00
      8451  -3.70000000000e+00   3.90000000000e+00
      8452  -3.60000000000e+00   3.90000000000e+00
      8453  -3.50000000000e+00   3.90000000000e+00
      8454  -3.40000000000e+00   3.90000000000e+00
      8455  -3.30000000000e+00   3.90000000000e+00
      8456  -3.20000000000e+00   3.90000000000e+00
      8457  -3.10000000000e+00   3.90000000000e+00
      8458  -3.00000000000e+00   3.90000000000e+00
      8459  -2.90000000000e+00   3.90000000000e+00
      8460  -2.80000000000e+00   3.90000000000e+00
      8461  -2.70000000000e+00   3.90000000000e+00
      8462  -2.60000000000e+00   3.90000000000e+00
      8463  -2.50000000000e+00   3.90000000000e+00
      8464  -2.40000000000e+00   3.90000000000e+00
      8465  -2.30000000000e+00   3.90000000000e+00
      8466  -2.20000000000e+00   3.90000000000e+00
      8467  -2.10000000000e+00   3.90000000000e+00
      8468  -2.00000000000e+00   3.90000000000e+00
      8469  -1.90000000000e+00   3.90000000000e+00
      8470  -1.80000000000e+00   3.90000000000e+00
      8471  -1.70000000000e+00   3.90000000000e+00
      8472  -1.60000000000e+00   3.90000000000e+00
      8473  -1.50000000000e+00   3.90000000000e+00
      8474  -1.40000000000e+00   3.90000000000e+00
      8475  -1.30000000000e+00   3.90000000000e+00
      8476  -1.20000000000e+00   3.90000000000e+00
      8477  -1.10000000000e+00   3.90000000000e+00
      8478  -1.00000000000e+00   3.90000000000e+00
      8479  -9.00000000000e-01   3.90000000000e+00
      8480  -8.00000000000e-01   3.90000000000e+00
      8481  -7.00000000000e-01   3.90000000000e+00
      8482  -6.00000000000e-01   3.90000000000e+00
      8483  -5.00000000000e-01   3.90000000000e+00
      8484  -4.00000000000e-01   3.90000000000e+00
      8485  -3.00000000000e-01   3.90000000000e+00
      8486  -2.00000000000e-01   3.90000000000e+00
      8487  -1.00000000000e-01   3.90000000000e+00
      8488   0.00000000000e+00   3.90000000000e+00
      8489   1.00000000000e-01   3.90000000000e+00
      8490   2.00000000000e-01   3.90000000000e+00
      8491   3.00000000000e-01   3.90000000000e+00
      8492   4.00000000000e-01   3.90000000000e+00
      8493   5.00000000000e-01   3.90000000000e+00
      8494   6.00000000000e-01   3.90000000000e+00
      8495   7.00000000000e-01   3.90000000000e+00
      8496   8.00000000000e-01   3.90000000000e+00
      8497   9.00000000000e-01   3.90000000000e+00
      8498   1.00000000000e+00   3.90000000000e+00
      8499   1.10000000000e+00   3.90000000000e+00
      8500   1.20000000000e+00   3.90000000000e+00
      8501   1.30000000000e+00   3.90000000000e+00
      8502   1.40000000000e+00   3.90000000000e+00
      8503   1.50000000000e+00   3.90000000000e+00
      8504   1.60000000000e+00   3.90000000000e+00
      8505   1.70000000000e+00   3.90000000000e+00
      8506   1.80000000000e+00   3.90000000000e+00
      8507   1.90000000000e+00   3.90000000000e+00
      8508   2.00000000000e+00   3.90000000000e+00
      8509   2.10000000000e+00   3.90000000000e+00
      8510   2.20000000000e+00   3.90000000000e+00
      8511   2.30000000000e+00   3.90000000000e+00
      8512   2.40000000000e+00   3.90000000000e+00
      8513   2.50000000000e+00   3.90000000000e+00
      8514   2.60000000000e+00   3.90000000000e+00
      8515   2.70000000000e+00   3.90000000000e+00
      8516   2.80000000000e+00   3.90000000000e+00
      8517   2.90000000000e+00   3.90000000000e+00
      8518   3.00000000000e+00   3.90000000000e+00
      8519   3.10000000000e+00   3.90000000000e+00
      8520   3.20000000000e+00   3.90000000000e+00
      8521   3.30000000000e+00   3.90000000000e+00
      8522   3.40000000000e+00   3.90000000000e+00
      8523   3.50000000000e+00   3.90000000000e+00
      8524   3.60000000000e+00   3.90000000000e+00
      8525   3.70000000000e+00   3.90000000000e+00
      8526   3.80000000000e+00   3.90000000000e+00
      8527   3.90000000000e+00   3.90000000000e+00
      8528   4.00000000000e+00   3.90000000000e+00
      8529   4.10000000000e+00   3.90000000000e+00
      8530   4.20000000000e+00   3.90000000000e+00
      8531   4.30000000000e+00   3.90000000000e+00
      8532   4.40000000000e+00   3.90000000000e+00
      8533   4.50000000000e+00   3.90000000000e+00
      8534   4.60000000000e+00   3.90000000000e+00
      8535   4.70000000000e+00   3.90000000000e+00
      8536   4.80000000000e+00   3.90000000000e+00
      8537  -4.80000000000e+00   4.00000000000e+00
      8538  -4.70000000000e+00   4.00000000000e+00
      8539  -4.60000000000e+00   4.00000000000e+00
      8540  -4.50000000000e+00   4.00000000000e+00
      8541  -4.40000000000e+00   4.00000000000e+00
      8542  -4.30000000000e+00   4.00000000000e+00
      8543  -4.20000000000e+00   4.00000000000e+00
      8544  -4.10000000000e+00   4.00000000000e+00
      8545  -4.00000000000e+00   4.00000000000e+00
      8546  -3.90000000000e+00   4.00000000000e+00
      8547  -3.80000000000e+00   4.00000000000e+00
      8548  -3.70000000000e+00   4.00000000000e+00
      8549  -3.60000000000e+00   4.00000000000e+00
      8550  -3.50000000000e+00   4.00000000000e+00
      8551  -3.40000000000e+00   4.00000000000e+00
      8552  -3.30000000000e+00   4.00000000000e+00
      8553  -3.20000000000e+00   4.00000000000e+00
      8554  -3.10000000000e+00   4.00000000000e+00
      8555  -3.00000000000e+00   4.00000000000e+00
      8556  -2.90000000000e+00   4.00000000000e+00
      8557  -2.80000000000e+00   4.00000000000e+00
      8558  -2.70000000000e+00   4.00000000000e+00
      8559  -2.60000000000e+00   4.00000000000e+00
      8560  -2.50000000000e+00   4.00000000000e+00
      8561  -2.40000000000e+00   4.00000000000e+00
      8562  -2.30000000000e+00   4.00000000000e+00
      8563  -2.20000000000e+00   4.00000000000e+00
      8564  -2.10000000000e+00   4.00000000000e+00
      8565  -2.00000000000e+00   4.00000000000e+00
      8566  -1.90000000000e+00   4.00000000000e+00
      8567  -1.80000000000e+00   4.00000000000e+00
      8568  -1.70000000000e+00   4.00000000000e+00
      8569  -1.60000000000e+00   4.00000000000e+00
      8570  -1.50000000000e+00   4.00000000000e+00
      8571  -1.40000000000e+00   4.00000000000e+00
      8572  -1.30000000000e+00   4.00000000000e+00
      8573  -1.20000000000e+00   4.00000000000e+00
      8574  -1.10000000000e+00   4.00000000000e+00
      8575  -1.00000000000e+00   4.00000000000e+00
      8576  -9.00000000000e-01   4.00000000000e+00
      8577  -8.00000000000e-01   4.00000000000e+00
      8578  -7.00000000000e-01   4.00000000000e+00
      8579  -6.00000000000e-01   4.00000000000e+00
      8580  -5.00000000000e-01   4.00000000000e+00
      8581  -4.00000000000e-01   4.00000000000e+00
      8582  -3.00000000000e-01   4.00000000000e+00
      8583  -2.00000000000e-01   4.00000000000e+00
      8584  -1.00000000000e-01   4.00000000000e+00
      8585   0.00000000000e+00   4.00000000000e+00
      8586   1.00000000000e-01   4.00000000000e+00
      8587   2.00000000000e-01   4.00000000000e+00
      8588   3.00000000000e-01   4.00000000000e+00
      8589   4.00000000000e-01   4.00000000000e+00
      8590   5.00000000000e-01   4.00000000000e+00
      8591   6.00000000000e-01   4.00000000000e+00
      8592   7.00000000000e-01   4.00000000000e+00
      8593   8.00000000000e-01   4.00000000000e+00
      8594   9.00000000000e-01   4.00000000000e+00
      8595   1.00000000000e+00   4.00000000000e+00
      8596   1.10000000000e+00   4.00000000000e+00
      8597   1.20000000000e+00   4.00000000000e+00
      8598   1.30000000000e+00   4.00000000000e+00
      8599   1.40000000000e+00   4.00000000000e+00
      8600   1.50000000000e+00   4.00000000000e+00
      8601   1.60000000000e+00   4.00000000000e+00
      8602   1.70000000000e+00   4.00000000000e+00
      8603   1.80000000000e+00   4.00000000000e+00
      8604   1.90000000000e+00   4.00000000000e+00
      8605   2.00000000000e+00   4.00000000000e+00
      8606   2.10000000000e+00   4.00000000000e+00
      8607   2.20000000000e+00   4.00000000000e+00
      8608   2.30000000000e+00   4.00000000000e+00
      8609   2.40000000000e+00   4.00000000000e+00
      8610   2.50000000000e+00   4.00000000000e+00
      8611   2.60000000000e+00   4.00000000000e+00
      8612   2.70000000000e+00   4.00000000000e+00
      8613   2.80000000000e+00   4.00000000000e+00
      8614   2.90000000000e+00   4.00000000000e+00
      8615   3.00000000000e+00   4.00000000000e+00
      8616   3.10000000000e+00   4.00000000000e+00
      8617   3.20000000000e+00   4.00000000000e+00
      8618   3.30000000000e+00   4.00000000000e+00
      8619   3.40000000000e+00   4.00000000000e+00
      8620   3.50000000000e+00   4.00000000000e+00
      8621   3.60000000000e+00   4.00000000000e+00
      8622   3.70000000000e+00   4.00000000000e+00
      8623   3.80000000000e+00   4.00000000000e+00
      8624   3.90000000000e+00   4.00000000000e+00
      8625   4.00000000000e+00   4.00000000000e+00
      8626   4.10000000000e+00   4.00000000000e+00
      8627   4.20000000000e+00   4.00000000000e+00
      8628   4.30000000000e+00   4.00000000000e+00
      8629   4.40000000000e+00   4.00000000000e+00
      8630   4.50000000000e+00   4.00000000000e+00
      8631   4.60000000000e+00   4.00000000000e+00
      8632   4.70000000000e+00   4.00000000000e+00
      8633   4.80000000000e+00   4.00000000000e+00
      8634  -4.80000000000e+00   4.10000000000e+00
      8635  -4.70000000000e+00   4.10000000000e+00
      8636  -4.60000000000e+00   4.10000000000e+00
      8637  -4.50000000000e+00   4.10000000000e+00
      8638  -4.40000000000e+00   4.10000000000e+00
      8639  -4.30000000000e+00   4.10000000000e+00
      8640  -4.20000000000e+00   4.10000000000e+00
      8641  -4.10000000000e+00   4.10000000000e+00
      8642  -4.00000000000e+00   4.10000000000e+00
      8643  -3.90000000000e+00   4.10000000000e+00
      8644  -3.80000000000e+00   4.10000000000e+00
      8645  -3.70000000000e+00   4.10000000000e+00
      8646  -3.60000000000e+00   4.10000000000e+00
      8647  -3.50000000000e+00   4.10000000000e+00
      8648  -3.40000000000e+00   4.10000000000e+00
      8649  -3.30000000000e+00   4.10000000000e+00
      8650  -3.20000000000e+00   4.10000000000e+00
      8651  -3.10000000000e+00   4.10000000000e+00
      8652  -3.00000000000e+00   4.10000000000e+00
      8653  -2.90000000000e+00   4.10000000000e+00
      8654  -2.80000000000e+00   4.10000000000e+00
      8655  -2.70000000000e+00   4.10000000000e+00
      8656  -2.60000000000e+00   4.10000000000e+00
      8657  -2.50000000000e+00   4.10000000000e+00
      8658  -2.40000000000e+00   4.10000000000e+00
      8659  -2.30000000000e+00   4.10000000000e+00
      8660  -2.20000000000e+00   4.10000000000e+00
      8661  -2.10000000000e+00   4.10000000000e+00
      8662  -2.00000000000e+00   4.10000000000e+00
      8663  -1.90000000000e+00   4.10000000000e+00
      8664  -1.80000000000e+00   4.10000000000e+00
      8665  -1.70000000000e+00   4.10000000000e+00
      8666  -1.60000000000e+00   4.10000000000e+00
      8667  -1.50000000000e+00   4.10000000000e+00
      8668  -1.40000000000e+00   4.10000000000e+00
      8669  -1.30000000000e+00   4.10000000000e+00
      8670  -1.20000000000e+00   4.10000000000e+00
      8671  -1.10000000000e+00   4.10000000000e+00
      8672  -1.00000000000e+00   4.10000000000e+00
      8673  -9.00000000000e-01   4.10000000000e+00
      8674  -8.00000000000e-01   4.10000000000e+00
      8675  -7.00000000000e-01   4.10000000000e+00
      8676  -6.00000000000e-01   4.10000000000e+00
      8677  -5.00000000000e-01   4.10000000000e+00
      8678  -4.00000000000e-01   4.10000000000e+00
      8679  -3.00000000000e-01   4.10000000000e+00
      8680  -2.00000000000e-01   4.10000000000e+00
      8681  -1.00000000000e-01   4.10000000000e+00
      8682   0.00000000000e+00   4.10000000000e+00
      8683   1.00000000000e-01   4.10000000000e+00
      8684   2.00000000000e-01   4.10000000000e+00
      8685   3.00000000000e-01   4.10000000000e+00
      8686   4.00000000000e-01   4.10000000000e+00
      8687   5.00000000000e-01   4.10000000000e+00
      8688   6.00000000000e-01   4.10000000000e+00
      8689   7.00000000000e-01   4.10000000000e+00
      8690   8.00000000000e-01   4.10000000000e+00
      8691   9.00000000000e-01   4.10000000000e+00
      8692   1.00000000000e+00   4.10000000000e+00
      8693   1.10000000000e+00   4.10000000000e+00
      8694   1.20000000000e+00   4.10000000000e+00
      8695   1.30000000000e+00   4.10000000000e+00
      8696   1.40000000000e+00   4.10000000000e+00
      8697   1.50000000000e+00   4.10000000000e+00
      8698   1.60000000000e+00   4.10000000000e+00
      8699   1.70000000000e+00   4.10000000000e+00
      8700   1.80000000000e+00   4.10000000000e+00
      8701   1.90000000000e+00   4.10000000000e+00
      8702   2.00000000000e+00   4.10000000000e+00
      8703   2.10000000000e+00   4.10000000000e+00
      8704   2.20000000000e+00   4.10000000000e+00
      8705   2.30000000000e+00   4.10000000000e+00
      8706   2.40000000000e+00   4.10000000000e+00
      8707   2.50000000000e+00   4.10000000000e+00
      8708   2.60000000000e+00   4.10000000000e+00
      8709   2.70000000000e+00   4.10000000000e+00
      8710   2.80000000000e+00   4.10000000000e+00
      8711   2.90000000000e+00   4.10000000000e+00
      8712   3.00000000000e+00   4.10000000000e+00
      8713   3.10000000000e+00   4.10000000000e+00
      8714   3.20000000000e+00   4.10000000000e+00
      8715   3.30000000000e+00   4.10000000000e+00
      8716   3.40000000000e+00   4.10000000000e+00
      8717   3.50000000000e+00   4.10000000000e+00
      8718   3.60000000000e+00   4.10000000000e+00
      8719   3.70000000000e+00   4.10000000000e+00
      8720   3.80000000000e+00   4.10000000000e+00
      8721   3.90000000000e+00   4.10000000000e+00
      8722   4.00000000000e+00   4.10000000000e+00
      8723   4.10000000000e+00   4.10000000000e+00
      8724   4.20000000000e+00   4.10000000000e+00
      8725   4.30000000000e+00   4.10000000000e+00
      8726   4.40000000000e+00   4.10000000000e+00
      8727   4.50000000000e+00   4.10000000000e+00
      8728   4.60000000000e+00   4.10000000000e+00
      8729   4.70000000000e+00   4.10000000000e+00
      8730   4.80000000000e+00   4.10000000000e+00
      8731  -4.80000000000e+00   4.20000000000e+00
      8732  -4.70000000000e+00   4.20000000000e+00
      8733  -4.60000000000e+00   4.20000000000e+00
      8734  -4.50000000000e+00   4.20000000000e+00
      8735  -4.40000000000e+00   4.20000000000e+00
      8736  -4.30000000000e+00   4.20000000000e+00
      8737  -4.20000000000e+00   4.20000000000e+00
      8738  -4.10000000000e+00   4.20000000000e+00
      8739  -4.00000000000e+00   4.20000000000e+00
      8740  -3.90000000000e+00   4.20000000000e+00
      8741  -3.80000000000e+00   4.20000000000e+00
      8742  -3.70000000000e+00   4.20000000000e+00
      8743  -3.60000000000e+00   4.20000000000e+00
      8744  -3.50000000000e+00   4.20000000000e+00
      8745  -3.40000000000e+00   4.20000000000e+00
      8746  -3.30000000000e+00   4.20000000000e+00
      8747  -3.20000000000e+00   4.20000000000e+00
      8748  -3.10000000000e+00   4.20000000000e+00
      8749  -3.00000000000e+00   4.20000000000e+00
      8750  -2.90000000000e+00   4.20000000000e+00
      8751  -2.80000000000e+00   4.20000000000e+00
      8752  -2.70000000000e+00   4.20000000000e+00
      8753  -2.60000000000e+00   4.20000000000e+00
      8754  -2.50000000000e+00   4.20000000000e+00
      8755  -2.40000000000e+00   4.20000000000e+00
      8756  -2.30000000000e+00   4.20000000000e+00
      8757  -2.20000000000e+00   4.20000000000e+00
      8758  -2.10000000000e+00   4.20000000000e+00
      8759  -2.00000000000e+00   4.20000000000e+00
      8760  -1.90000000000e+00   4.20000000000e+00
      8761  -1.80000000000e+00   4.20000000000e+00
      8762  -1.70000000000e+00   4.20000000000e+00
      8763  -1.60000000000e+00   4.20000000000e+00
      8764  -1.50000000000e+00   4.20000000000e+00
      8765  -1.40000000000e+00   4.20000000000e+00
      8766  -1.30000000000e+00   4.20000000000e+00
      8767  -1.20000000000e+00   4.20000000000e+00
      8768  -1.10000000000e+00   4.20000000000e+00
      8769  -1.00000000000e+00   4.20000000000e+00
      8770  -9.00000000000e-01   4.20000000000e+00
      8771  -8.00000000000e-01   4.20000000000e+00
      8772  -7.00000000000e-01   4.20000000000e+00
      8773  -6.00000000000e-01   4.20000000000e+00
      8774  -5.00000000000e-01   4.20000000000e+00
      8775  -4.00000000000e-01   4.20000000000e+00
      8776  -3.00000000000e-01   4.20000000000e+00
      8777  -2.00000000000e-01   4.20000000000e+00
      8778  -1.00000000000e-01   4.20000000000e+00
      8779   0.00000000000e+00   4.20000000000e+00
      8780   1.00000000000e-01   4.20000000000e+00
      8781   2.00000000000e-01   4.20000000000e+00
      8782   3.00000000000e-01   4.20000000000e+00
      8783   4.00000000000e-01   4.20000000000e+00
      8784   5.00000000000e-01   4.20000000000e+00
      8785   6.00000000000e-01   4.20000000000e+00
      8786   7.00000000000e-01   4.20000000000e+00
      8787   8.00000000000e-01   4.20000000000e+00
      8788   9.00000000000e-01   4.20000000000e+00
      8789   1.00000000000e+00   4.20000000000e+00
      8790   1.10000000000e+00   4.20000000000e+00
      8791   1.20000000000e+00   4.20000000000e+00
      8792   1.30000000000e+00   4.20000000000e+00
      8793   1.40000000000e+00   4.20000000000e+00
      8794   1.50000000000e+00   4.20000000000e+00
      8795   1.60000000000e+00   4.20000000000e+00
      8796   1.70000000000e+00   4.20000000000e+00
      8797   1.80000000000e+00   4.20000000000e+00
      8798   1.90000000000e+00   4.20000000000e+00
      8799   2.00000000000e+00   4.20000000000e+00
      8800   2.10000000000e+00   4.20000000000e+00
      8801   2.20000000000e+00   4.20000000000e+00
      8802   2.30000000000e+00   4.20000000000e+00
      8803   2.40000000000e+00   4.20000000000e+00
      8804   2.50000000000e+00   4.20000000000e+00
      8805   2.60000000000e+00   4.20000000000e+00
      8806   2.70000000000e+00   4.20000000000e+00
      8807   2.80000000000e+00   4.20000000000e+00
      8808   2.90000000000e+00   4.20000000000e+00
      8809   3.00000000000e+00   4.20000000000e+00
      8810   3.10000000000e+00   4.20000000000e+00
      8811   3.20000000000e+00   4.20000000000e+00
      8812   3.30000000000e+00   4.20000000000e+00
      8813   3.40000000000e+00   4.20000000000e+00
      8814   3.50000000000e+00   4.20000000000e+00
      8815   3.60000000000e+00   4.20000000000e+00
      8816   3.70000000000e+00   4.20000000000e+00
      8817   3.80000000000e+00   4.20000000000e+00
      8818   3.90000000000e+00   4.20000000000e+00
      8819   4.00000000000e+00   4.20000000000e+00
      8820   4.10000000000e+00   4.20000000000e+00
      8821   4.20000000000e+00   4.20000000000e+00
      8822   4.30000000000e+00   4.20000000000e+00
      8823   4.40000000000e+00   4.20000000000e+00
      8824   4.50000000000e+00   4.20000000000e+00
      8825   4.60000000000e+00   4.20000000000e+00
      8826   4.70000000000e+00   4.20000000000e+00
      8827   4.80000000000e+00   4.20000000000e+00
      8828  -4.80000000000e+00   4.30000000000e+00
      8829  -4.70000000000e+00   4.30000000000e+00
      8830  -4.60000000000e+00   4.30000000000e+00
      8831  -4.50000000000e+00   4.30000000000e+00
      8832  -4.40000000000e+00   4.30000000000e+00
      8833  -4.30000000000e+00   4.30000000000e+00
      8834  -4.20000000000e+00   4.30000000000e+00
      8835  -4.10000000000e+00   4.30000000000e+00
      8836  -4.00000000000e+00   4.30000000000e+00
      8837  -3.90000000000e+00   4.30000000000e+00
      8838  -3.80000000000e+00   4.30000000000e+00
      8839  -3.70000000000e+00   4.30000000000e+00
      8840  -3.60000000000e+00   4.30000000000e+00
      8841  -3.50000000000e+00   4.30000000000e+00
      8842  -3.40000000000e+00   4.30000000000e+00
      8843  -3.30000000000e+00   4.30000000000e+00
      8844  -3.20000000000e+00   4.30000000000e+00
      8845  -3.10000000000e+00   4.30000000000e+00
      8846  -3.00000000000e+00   4.30000000000e+00
      8847  -2.90000000000e+00   4.30000000000e+00
      8848  -2.80000000000e+00   4.30000000000e+00
      8849  -2.70000000000e+00   4.30000000000e+00
      8850  -2.60000000000e+00   4.30000000000e+00
      8851  -2.50000000000e+00   4.30000000000e+00
      8852  -2.40000000000e+00   4.30000000000e+00
      8853  -2.30000000000e+00   4.30000000000e+00
      8854  -2.20000000000e+00   4.30000000000e+00
      8855  -2.10000000000e+00   4.30000000000e+00
      8856  -2.00000000000e+00   4.30000000000e+00
      8857  -1.90000000000e+00   4.30000000000e+00
      8858  -1.80000000000e+00   4.30000000000e+00
      8859  -1.70000000000e+00   4.30000000000e+00
      8860  -1.60000000000e+00   4.30000000000e+00
      8861  -1.50000000000e+00   4.30000000000e+00
      8862  -1.40000000000e+00   4.30000000000e+00
      8863  -1.30000000000e+00   4.30000000000e+00
      8864  -1.20000000000e+00   4.30000000000e+00
      8865  -1.10000000000e+00   4.30000000000e+00
      8866  -1.00000000000e+00   4.30000000000e+00
      8867  -9.00000000000e-01   4.30000000000e+00
      8868  -8.00000000000e-01   4.30000000000e+00
      8869  -7.00000000000e-01   4.30000000000e+00
      8870  -6.00000000000e-01   4.30000000000e+00
      8871  -5.00000000000e-01   4.30000000000e+00
      8872  -4.00000000000e-01   4.30000000000e+00
      8873  -3.00000000000e-01   4.30000000000e+00
      8874  -2.00000000000e-01   4.30000000000e+00
      8875  -1.00000000000e-01   4.30000000000e+00
      8876   0.00000000000e+00   4.30000000000e+00
      8877   1.00000000000e-01   4.30000000000e+00
      8878   2.00000000000e-01   4.30000000000e+00
      8879   3.00000000000e-01   4.30000000000e+00
      8880   4.00000000000e-01   4.30000000000e+00
      8881   5.00000000000e-01   4.30000000000e+00
      8882   6.00000000000e-01   4.30000000000e+00
      8883   7.00000000000e-01   4.30000000000e+00
      8884   8.00000000000e-01   4.30000000000e+00
      8885   9.00000000000e-01   4.30000000000e+00
      8886   1.00000000000e+00   4.30000000000e+00
      8887   1.10000000000e+00   4.30000000000e+00
      8888   1.20000000000e+00   4.30000000000e+00
      8889   1.30000000000e+00   4.30000000000e+00
      8890   1.40000000000e+00   4.30000000000e+00
      8891   1.50000000000e+00   4.30000000000e+00
      8892   1.60000000000e+00   4.30000000000e+00
      8893   1.70000000000e+00   4.30000000000e+00
      8894   1.80000000000e+00   4.30000000000e+00
      8895   1.90000000000e+00   4.30000000000e+00
      8896   2.00000000000e+00   4.30000000000e+00
      8897   2.10000000000e+00   4.30000000000e+00
      8898   2.20000000000e+00   4.30000000000e+00
      8899   2.30000000000e+00   4.30000000000e+00
      8900   2.40000000000e+00   4.30000000000e+00
      8901   2.50000000000e+00   4.30000000000e+00
      8902   2.60000000000e+00   4.30000000000e+00
      8903   2.70000000000e+00   4.30000000000e+00
      8904   2.80000000000e+00   4.30000000000e+00
      8905   2.90000000000e+00   4.30000000000e+00
      8906   3.00000000000e+00   4.30000000000e+00
      8907   3.10000000000e+00   4.30000000000e+00
      8908   3.20000000000e+00   4.30000000000e+00
      8909   3.30000000000e+00   4.30000000000e+00
      8910   3.40000000000e+00   4.30000000000e+00
      8911   3.50000000000e+00   4.30000000000e+00
      8912   3.60000000000e+00   4.30000000000e+00
      8913   3.70000000000e+00   4.30000000000e+00
      8914   3.80000000000e+00   4.30000000000e+00
      8915   3.90000000000e+00   4.30000000000e+00
      8916   4.00000000000e+00   4.30000000000e+00
      8917   4.10000000000e+00   4.30000000000e+00
      8918   4.20000000000e+00   4.30000000000e+00
      8919   4.30000000000e+00   4.30000000000e+00
      8920   4.40000000000e+00   4.30000000000e+00
      8921   4.50000000000e+00   4.30000000000e+00
      8922   4.60000000000e+00   4.30000000000e+00
      8923   4.70000000000e+00   4.30000000000e+00
      8924   4.80000000000e+00   4.30000000000e+00
      8925  -4.80000000000e+00   4.40000000000e+00
      8926  -4.70000000000e+00   4.40000000000e+00
      8927  -4.60000000000e+00   4.40000000000e+00
      8928  -4.50000000000e+00   4.40000000000e+00
      8929  -4.40000000000e+00   4.40000000000e+00
      8930  -4.30000000000e+00   4.40000000000e+00
      8931  -4.20000000000e+00   4.40000000000e+00
      8932  -4.10000000000e+00   4.40000000000e+00
      8933  -4.00000000000e+00   4.40000000000e+00
      8934  -3.90000000000e+00   4.40000000000e+00
      8935  -3.80000000000e+00   4.40000000000e+00
      8936  -3.70000000000e+00   4.40000000000e+00
      8937  -3.60000000000e+00   4.40000000000e+00
      8938  -3.50000000000e+00   4.40000000000e+00
      8939  -3.40000000000e+00   4.40000000000e+00
      8940  -3.30000000000e+00   4.40000000000e+00
      8941  -3.20000000000e+00   4.40000000000e+00
      8942  -3.10000000000e+00   4.40000000000e+00
      8943  -3.00000000000e+00   4.40000000000e+00
      8944  -2.90000000000e+00   4.40000000000e+00
      8945  -2.80000000000e+00   4.40000000000e+00
      8946  -2.70000000000e+00   4.40000000000e+00
      8947  -2.60000000000e+00   4.40000000000e+00
      8948  -2.50000000000e+00   4.40000000000e+00
      8949  -2.40000000000e+00   4.40000000000e+00
      8950  -2.30000000000e+00   4.40000000000e+00
      8951  -2.20000000000e+00   4.40000000000e+00
      8952  -2.10000000000e+00   4.40000000000e+00
      8953  -2.00000000000e+00   4.40000000000e+00
      8954  -1.90000000000e+00   4.40000000000e+00
      8955  -1.80000000000e+00   4.40000000000e+00
      8956  -1.70000000000e+00   4.40000000000e+00
      8957  -1.60000000000e+00   4.40000000000e+00
      8958  -1.50000000000e+00   4.40000000000e+00
      8959  -1.40000000000e+00   4.40000000000e+00
      8960  -1.30000000000e+00   4.40000000000e+00
      8961  -1.20000000000e+00   4.40000000000e+00
      8962  -1.10000000000e+00   4.40000000000e+00
      8963  -1.00000000000e+00   4.40000000000e+00
      8964  -9.00000000000e-01   4.40000000000e+00
      8965  -8.00000000000e-01   4.40000000000e+00
      8966  -7.00000000000e-01   4.40000000000e+00
      8967  -6.00000000000e-01   4.40000000000e+00
      8968  -5.00000000000e-01   4.40000000000e+00
      8969  -4.00000000000e-01   4.40000000000e+00
      8970  -3.00000000000e-01   4.40000000000e+00
      8971  -2.00000000000e-01   4.40000000000e+00
      8972  -1.00000000000e-01   4.40000000000e+00
      8973   0.00000000000e+00   4.40000000000e+00
      8974   1.00000000000e-01   4.40000000000e+00
      8975   2.00000000000e-01   4.40000000000e+00
      8976   3.00000000000e-01   4.40000000000e+00
      8977   4.00000000000e-01   4.40000000000e+00
      8978   5.00000000000e-01   4.40000000000e+00
      8979   6.00000000000e-01   4.40000000000e+00
      8980   7.00000000000e-01   4.40000000000e+00
      8981   8.00000000000e-01   4.40000000000e+00
      8982   9.00000000000e-01   4.40000000000e+00
      8983   1.00000000000e+00   4.40000000000e+00
      8984   1.10000000000e+00   4.40000000000e+00
      8985   1.20000000000e+00   4.40000000000e+00
      8986   1.30000000000e+00   4.40000000000e+00
      8987   1.40000000000e+00   4.40000000000e+00
      8988   1.50000000000e+00   4.40000000000e+00
      8989   1.60000000000e+00   4.40000000000e+00
      8990   1.70000000000e+00   4.40000000000e+00
      8991   1.80000000000e+00   4.40000000000e+00
      8992   1.90000000000e+00   4.40000000000e+00
      8993   2.00000000000e+00   4.40000000000e+00
      8994   2.10000000000e+00   4.40000000000e+00
      8995   2.20000000000e+00   4.40000000000e+00
      8996   2.30000000000e+00   4.40000000000e+00
      8997   2.40000000000e+00   4.40000000000e+00
      8998   2.50000000000e+00   4.40000000000e+00
      8999   2.60000000000e+00   4.40000000000e+00
      9000   2.70000000000e+00   4.40000000000e+00
      9001   2.80000000000e+00   4.40000000000e+00
      9002   2.90000000000e+00   4.40000000000e+00
      9003   3.00000000000e+00   4.40000000000e+00
      9004   3.10000000000e+00   4.40000000000e+00
      9005   3.20000000000e+00   4.40000000000e+00
      9006   3.30000000000e+00   4.40000000000e+00
      9007   3.40000000000e+00   4.40000000000e+00
      9008   3.50000000000e+00   4.40000000000e+00
      9009   3.60000000000e+00   4.40000000000e+00
      9010   3.70000000000e+00   4.40000000000e+00
      9011   3.80000000000e+00   4.40000000000e+00
      9012   3.90000000000e+00   4.40000000000e+00
      9013   4.00000000000e+00   4.40000000000e+00
      9014   4.10000000000e+00   4.40000000000e+00
      9015   4.20000000000e+00   4.40000000000e+00
      9016   4.30000000000e+00   4.40000000000e+00
      9017   4.40000000000e+00   4.40000000000e+00
      9018   4.50000000000e+00   4.40000000000e+00
      9019   4.60000000000e+00   4.40000000000e+00
      9020   4.70000000000e+00   4.40000000000e+00
      9021   4.80000000000e+00   4.40000000000e+00
      9022  -4.80000000000e+00   4.50000000000e+00
      9023  -4.70000000000e+00   4.50000000000e+00
      9024  -4.60000000000e+00   4.50000000000e+00
      9025  -4.50000000000e+00   4.50000000000e+00
      9026  -4.40000000000e+00   4.50000000000e+00
      9027  -4.30000000000e+00   4.50000000000e+00
      9028  -4.20000000000e+00   4.50000000000e+00
      9029  -4.10000000000e+00   4.50000000000e+00
      9030  -4.00000000000e+00   4.50000000000e+00
      9031  -3.90000000000e+00   4.50000000000e+00
      9032  -3.80000000000e+00   4.50000000000e+00
      9033  -3.70000000000e+00   4.50000000000e+00
      9034  -3.60000000000e+00   4.50000000000e+00
      9035  -3.50000000000e+00   4.50000000000e+00
      9036  -3.40000000000e+00   4.50000000000e+00
      9037  -3.30000000000e+00   4.50000000000e+00
      9038  -3.20000000000e+00   4.50000000000e+00
      9039  -3.10000000000e+00   4.50000000000e+00
      9040  -3.00000000000e+00   4.50000000000e+00
      9041  -2.90000000000e+00   4.50000000000e+00
      9042  -2.80000000000e+00   4.50000000000e+00
      9043  -2.70000000000e+00   4.50000000000e+00
      9044  -2.60000000000e+00   4.50000000000e+00
      9045  -2.50000000000e+00   4.50000000000e+00
      9046  -2.40000000000e+00   4.50000000000e+00
      9047  -2.30000000000e+00   4.50000000000e+00
      9048  -2.20000000000e+00   4.50000000000e+00
      9049  -2.10000000000e+00   4.50000000000e+00
      9050  -2.00000000000e+00   4.50000000000e+00
      9051  -1.90000000000e+00   4.50000000000e+00
      9052  -1.80000000000e+00   4.50000000000e+00
      9053  -1.70000000000e+00   4.50000000000e+00
      9054  -1.60000000000e+00   4.50000000000e+00
      9055  -1.50000000000e+00   4.50000000000e+00
      9056  -1.40000000000e+00   4.50000000000e+00
      9057  -1.30000000000e+00   4.50000000000e+00
      9058  -1.20000000000e+00   4.50000000000e+00
      9059  -1.10000000000e+00   4.50000000000e+00
      9060  -1.00000000000e+00   4.50000000000e+00
      9061  -9.00000000000e-01   4.50000000000e+00
      9062  -8.00000000000e-01   4.50000000000e+00
      9063  -7.00000000000e-01   4.50000000000e+00
      9064  -6.00000000000e-01   4.50000000000e+00
      9065  -5.00000000000e-01   4.50000000000e+00
      9066  -4.00000000000e-01   4.50000000000e+00
      9067  -3.00000000000e-01   4.50000000000e+00
      9068  -2.00000000000e-01   4.50000000000e+00
      9069  -1.00000000000e-01   4.50000000000e+00
      9070   0.00000000000e+00   4.50000000000e+00
      9071   1.00000000000e-01   4.50000000000e+00
      9072   2.00000000000e-01   4.50000000000e+00
      9073   3.00000000000e-01   4.50000000000e+00
      9074   4.00000000000e-01   4.50000000000e+00
      9075   5.00000000000e-01   4.50000000000e+00
      9076   6.00000000000e-01   4.50000000000e+00
      9077   7.00000000000e-01   4.50000000000e+00
      9078   8.00000000000e-01   4.50000000000e+00
      9079   9.00000000000e-01   4.50000000000e+00
      9080   1.00000000000e+00   4.50000000000e+00
      9081   1.10000000000e+00   4.50000000000e+00
      9082   1.20000000000e+00   4.50000000000e+00
      9083   1.30000000000e+00   4.50000000000e+00
      9084   1.40000000000e+00   4.50000000000e+00
      9085   1.50000000000e+00   4.50000000000e+00
      9086   1.60000000000e+00   4.50000000000e+00
      9087   1.70000000000e+00   4.50000000000e+00
      9088   1.80000000000e+00   4.50000000000e+00
      9089   1.90000000000e+00   4.50000000000e+00
      9090   2.00000000000e+00   4.50000000000e+00
      9091   2.10000000000e+00   4.50000000000e+00
      9092   2.20000000000e+00   4.50000000000e+00
      9093   2.30000000000e+00   4.50000000000e+00
      9094   2.40000000000e+00   4.50000000000e+00
      9095   2.50000000000e+00   4.50000000000e+00
      9096   2.60000000000e+00   4.50000000000e+00
      9097   2.70000000000e+00   4.50000000000e+00
      9098   2.80000000000e+00   4.50000000000e+00
      9099   2.90000000000e+00   4.50000000000e+00
      9100   3.00000000000e+00   4.50000000000e+00
      9101   3.10000000000e+00   4.50000000000e+00
      9102   3.20000000000e+00   4.50000000000e+00
      9103   3.30000000000e+00   4.50000000000e+00
      9104   3.40000000000e+00   4.50000000000e+00
      9105   3.50000000000e+00   4.50000000000e+00
      9106   3.60000000000e+00   4.50000000000e+00
      9107   3.70000000000e+00   4.50000000000e+00
      9108   3.80000000000e+00   4.50000000000e+00
      9109   3.90000000000e+00   4.50000000000e+00
      9110   4.00000000000e+00   4.50000000000e+00
      9111   4.10000000000e+00   4.50000000000e+00
      9112   4.20000000000e+00   4.50000000000e+00
      9113   4.30000000000e+00   4.50000000000e+00
      9114   4.40000000000e+00   4.50000000000e+00
      9115   4.50000000000e+00   4.50000000000e+00
      9116   4.60000000000e+00   4.50000000000e+00
      9117   4.70000000000e+00   4.50000000000e+00
      9118   4.80000000000e+00   4.50000000000e+00
      9119  -4.80000000000e+00   4.60000000000e+00
      9120  -4.70000000000e+00   4.60000000000e+00
      9121  -4.60000000000e+00   4.60000000000e+00
      9122  -4.50000000000e+00   4.60000000000e+00
      9123  -4.40000000000e+00   4.60000000000e+00
      9124  -4.30000000000e+00   4.60000000000e+00
      9125  -4.20000000000e+00   4.60000000000e+00
      9126  -4.10000000000e+00   4.60000000000e+00
      9127  -4.00000000000e+00   4.60000000000e+00
      9128  -3.90000000000e+00   4.60000000000e+00
      9129  -3.80000000000e+00   4.60000000000e+00
      9130  -3.70000000000e+00   4.60000000000e+00
      9131  -3.60000000000e+00   4.60000000000e+00
      9132  -3.50000000000e+00   4.60000000000e+00
      9133  -3.40000000000e+00   4.60000000000e+00
      9134  -3.30000000000e+00   4.60000000000e+00
      9135  -3.20000000000e+00   4.60000000000e+00
      9136  -3.10000000000e+00   4.60000000000e+00
      9137  -3.00000000000e+00   4.60000000000e+00
      9138  -2.90000000000e+00   4.60000000000e+00
      9139  -2.80000000000e+00   4.60000000000e+00
      9140  -2.70000000000e+00   4.60000000000e+00
      9141  -2.60000000000e+00   4.60000000000e+00
      9142  -2.50000000000e+00   4.60000000000e+00
      9143  -2.40000000000e+00   4.60000000000e+00
      9144  -2.30000000000e+00   4.60000000000e+00
      9145  -2.20000000000e+00   4.60000000000e+00
      9146  -2.10000000000e+00   4.60000000000e+00
      9147  -2.00000000000e+00   4.60000000000e+00
      9148  -1.90000000000e+00   4.60000000000e+00
      9149  -1.80000000000e+00   4.60000000000e+00
      9150  -1.70000000000e+00   4.60000000000e+00
      9151  -1.60000000000e+00   4.60000000000e+00
      9152  -1.50000000000e+00   4.60000000000e+00
      9153  -1.40000000000e+00   4.60000000000e+00
      9154  -1.30000000000e+00   4.60000000000e+00
      9155  -1.20000000000e+00   4.60000000000e+00
      9156  -1.10000000000e+00   4.60000000000e+00
      9157  -1.00000000000e+00   4.60000000000e+00
      9158  -9.00000000000e-01   4.60000000000e+00
      9159  -8.00000000000e-01   4.60000000000e+00
      9160  -7.00000000000e-01   4.60000000000e+00
      9161  -6.00000000000e-01   4.60000000000e+00
      9162  -5.00000000000e-01   4.60000000000e+00
      9163  -4.00000000000e-01   4.60000000000e+00
      9164  -3.00000000000e-01   4.60000000000e+00
      9165  -2.00000000000e-01   4.60000000000e+00
      9166  -1.00000000000e-01   4.60000000000e+00
      9167   0.00000000000e+00   4.60000000000e+00
      9168   1.00000000000e-01   4.60000000000e+00
      9169   2.00000000000e-01   4.60000000000e+00
      9170   3.00000000000e-01   4.60000000000e+00
      9171   4.00000000000e-01   4.60000000000e+00
      9172   5.00000000000e-01   4.60000000000e+00
      9173   6.00000000000e-01   4.60000000000e+00
      9174   7.00000000000e-01   4.60000000000e+00
      9175   8.00000000000e-01   4.60000000000e+00
      9176   9.00000000000e-01   4.60000000000e+00
      9177   1.00000000000e+00   4.60000000000e+00
      9178   1.10000000000e+00   4.60000000000e+00
      9179   1.20000000000e+00   4.60000000000e+00
      9180   1.30000000000e+00   4.60000000000e+00
      9181   1.40000000000e+00   4.60000000000e+00
      9182   1.50000000000e+00   4.60000000000e+00
      9183   1.60000000000e+00   4.60000000000e+00
      9184   1.70000000000e+00   4.60000000000e+00
      9185   1.80000000000e+00   4.60000000000e+00
      9186   1.90000000000e+00   4.60000000000e+00
      9187   2.00000000000e+00   4.60000000000e+00
      9188   2.10000000000e+00   4.60000000000e+00
      9189   2.20000000000e+00   4.60000000000e+00
      9190   2.30000000000e+00   4.60000000000e+00
      9191   2.40000000000e+00   4.60000000000e+00
      9192   2.50000000000e+00   4.60000000000e+00
      9193   2.60000000000e+00   4.60000000000e+00
      9194   2.70000000000e+00   4.60000000000e+00
      9195   2.80000000000e+00   4.60000000000e+00
      9196   2.90000000000e+00   4.60000000000e+00
      9197   3.00000000000e+00   4.60000000000e+00
      9198   3.10000000000e+00   4.60000000000e+00
      9199   3.20000000000e+00   4.60000000000e+00
      9200   3.30000000000e+00   4.60000000000e+00
      9201   3.40000000000e+00   4.60000000000e+00
      9202   3.50000000000e+00   4.60000000000e+00
      9203   3.60000000000e+00   4.60000000000e+00
      9204   3.70000000000e+00   4.60000000000e+00
      9205   3.80000000000e+00   4.60000000000e+00
      9206   3.90000000000e+00   4.60000000000e+00
      9207   4.00000000000e+00   4.60000000000e+00
      9208   4.10000000000e+00   4.60000000000e+00
      9209   4.20000000000e+00   4.60000000000e+00
      9210   4.30000000000e+00   4.60000000000e+00
      9211   4.40000000000e+00   4.60000000000e+00
      9212   4.50000000000e+00   4.60000000000e+00
      9213   4.60000000000e+00   4.60000000000e+00
      9214   4.70000000000e+00   4.60000000000e+00
      9215   4.80000000000e+00   4.60000000000e+00
      9216  -4.80000000000e+00   4.70000000000e+00
      9217  -4.70000000000e+00   4.70000000000e+00
      9218  -4.60000000000e+00   4.70000000000e+00
      9219  -4.50000000000e+00   4.70000000000e+00
      9220  -4.40000000000e+00   4.70000000000e+00
      9221  -4.30000000000e+00   4.70000000000e+00
      9222  -4.20000000000e+00   4.70000000000e+00
      9223  -4.10000000000e+00   4.70000000000e+00
      9224  -4.00000000000e+00   4.70000000000e+00
      9225  -3.90000000000e+00   4.70000000000e+00
      9226  -3.80000000000e+00   4.70000000000e+00
      9227  -3.70000000000e+00   4.70000000000e+00
      9228  -3.60000000000e+00   4.70000000000e+00
      9229  -3.50000000000e+00   4.70000000000e+00
      9230  -3.40000000000e+00   4.70000000000e+00
      9231  -3.30000000000e+00   4.70000000000e+00
      9232  -3.20000000000e+00   4.70000000000e+00
      9233  -3.10000000000e+00   4.70000000000e+00
      9234  -3.00000000000e+00   4.70000000000e+00
      9235  -2.90000000000e+00   4.70000000000e+00
      9236  -2.80000000000e+00   4.70000000000e+00
      9237  -2.70000000000e+00   4.70000000000e+00
      9238  -2.60000000000e+00   4.70000000000e+00
      9239  -2.50000000000e+00   4.70000000000e+00
      9240  -2.40000000000e+00   4.70000000000e+00
      9241  -2.30000000000e+00   4.70000000000e+00
      9242  -2.20000000000e+00   4.70000000000e+00
      9243  -2.10000000000e+00   4.70000000000e+00
      9244  -2.00000000000e+00   4.70000000000e+00
      9245  -1.90000000000e+00   4.70000000000e+00
      9246  -1.80000000000e+00   4.70000000000e+00
      9247  -1.70000000000e+00   4.70000000000e+00
      9248  -1.60000000000e+00   4.70000000000e+00
      9249  -1.50000000000e+00   4.70000000000e+00
      9250  -1.40000000000e+00   4.70000000000e+00
      9251  -1.30000000000e+00   4.70000000000e+00
      9252  -1.20000000000e+00   4.70000000000e+00
      9253  -1.10000000000e+00   4.70000000000e+00
      9254  -1.00000000000e+00   4.70000000000e+00
      9255  -9.00000000000e-01   4.70000000000e+00
      9256  -8.00000000000e-01   4.70000000000e+00
      9257  -7.00000000000e-01   4.70000000000e+00
      9258  -6.00000000000e-01   4.70000000000e+00
      9259  -5.00000000000e-01   4.70000000000e+00
      9260  -4.00000000000e-01   4.70000000000e+00
      9261  -3.00000000000e-01   4.70000000000e+00
      9262  -2.00000000000e-01   4.70000000000e+00
      9263  -1.00000000000e-01   4.70000000000e+00
      9264   0.00000000000e+00   4.70000000000e+00
      9265   1.00000000000e-01   4.70000000000e+00
      9266   2.00000000000e-01   4.70000000000e+00
      9267   3.00000000000e-01   4.70000000000e+00
      9268   4.00000000000e-01   4.70000000000e+00
      9269   5.00000000000e-01   4.70000000000e+00
      9270   6.00000000000e-01   4.70000000000e+00
      9271   7.00000000000e-01   4.70000000000e+00
      9272   8.00000000000e-01   4.70000000000e+00
      9273   9.00000000000e-01   4.70000000000e+00
      9274   1.00000000000e+00   4.70000000000e+00
      9275   1.10000000000e+00   4.70000000000e+00
      9276   1.20000000000e+00   4.70000000000e+00
      9277   1.30000000000e+00   4.70000000000e+00
      9278   1.40000000000e+00   4.70000000000e+00
      9279   1.50000000000e+00   4.70000000000e+00
      9280   1.60000000000e+00   4.70000000000e+00
      9281   1.70000000000e+00   4.70000000000e+00
      9282   1.80000000000e+00   4.70000000000e+00
      9283   1.90000000000e+00   4.70000000000e+00
      9284   2.00000000000e+00   4.70000000000e+00
      9285   2.10000000000e+00   4.70000000000e+00
      9286   2.20000000000e+00   4.70000000000e+00
      9287   2.30000000000e+00   4.70000000000e+00
      9288   2.40000000000e+00   4.70000000000e+00
      9289   2.50000000000e+00   4.70000000000e+00
      9290   2.60000000000e+00   4.70000000000e+00
      9291   2.70000000000e+00   4.70000000000e+00
      9292   2.80000000000e+00   4.70000000000e+00
      9293   2.90000000000e+00   4.70000000000e+00
      9294   3.00000000000e+00   4.70000000000e+00
      9295   3.10000000000e+00   4.70000000000e+00
      9296   3.20000000000e+00   4.70000000000e+00
      9297   3.30000000000e+00   4.70000000000e+00
      9298   3.40000000000e+00   4.70000000000e+00
      9299   3.50000000000e+00   4.70000000000e+00
      9300   3.60000000000e+00   4.70000000000e+00
      9301   3.70000000000e+00   4.70000000000e+00
      9302   3.80000000000e+00   4.70000000000e+00
      9303   3.90000000000e+00   4.70000000000e+00
      9304   4.00000000000e+00   4.70000000000e+00
      9305   4.10000000000e+00   4.70000000000e+00
      9306   4.20000000000e+00   4.70000000000e+00
      9307   4.30000000000e+00   4.70000000000e+00
      9308   4.40000000000e+00   4.70000000000e+00
      9309   4.50000000000e+00   4.70000000000e+00
      9310   4.60000000000e+00   4.70000000000e+00
      9311   4.70000000000e+00   4.70000000000e+00
      9312   4.80000000000e+00   4.70000000000e+00
      9313  -4.80000000000e+00   4.80000000000e+00
      9314  -4.70000000000e+00   4.80000000000e+00
      9315  -4.60000000000e+00   4.80000000000e+00
      9316  -4.50000000000e+00   4.80000000000e+00
      9317  -4.40000000000e+00   4.80000000000e+00
      9318  -4.30000000000e+00   4.80000000000e+00
      9319  -4.20000000000e+00   4.80000000000e+00
      9320  -4.10000000000e+00   4.80000000000e+00
      9321  -4.00000000000e+00   4.80000000000e+00
      9322  -3.90000000000e+00   4.80000000000e+00
      9323  -3.80000000000e+00   4.80000000000e+00
      9324  -3.70000000000e+00   4.80000000000e+00
      9325  -3.60000000000e+00   4.80000000000e+00
      9326  -3.50000000000e+00   4.80000000000e+00
      9327  -3.40000000000e+00   4.80000000000e+00
      9328  -3.30000000000e+00   4.80000000000e+00
      9329  -3.20000000000e+00   4.80000000000e+00
      9330  -3.10000000000e+00   4.80000000000e+00
      9331  -3.00000000000e+00   4.80000000000e+00
      9332  -2.90000000000e+00   4.80000000000e+00
      9333  -2.80000000000e+00   4.80000000000e+00
      9334  -2.70000000000e+00   4.80000000000e+00
      9335  -2.60000000000e+00   4.80000000000e+00
      9336  -2.50000000000e+00   4.80000000000e+00
      9337  -2.40000000000e+00   4.80000000000e+00
      9338  -2.30000000000e+00   4.80000000000e+00
      9339  -2.20000000000e+00   4.80000000000e+00
      9340  -2.10000000000e+00   4.80000000000e+00
      9341  -2.00000000000e+00   4.80000000000e+00
      9342  -1.90000000000e+00   4.80000000000e+00
      9343  -1.80000000000e+00   4.80000000000e+00
      9344  -1.70000000000e+00   4.80000000000e+00
      9345  -1.60000000000e+00   4.80000000000e+00
      9346  -1.50000000000e+00   4.80000000000e+00
      9347  -1.40000000000e+00   4.80000000000e+00
      9348  -1.30000000000e+00   4.80000000000e+00
      9349  -1.20000000000e+00   4.80000000000e+00
      9350  -1.10000000000e+00   4.80000000000e+00
      9351  -1.00000000000e+00   4.80000000000e+00
      9352  -9.00000000000e-01   4.80000000000e+00
      9353  -8.00000000000e-01   4.80000000000e+00
      9354  -7.00000000000e-01   4.80000000000e+00
      9355  -6.00000000000e-01   4.80000000000e+00
      9356  -5.00000000000e-01   4.80000000000e+00
      9357  -4.00000000000e-01   4.80000000000e+00
      9358  -3.00000000000e-01   4.80000000000e+00
      9359  -2.00000000000e-01   4.80000000000e+00
      9360  -1.00000000000e-01   4.80000000000e+00
      9361   0.00000000000e+00   4.80000000000e+00
      9362   1.00000000000e-01   4.80000000000e+00
      9363   2.00000000000e-01   4.80000000000e+00
      9364   3.00000000000e-01   4.80000000000e+00
      9365   4.00000000000e-01   4.80000000000e+00
      9366   5.00000000000e-01   4.80000000000e+00
      9367   6.00000000000e-01   4.80000000000e+00
      9368   7.00000000000e-01   4.80000000000e+00
      9369   8.00000000000e-01   4.80000000000e+00
      9370   9.00000000000e-01   4.80000000000e+00
      9371   1.00000000000e+00   4.80000000000e+00
      9372   1.10000000000e+00   4.80000000000e+00
      9373   1.20000000000e+00   4.80000000000e+00
      9374   1.30000000000e+00   4.80000000000e+00
      9375   1.40000000000e+00   4.80000000000e+00
      9376   1.50000000000e+00   4.80000000000e+00
      9377   1.60000000000e+00   4.80000000000e+00
      9378   1.70000000000e+00   4.80000000000e+00
      9379   1.80000000000e+00   4.80000000000e+00
      9380   1.90000000000e+00   4.80000000000e+00
      9381   2.00000000000e+00   4.80000000000e+00
      9382   2.10000000000e+00   4.80000000000e+00
      9383   2.20000000000e+00   4.80000000000e+00
      9384   2.30000000000e+00   4.80000000000e+00
      9385   2.40000000000e+00   4.80000000000e+00
      9386   2.50000000000e+00   4.80000000000e+00
      9387   2.60000000000e+00   4.80000000000e+00
      9388   2.70000000000e+00   4.80000000000e+00
      9389   2.80000000000e+00   4.80000000000e+00
      9390   2.90000000000e+00   4.80000000000e+00
      9391   3.00000000000e+00   4.80000000000e+00
      9392   3.10000000000e+00   4.80000000000e+00
      9393   3.20000000000e+00   4.80000000000e+00
      9394   3.30000000000e+00   4.80000000000e+00
      9395   3.40000000000e+00   4.80000000000e+00
      9396   3.50000000000e+00   4.80000000000e+00
      9397   3.60000000000e+00   4.80000000000e+00
      9398   3.70000000000e+00   4.80000000000e+00
      9399   3.80000000000e+00   4.80000000000e+00
      9400   3.90000000000e+00   4.80000000000e+00
      9401   4.00000000000e+00   4.80000000000e+00
      9402   4.10000000000e+00   4.80000000000e+00
      9403   4.20000000000e+00   4.80000000000e+00
      9404   4.30000000000e+00   4.80000000000e+00
      9405   4.40000000000e+00   4.80000000000e+00
      9406   4.50000000000e+00   4.80000000000e+00
      9407   4.60000000000e+00   4.80000000000e+00
      9408   4.70000000000e+00   4.80000000000e+00
      9409   4.80000000000e+00   4.80000000000e+00
ENDOFSECTION
      ELEMENTS/CELLS 2.3.16
       1  2  9     1569    1570    1571    1668    1765    1764    1763
                   1666    1667
       2  2  9     1571    1572    1573    1670    1767    1766    1765
                   1668    1669
       3  2  9     1573    1574    1575    1672    1769    1768    1767
                   1670    1671
       4  2  9     1575    1576    1577    1674    1771    1770    1769
                   1672    1673
       5  2  9     1577    1578    1579    1676    1773    1772    1771
                   1674    1675
       6  2  9     1579    1580    1581    1678    1775    1774    1773
                   1676    1677
       7  2  9     1581    1582    1583    1680    1777    1776    1775
                   1678    1679
       8  2  9     1583    1584    1585    1682    1779    1778    1777
                   1680    1681
       9  2  9     1585    1586    1587    1684    1781    1780    1779
                   1682    1683
      10  2  9     1587    1588    1589    1686    1783    1782    1781
                   1684    1685
      11  2  9     1589    1590    1591    1688    1785    1784    1783
                   1686    1687
      12  2  9     1591    1592    1593    1690    1787    1786    1785
                   1688    1689
      13  2  9     1593    1594    1595    1692    1789    1788    1787
                   1690    1691
      14  2  9     1595    1596    1597    1694    1791    1790    1789
                   1692    1693
      15  2  9     1597    1598    1599    1696    1793    1792    1791
                   1694    1695
      16  2  9     1599    1600    1601    1698    1795    1794    1793
                   1696    1697
      17  2  9     1601    1602    1603    1700    1797    1796    1795
                   1698    1699
      18  2  9     1603    1604    1605    1702    1799    1798    1797
                   1700    1701
      19  2  9     1605    1606    1607    1704    1801    1800    1799
                   1702    1703
      20  2  9     1607    1608    1609    1706    1803    1802    1801
                   1704    1705
      21  2  9     1609    1610    1611    1708    1805    1804    1803
                   1706    1707
      22  2  9     1611    1612    1613    1710    1807    1806    1805
                   1708    1709
      23  2  9     1613    1614    1615    1712    1809    1808    1807
                   1710    1711
      24  2  9     1615    1616    1617    1714    1811    1810    1809
                   1712    1713
      25  2  9     1617    1618    1619    1716    1813    1812    1811
                   1714    1715
      26  2  9     1619    1620    1621    1718    1815    1814    1813
                   1716    1717
      27  2  9     1621    1622    1623    1720    1817    1816    1815
                   1718    1719
      28  2  9     1623    1624    1625    1722    1819    1818    1817
                   1720    1721
      29  2  9     1625    1626    1627    1724    1821    1820    1819
                   1722    1723
      30  2  9     1627    1628    1629    1726    1823    1822    1821
                   1724    1725
      31  2  9     1629    1630    1631    1728    1825    1824    1823
                   1726    1727
      32  2  9     1631    1632    1633    1730    1827    1826    1825
                   1728    1729
      33  2  9     1763    1764    1765    1862    1959    1958    1957
                   1860    1861
      34  2  9     1765    1766    1767    1864    1961    1960    1959
                   1862    1863
      35  2  9     1767    1768    1769    1866    1963    1962    1961
                   1864    1865
      36  2  9     1769    1770    1771    1868    1965    1964    1963
                   1866    1867
      37  2  9     1771    1772    1773    1870    1967    1966    1965
                   1868    1869
      38  2  9     1773    1774    1775    1872    1969    1968    1967
                   1870    1871
      39  2  9     1775    1776    1777    1874    1971    1970    1969
                   1872    1873
      40  2  9     1777    1778    1779    1876    1973    1972    1971
                   1874    1875
      41  2  9     1779    1780    1781    1878    1975    1974    1973
                   1876    1877
      42  2  9     1781    1782    1783    1880    1977    1976    1975
                   1878    1879
      43  2  9     1783    1784    1785    1882    1979    1978    1977
                   1880    1881
      44  2  9     1785    1786    1787    1884    1981    1980    1979
                   1882    1883
      45  2  9     1787    1788    1789    1886    1983    1982    1981
                   1884    1885
      46  2  9     1789    1790    1791    1888    1985    1984    1983
                   1886    1887
      47  2  9     1791    1792    1793    1890    1987    1986    1985
                   1888    1889
      48  2  9     1793    1794    1795    1892    1989    1988    1987
                   1890    1891
      49  2  9     1795    1796    1797    1894    1991    1990    1989
                   1892    1893
      50  2  9     1797    1798    1799    1896    1993    1992    1991
                   1894    1895
      51  2  9     1799    1800    1801    1898    1995    1994    1993
                   1896    1897
      52  2  9     1801    1802    1803    1900    1997    1996    1995
                   1898    1899
      53  2  9     1803    1804    1805    1902    1999    1998    1997
                   1900    1901
      54  2  9     1805    1806    1807    1904    2001    2000    1999
                   1902    1903
      55  2  9     1807    1808    1809    1906    2003    2002    2001
                   1904    1905
      56  2  9     1809    1810    1811    1908    2005    2004    2003
                   1906    1907
      57  2  9     1811    1812    1813    1910    2007    2006    2005
                   1908    1909
      58  2  9     1813    1814    1815    1912    2009    2008    2007
                   1910    1911
      59  2  9     1815    1816    1817    1914    2011    2010    2009
                   1912    1913
      60  2  9     1817    1818    1819    1916    2013    2012    2011
                   1914    1915
      61  2  9     1819    1820    1821    1918    2015    2014    2013
                   1916    1917
      62  2  9     1821    1822    1823    1920    2017    2016    2015
                   1918    1919
      63  2  9     1823    1824    1825    1922    2019    2018    2017
                   1920    1921
      64  2  9     1825    1826    1827    1924    2021    2020    2019
                   1922    1923
      65  2  9     1957    1958    1959    2056    2153    2152    2151
                   2054    2055
      66  2  9     1959    1960    1961    2058    2155    2154    2153
                   2056    2057
      67  2  9     1961    1962    1963    2060    2157    2156    2155
                   2058    2059
      68  2  9     1963    1964    1965    2062    2159    2158    2157
                   2060    2061
      69  2  9     1965    1966    1967    2064    2161    2160    2159
                   2062    2063
      70  2  9     1967    1968    1969    2066    2163    2162    2161
                   2064    2065
      71  2  9     1969    1970    1971    2068    2165    2164    2163
                   2066    2067
      72  2  9     1971    1972    1973    2070    2167    2166    2165
                   2068    2069
      73  2  9     1973    1974    1975    2072    2169    2168    2167
                   2070    2071
      74  2  9     1975    1976    1977    2074    2171    2170    2169
                   2072    2073
      75  2  9     1977    1978    1979    2076    2173    2172    2171
                   2074    2075
      76  2  9     1979    1980    1981    2078    2175    2174    2173
                   2076    2077
      77  2  9     1981    1982    1983    2080    2177    2176    2175
                   2078    2079
      78  2  9     1983    1984    1985    2082    2179    2178    2177
                   2080    2081
      79  2  9     1985    1986    1987    2084    2181    2180    2179
                   2082    2083
      80  2  9     1987    1988    1989    2086    2183    2182    2181
                   2084    2085
      81  2  9     1989    1990    1991    2088    2185    2184    2183
                   2086    2087
      82  2  9     1991    1992    1993    2090    2187    2186    2185
                   2088    2089
      83  2  9     1993    1994    1995    2092    2189    2188    2187
                   2090    2091
      84  2  9     1995    1996    1997    2094    2191    2190    2189
                   2092    2093
      85  2  9     1997    1998    1999    2096    2193    2192    2191
                   2094    2095
      86  2  9     1999    2000    2001    2098    2195    2194    2193
                   2096    2097
      87  2  9     2001    2002    2003    2100    2197    2196    2195
                   2098    2099
      88  2  9     2003    2004    2005    2102    2199    2198    2197
                   2100    2101
      89  2  9     2005    2006    2007    2104    2201    2200    2199
                   2102    2103
      90  2  9     2007    2008    2009    2106    2203    2202    2201
                   2104    2105
      91  2  9     2009    2010    2011    2108    2205    2204    2203
                   2106    2107
      92  2  9     2011    2012    2013    2110    2207    2206    2205
                   2108    2109
      93  2  9     2013    2014    2015    2112    2209    2208    2207
                   2110    2111
      94  2  9     2015    2016    2017    2114    2211    2210    2209
                   2112    2113
      95  2  9     2017    2018    2019    2116    2213    2212    2211
                   2114    2115
      96  2  9     2019    2020    2021    2118    2215    2214    2213
                   2116    2117
      97  2  9     2151    2152    2153    2250    2347    2346    2345
                   2248    2249
      98  2  9     2153    2154    2155    2252    2349    2348    2347
                   2250    2251
      99  2  9     2155    2156    2157    2254    2351    2350    2349
                   2252    2253
     100  2  9     2157    2158    2159    2256    2353    2352    2351
                   2254    2255
     101  2  9     2159    2160    2161    2258    2355    2354    2353
                   2256    2257
     102  2  9     2161    2162    2163    2260    2357    2356    2355
                   2258    2259
     103  2  9     2163    2164    2165    2262    2359    2358    2357
                   2260    2261
     104  2  9     2165    2166    2167    2264    2361    2360    2359
                   2262    2263
     105  2  9     2167    2168    2169    2266    2363    2362    2361
                   2264    2265
     106  2  9     2169    2170    2171    2268    2365    2364    2363
                   2266    2267
     107  2  9     2171    2172    2173    2270    2367    2366    2365
                   2268    2269
     108  2  9     2173    2174    2175    2272    2369    2368    2367
                   2270    2271
     109  2  9     2175    2176    2177    2274    2371    2370    2369
                   2272    2273
     110  2  9     2177    2178    2179    2276    2373    2372    2371
                   2274    2275
     111  2  9     2179    2180    2181    2278    2375    2374    2373
                   2276    2277
     112  2  9     2181    2182    2183    2280    2377    2376    2375
                   2278    2279
     113  2  9     2183    2184    2185    2282    2379    2378    2377
                   2280    2281
     114  2  9     2185    2186    2187    2284    2381    2380    2379
                   2282    2283
     115  2  9     2187    2188    2189    2286    2383    2382    2381
                   2284    2285
     116  2  9     2189    2190    2191    2288    2385    2384    2383
                   2286    2287
     117  2  9     2191    2192    2193    2290    2387    2386    2385
                   2288    2289
     118  2  9     2193    2194    2195    2292    2389    2388    2387
                   2290    2291
     119  2  9     2195    2196    2197    2294    2391    2390    2389
                   2292    2293
     120  2  9     2197    2198    2199    2296    2393    2392    2391
                   2294    2295
     121  2  9     2199    2200    2201    2298    2395    2394    2393
                   2296    2297
     122  2  9     2201    2202    2203    2300    2397    2396    2395
                   2298    2299
     123  2  9     2203    2204    2205    2302    2399    2398    2397
                   2300    2301
     124  2  9     2205    2206    2207    2304    2401    2400    2399
                   2302    2303
     125  2  9     2207    2208    2209    2306    2403    2402    2401
                   2304    2305
     126  2  9     2209    2210    2211    2308    2405    2404    2403
                   2306    2307
     127  2  9     2211    2212    2213    2310    2407    2406    2405
                   2308    2309
     128  2  9     2213    2214    2215    2312    2409    2408    2407
                   2310    2311
     129  2  9     2345    2346    2347    2444    2541    2540    2539
                   2442    2443
     130  2  9     2347    2348    2349    2446    2543    2542    2541
                   2444    2445
     131  2  9     2349    2350    2351    2448    2545    2544    2543
                   2446    2447
     132  2  9     2351    2352    2353    2450    2547    2546    2545
                   2448    2449
     133  2  9     2353    2354    2355    2452    2549    2548    2547
                   2450    2451
     134  2  9     2355    2356    2357    2454    2551    2550    2549
                   2452    2453
     135  2  9     2357    2358    2359    2456    2553    2552    2551
                   2454    2455
     136  2  9     2359    2360    2361    2458    2555    2554    2553
                   2456    2457
     137  2  9     2361    2362    2363    2460    2557    2556    2555
                   2458    2459
     138  2  9     2363    2364    2365    2462    2559    2558    2557
                   2460    2461
     139  2  9     2365    2366    2367    2464    2561    2560    2559
                   2462    2463
     140  2  9     2367    2368    2369    2466    2563    2562    2561
                   2464    2465
     141  2  9     2369    2370    2371    2468    2565    2564    2563
                   2466    2467
     142  2  9     2371    2372    2373    2470    2567    2566    2565
                   2468    2469
     143  2  9     2373    2374    2375    2472    2569    2568    2567
                   2470    2471
     144  2  9     2375    2376    2377    2474    2571    2570    2569
                   2472    2473
     145  2  9     2377    2378    2379    2476    2573    2572    2571
                   2474    2475
     146  2  9     2379    2380    2381    2478    2575    2574    2573
                   2476    2477
     147  2  9     2381    2382    2383    2480    2577    2576    2575
                   2478    2479
     148  2  9     2383    2384    2385    2482    2579    2578    2577
                   2480    2481
     149  2  9     2385    2386    2387    2484    2581    2580    2579
                   2482    2483
     150  2  9     2387    2388    2389    2486    2583    2582    2581
                   2484    2485
     151  2  9     2389    2390    2391    2488    2585    2584    2583
                   2486    2487
     152  2  9     2391    2392    2393    2490    2587    2586    2585
                   2488    2489
     153  2  9     2393    2394    2395    2492    2589    2588    2587
                   2490    2491
     154  2  9     2395    2396    2397    2494    2591    2590    2589
                   2492    2493
     155  2  9     2397    2398    2399    2496    2593    2592    2591
                   2494    2495
     156  2  9     2399    2400    2401    2498    2595    2594    2593
                   2496    2497
     157  2  9     2401    2402    2403    2500    2597    2596    2595
                   2498    2499
     158  2  9     2403    2404    2405    2502    2599    2598    2597
                   2500    2501
     159  2  9     2405    2406    2407    2504    2601    2600    2599
                   2502    2503
     160  2  9     2407    2408    2409    2506    2603    2602    2601
                   2504    2505
     161  2  9     2539    2540    2541    2638    2735    2734    2733
                   2636    2637
     162  2  9     2541    2542    2543    2640    2737    2736    2735
                   2638    2639
     163  2  9     2543    2544    2545    2642    2739    2738    2737
                   2640    2641
     164  2  9     2545    2546    2547    2644    2741    2740    2739
                   2642    2643
     165  2  9     2547    2548    2549    2646    2743    2742    2741
                   2644    2645
     166  2  9     2549    2550    2551    2648    2745    2744    2743
                   2646    2647
     167  2  9     2551    2552    2553    2650    2747    2746    2745
                   2648    2649
     168  2  9     2553    2554    2555    2652    2749    2748    2747
                   2650    2651
     169  2  9     2555    2556    2557    2654    2751    2750    2749
                   2652    2653
     170  2  9     2557    2558    2559    2656    2753    2752    2751
                   2654    2655
     171  2  9     2559    2560    2561    2658    2755    2754    2753
                   2656    2657
     172  2  9     2561    2562    2563    2660    2757    2756    2755
                   2658    2659
     173  2  9     2563    2564    2565    2662    2759    2758    2757
                   2660    2661
     174  2  9     2565    2566    2567    2664    2761    2760    2759
                   2662    2663
     175  2  9     2567    2568    2569    2666    2763    2762    2761
                   2664    2665
     176  2  9     2569    2570    2571    2668    2765    2764    2763
                   2666    2667
     177  2  9     2571    2572    2573    2670    2767    2766    2765
                   2668    2669
     178  2  9     2573    2574    2575    2672    2769    2768    2767
                   2670    2671
     179  2  9     2575    2576    2577    2674    2771    2770    2769
                   2672    2673
     180  2  9     2577    2578    2579    2676    2773    2772    2771
                   2674    2675
     181  2  9     2579    2580    2581    2678    2775    2774    2773
                   2676    2677
     182  2  9     2581    2582    2583    2680    2777    2776    2775
                   2678    2679
     183  2  9     2583    2584    2585    2682    2779    2778    2777
                   2680    2681
     184  2  9     2585    2586    2587    2684    2781    2780    2779
                   2682    2683
     185  2  9     2587    2588    2589    2686    2783    2782    2781
                   2684    2685
     186  2  9     2589    2590    2591    2688    2785    2784    2783
                   2686    2687
     187  2  9     2591    2592    2593    2690    2787    2786    2785
                   2688    2689
     188  2  9     2593    2594    2595    2692    2789    2788    2787
                   2690    2691
     189  2  9     2595    2596    2597    2694    2791    2790    2789
                   2692    2693
     190  2  9     2597    2598    2599    2696    2793    2792    2791
                   2694    2695
     191  2  9     2599    2600    2601    2698    2795    2794    2793
                   2696    2697
     192  2  9     2601    2602    2603    2700    2797    2796    2795
                   2698    2699
     193  2  9     2733    2734    2735    2832    2929    2928    2927
                   2830    2831
     194  2  9     2735    2736    2737    2834    2931    2930    2929
                   2832    2833
     195  2  9     2737    2738    2739    2836    2933    2932    2931
                   2834    2835
     196  2  9     2739    2740    2741    2838    2935    2934    2933
                   2836    2837
     197  2  9     2741    2742    2743    2840    2937    2936    2935
                   2838    2839
     198  2  9     2743    2744    2745    2842    2939    2938    2937
                   2840    2841
     199  2  9     2745    2746    2747    2844    2941    2940    2939
                   2842    2843
     200  2  9     2747    2748    2749    2846    2943    2942    2941
                   2844    2845
     201  2  9     2749    2750    2751    2848    2945    2944    2943
                   2846    2847
     202  2  9     2751    2752    2753    2850    2947    2946    2945
                   2848    2849
     203  2  9     2753    2754    2755    2852    2949    2948    2947
                   2850    2851
     204  2  9     2755    2756    2757    2854    2951    2950    2949
                   2852    2853
     205  2  9     2757    2758    2759    2856    2953    2952    2951
                   2854    2855
     206  2  9     2759    2760    2761    2858    2955    2954    2953
                   2856    2857
     207  2  9     2761    2762    2763    2860    2957    2956    2955
                   2858    2859
     208  2  9     2763    2764    2765    2862    2959    2958    2957
                   2860    2861
     209  2  9     2765    2766    2767    2864    2961    2960    2959
                   2862    2863
     210  2  9     2767    2768    2769    2866    2963    2962    2961
                   2864    2865
     211  2  9     2769    2770    2771    2868    2965    2964    2963
                   2866    2867
     212  2  9     2771    2772    2773    2870    2967    2966    2965
                   2868    2869
     213  2  9     2773    2774    2775    2872    2969    2968    2967
                   2870    2871
     214  2  9     2775    2776    2777    2874    2971    2970    2969
                   2872    2873
     215  2  9     2777    2778    2779    2876    2973    2972    2971
                   2874    2875
     216  2  9     2779    2780    2781    2878    2975    2974    2973
                   2876    2877
     217  2  9     2781    2782    2783    2880    2977    2976    2975
                   2878    2879
     218  2  9     2783    2784    2785    2882    2979    2978    2977
                   2880    2881
     219  2  9     2785    2786    2787    2884    2981    2980    2979
                   2882    2883
     220  2  9     2787    2788    2789    2886    2983    2982    2981
                   2884    2885
     221  2  9     2789    2790    2791    2888    2985    2984    2983
                   2886    2887
     222  2  9     2791    2792    2793    2890    2987    2986    2985
                   2888    2889
     223  2  9     2793    2794    2795    2892    2989    2988    2987
                   2890    2891
     224  2  9     2795    2796    2797    2894    2991    2990    2989
                   2892    2893
     225  2  9     2927    2928    2929    3026    3123    3122    3121
                   3024    3025
     226  2  9     2929    2930    2931    3028    3125    3124    3123
                   3026    3027
     227  2  9     2931    2932    2933    3030    3127    3126    3125
                   3028    3029
     228  2  9     2933    2934    2935    3032    3129    3128    3127
                   3030    3031
     229  2  9     2935    2936    2937    3034    3131    3130    3129
                   3032    3033
     230  2  9     2937    2938    2939    3036    3133    3132    3131
                   3034    3035
     231  2  9     2939    2940    2941    3038    3135    3134    3133
                   3036    3037
     232  2  9     2941    2942    2943    3040    3137    3136    3135
                   3038    3039
     233  2  9     2943    2944    2945    3042    3139    3138    3137
                   3040    3041
     234  2  9     2945    2946    2947    3044    3141    3140    3139
                   3042    3043
     235  2  9     2947    2948    2949    3046    3143    3142    3141
                   3044    3045
     236  2  9     2949    2950    2951    3048    3145    3144    3143
                   3046    3047
     237  2  9     2951    2952    2953    3050    3147    3146    3145
                   3048    3049
     238  2  9     2953    2954    2955    3052    3149    3148    3147
                   3050    3051
     239  2  9     2955    2956    2957    3054    3151    3150    3149
                   3052    3053
     240  2  9     2957    2958    2959    3056    3153    3152    3151
                   3054    3055
     241  2  9     2959    2960    2961    3058    3155    3154    3153
                   3056    3057
     242  2  9     2961    2962    2963    3060    3157    3156    3155
                   3058    3059
     243  2  9     2963    2964    2965    3062    3159    3158    3157
                   3060    3061
     244  2  9     2965    2966    2967    3064    3161    3160    3159
                   3062    3063
     245  2  9     2967    2968    2969    3066    3163    3162    3161
                   3064    3065
     246  2  9     2969    2970    2971    3068    3165    3164    3163
                   3066    3067
     247  2  9     2971    2972    2973    3070    3167    3166    3165
                   3068    3069
     248  2  9     2973    2974    2975    3072    3169    3168    3167
                   3070    3071
     249  2  9     2975    2976    2977    3074    3171    3170    3169
                   3072    3073
     250  2  9     2977    2978    2979    3076    3173    3172    3171
                   3074    3075
     251  2  9     2979    2980    2981    3078    3175    3174    3173
                   3076    3077
     252  2  9     2981    2982    2983    3080    3177    3176    3175
                   3078    3079
     253  2  9     2983    2984    2985    3082    3179    3178    3177
                   3080    3081
     254  2  9     2985    2986    2987    3084    3181    3180    3179
                   3082    3083
     255  2  9     2987    2988    2989    3086    3183    3182    3181
                   3084    3085
     256  2  9     2989    2990    2991    3088    3185    3184    3183
                   3086    3087
     257  2  9     3121    3122    3123    3220    3317    3316    3315
                   3218    3219
     258  2  9     3123    3124    3125    3222    3319    3318    3317
                   3220    3221
     259  2  9     3125    3126    3127    3224    3321    3320    3319
                   3222    3223
     260  2  9     3127    3128    3129    3226    3323    3322    3321
                   3224    3225
     261  2  9     3129    3130    3131    3228    3325    3324    3323
                   3226    3227
     262  2  9     3131    3132    3133    3230    3327    3326    3325
                   3228    3229
     263  2  9     3133    3134    3135    3232    3329    3328    3327
                   3230    3231
     264  2  9     3135    3136    3137    3234    3331    3330    3329
                   3232    3233
     265  2  9     3137    3138    3139    3236    3333    3332    3331
                   3234    3235
     266  2  9     3139    3140    3141    3238    3335    3334    3333
                   3236    3237
     267  2  9     3141    3142    3143    3240    3337    3336    3335
                   3238    3239
     268  2  9     3143    3144    3145    3242    3339    3338    3337
                   3240    3241
     269  2  9     3145    3146    3147    3244    3341    3340    3339
                   3242    3243
     270  2  9     3147    3148    3149    3246    3343    3342    3341
                   3244    3245
     271  2  9     3149    3150    3151    3248    3345    3344    3343
                   3246    3247
     272  2  9     3151    3152    3153    3250    3347    3346    3345
                   3248    3249
     273  2  9     3153    3154    3155    3252    3349    3348    3347
                   3250    3251
     274  2  9     3155    3156    3157    3254    3351    3350    3349
                   3252    3253
     275  2  9     3157    3158    3159    3256    3353    3352    3351
                   3254    3255
     276  2  9     3159    3160    3161    3258    3355    3354    3353
                   3256    3257
     277  2  9     3161    3162    3163    3260    3357    3356    3355
                   3258    3259
     278  2  9     3163    3164    3165    3262    3359    3358    3357
                   3260    3261
     279  2  9     3165    3166    3167    3264    3361    3360    3359
                   3262    3263
     280  2  9     3167    3168    3169    3266    3363    3362    3361
                   3264    3265
     281  2  9     3169    3170    3171    3268    3365    3364    3363
                   3266    3267
     282  2  9     3171    3172    3173    3270    3367    3366    3365
                   3268    3269
     283  2  9     3173    3174    3175    3272    3369    3368    3367
                   3270    3271
     284  2  9     3175    3176    3177    3274    3371    3370    3369
                   3272    3273
     285  2  9     3177    3178    3179    3276    3373    3372    3371
                   3274    3275
     286  2  9     3179    3180    3181    3278    3375    3374    3373
                   3276    3277
     287  2  9     3181    3182    3183    3280    3377    3376    3375
                   3278    3279
     288  2  9     3183    3184    3185    3282    3379    3378    3377
                   3280    3281
     289  2  9     3315    3316    3317    3414    3511    3510    3509
                   3412    3413
     290  2  9     3317    3318    3319    3416    3513    3512    3511
                   3414    3415
     291  2  9     3319    3320    3321    3418    3515    3514    3513
                   3416    3417
     292  2  9     3321    3322    3323    3420    3517    3516    3515
                   3418    3419
     293  2  9     3323    3324    3325    3422    3519    3518    3517
                   3420    3421
     294  2  9     3325    3326    3327    3424    3521    3520    3519
                   3422    3423
     295  2  9     3327    3328    3329    3426    3523    3522    3521
                   3424    3425
     296  2  9     3329    3330    3331    3428    3525    3524    3523
                   3426    3427
     297  2  9     3331    3332    3333    3430    3527    3526    3525
                   3428    3429
     298  2  9     3333    3334    3335    3432    3529    3528    3527
                   3430    3431
     299  2  9     3335    3336    3337    3434    3531    3530    3529
                   3432    3433
     300  2  9     3337    3338    3339    3436    3533    3532    3531
                   3434    3435
     301  2  9     3339    3340    3341    3438    3535    3534    3533
                   3436    3437
     302  2  9     3341    3342    3343    3440    3537    3536    3535
                   3438    3439
     303  2  9     3343    3344    3345    3442    3539    3538    3537
                   3440    3441
     304  2  9     3345    3346    3347    3444    3541    3540    3539
                   3442    3443
     305  2  9     3347    3348    3349    3446    3543    3542    3541
                   3444    3445
     306  2  9     3349    3350    3351    3448    3545    3544    3543
                   3446    3447
     307  2  9     3351    3352    3353    3450    3547    3546    3545
                   3448    3449
     308  2  9     3353    3354    3355    3452    3549    3548    3547
                   3450    3451
     309  2  9     3355    3356    3357    3454    3551    3550    3549
                   3452    3453
     310  2  9     3357    3358    3359    3456    3553    3552    3551
                   3454    3455
     311  2  9     3359    3360    3361    3458    3555    3554    3553
                   3456    3457
     312  2  9     3361    3362    3363    3460    3557    3556    3555
                   3458    3459
     313  2  9     3363    3364    3365    3462    3559    3558    3557
                   3460    3461
     314  2  9     3365    3366    3367    3464    3561    3560    3559
                   3462    3463
     315  2  9     3367    3368    3369    3466    3563    3562    3561
                   3464    3465
     316  2  9     3369    3370    3371    3468    3565    3564    3563
                   3466    3467
     317  2  9     3371    3372    3373    3470    3567    3566    3565
                   3468    3469
     318  2  9     3373    3374    3375    3472    3569    3568    3567
                   3470    3471
     319  2  9     3375    3376    3377    3474    3571    3570    3569
                   3472    3473
     320  2  9     3377    3378    3379    3476    3573    3572    3571
                   3474    3475
     321  2  9     3509    3510    3511    3608    3705    3704    3703
                   3606    3607
     322  2  9     3511    3512    3513    3610    3707    3706    3705
                   3608    3609
     323  2  9     3513    3514    3515    3612    3709    3708    3707
                   3610    3611
     324  2  9     3515    3516    3517    3614    3711    3710    3709
                   3612    3613
     325  2  9     3517    3518    3519    3616    3713    3712    3711
                   3614    3615
     326  2  9     3519    3520    3521    3618    3715    3714    3713
                   3616    3617
     327  2  9     3521    3522    3523    3620    3717    3716    3715
                   3618    3619
     328  2  9     3523    3524    3525    3622    3719    3718    3717
                   3620    3621
     329  2  9     3525    3526    3527    3624    3721    3720    3719
                   3622    3623
     330  2  9     3527    3528    3529    3626    3723    3722    3721
                   3624    3625
     331  2  9     3529    3530    3531    3628    3725    3724    3723
                   3626    3627
     332  2  9     3531    3532    3533    3630    3727    3726    3725
                   3628    3629
     333  2  9     3533    3534    3535    3632    3729    3728    3727
                   3630    3631
     334  2  9     3535    3536    3537    3634    3731    3730    3729
                   3632    3633
     335  2  9     3537    3538    3539    3636    3733    3732    3731
                   3634    3635
     336  2  9     3539    3540    3541    3638    3735    3734    3733
                   3636    3637
     337  2  9     3541    3542    3543    3640    3737    3736    3735
                   3638    3639
     338  2  9     3543    3544    3545    3642    3739    3738    3737
                   3640    3641
     339  2  9     3545    3546    3547    3644    3741    3740    3739
                   3642    3643
     340  2  9     3547    3548    3549    3646    3743    3742    3741
                   3644    3645
     341  2  9     3549    3550    3551    3648    3745    3744    3743
                   3646    3647
     342  2  9     3551    3552    3553    3650    3747    3746    3745
                   3648    3649
     343  2  9     3553    3554    3555    3652    3749    3748    3747
                   3650    3651
     344  2  9     3555    3556    3557    3654    3751    3750    3749
                   3652    3653
     345  2  9     3557    3558    3559    3656    3753    3752    3751
                   3654    3655
     346  2  9     3559    3560    3561    3658    3755    3754    3753
                   3656    3657
     347  2  9     3561    3562    3563    3660    3757    3756    3755
                   3658    3659
     348  2  9     3563    3564    3565    3662    3759    3758    3757
                   3660    3661
     349  2  9     3565    3566    3567    3664    3761    3760    3759
                   3662    3663
     350  2  9     3567    3568    3569    3666    3763    3762    3761
                   3664    3665
     351  2  9     3569    3570    3571    3668    3765    3764    3763
                   3666    3667
     352  2  9     3571    3572    3573    3670    3767    3766    3765
                   3668    3669
     353  2  9     3703    3704    3705    3802    3899    3898    3897
                   3800    3801
     354  2  9     3705    3706    3707    3804    3901    3900    3899
                   3802    3803
     355  2  9     3707    3708    3709    3806    3903    3902    3901
                   3804    3805
     356  2  9     3709    3710    3711    3808    3905    3904    3903
                   3806    3807
     357  2  9     3711    3712    3713    3810    3907    3906    3905
                   3808    3809
     358  2  9     3713    3714    3715    3812    3909    3908    3907
                   3810    3811
     359  2  9     3715    3716    3717    3814    3911    3910    3909
                   3812    3813
     360  2  9     3717    3718    3719    3816    3913    3912    3911
                   3814    3815
     361  2  9     3719    3720    3721    3818    3915    3914    3913
                   3816    3817
     362  2  9     3721    3722    3723    3820    3917    3916    3915
                   3818    3819
     363  2  9     3723    3724    3725    3822    3919    3918    3917
                   3820    3821
     364  2  9     3725    3726    3727    3824    3921    3920    3919
                   3822    3823
     365  2  9     3727    3728    3729    3826    3923    3922    3921
                   3824    3825
     366  2  9     3729    3730    3731    3828    3925    3924    3923
                   3826    3827
     367  2  9     3731    3732    3733    3830    3927    3926    3925
                   3828    3829
     368  2  9     3733    3734    3735    3832    3929    3928    3927
                   3830    3831
     369  2  9     3735    3736    3737    3834    3931    3930    3929
                   3832    3833
     370  2  9     3737    3738    3739    3836    3933    3932    3931
                   3834    3835
     371  2  9     3739    3740    3741    3838    3935    3934    3933
                   3836    3837
     372  2  9     3741    3742    3743    3840    3937    3936    3935
                   3838    3839
     373  2  9     3743    3744    3745    3842    3939    3938    3937
                   3840    3841
     374  2  9     3745    3746    3747    3844    3941    3940    3939
                   3842    3843
     375  2  9     3747    3748    3749    3846    3943    3942    3941
                   3844    3845
     376  2  9     3749    3750    3751    3848    3945    3944    3943
                   3846    3847
     377  2  9     3751    3752    3753    3850    3947    3946    3945
                   3848    3849
     378  2  9     3753    3754    3755    3852    3949    3948    3947
                   3850    3851
     379  2  9     3755    3756    3757    3854    3951    3950    3949
                   3852    3853
     380  2  9     3757    3758    3759    3856    3953    3952    3951
                   3854    3855
     381  2  9     3759    3760    3761    3858    3955    3954    3953
                   3856    3857
     382  2  9     3761    3762    3763    3860    3957    3956    3955
                   3858    3859
     383  2  9     3763    3764    3765    3862    3959    3958    3957
                   3860    3861
     384  2  9     3765    3766    3767    3864    3961    3960    3959
                   3862    3863
     385  2  9     3897    3898    3899    3996    4093    4092    4091
                   3994    3995
     386  2  9     3899    3900    3901    3998    4095    4094    4093
                   3996    3997
     387  2  9     3901    3902    3903    4000    4097    4096    4095
                   3998    3999
     388  2  9     3903    3904    3905    4002    4099    4098    4097
                   4000    4001
     389  2  9     3905    3906    3907    4004    4101    4100    4099
                   4002    4003
     390  2  9     3907    3908    3909    4006    4103    4102    4101
                   4004    4005
     391  2  9     3909    3910    3911    4008    4105    4104    4103
                   4006    4007
     392  2  9     3911    3912    3913    4010    4107    4106    4105
                   4008    4009
     393  2  9     3913    3914    3915    4012    4109    4108    4107
                   4010    4011
     394  2  9     3915    3916    3917    4014    4111    4110    4109
                   4012    4013
     395  2  9     3917    3918    3919    4016    4113    4112    4111
                   4014    4015
     396  2  9     3919    3920    3921    4018    4115    4114    4113
                   4016    4017
     397  2  9     3921    3922    3923    4020    4117    4116    4115
                   4018    4019
     398  2  9     3923    3924    3925    4022    4119    4118    4117
                   4020    4021
     399  2  9     3925    3926    3927    4024    4121    4120    4119
                   4022    4023
     400  2  9     3927    3928    3929    4026    4123    4122    4121
                   4024    4025
     401  2  9     3929    3930    3931    4028    4125    4124    4123
                   4026    4027
     402  2  9     3931    3932    3933    4030    4127    4126    4125
                   4028    4029
     403  2  9     3933    3934    3935    4032    4129    4128    4127
                   4030    4031
     404  2  9     3935    3936    3937    4034    4131    4130    4129
                   4032    4033
     405  2  9     3937    3938    3939    4036    4133    4132    4131
                   4034    4035
     406  2  9     3939    3940    3941    4038    4135    4134    4133
                   4036    4037
     407  2  9     3941    3942    3943    4040    4137    4136    4135
                   4038    4039
     408  2  9     3943    3944    3945    4042    4139    4138    4137
                   4040    4041
     409  2  9     3945    3946    3947    4044    4141    4140    4139
                   4042    4043
     410  2  9     3947    3948    3949    4046    4143    4142    4141
                   4044    4045
     411  2  9     3949    3950    3951    4048    4145    4144    4143
                   4046    4047
     412  2  9     3951    3952    3953    4050    4147    4146    4145
                   4048    4049
     413  2  9     3953    3954    3955    4052    4149    4148    4147
                   4050    4051
     414  2  9     3955    3956    3957    4054    4151    4150    4149
                   4052    4053
     415  2  9     3957    3958    3959    4056    4153    4152    4151
                   4054    4055
     416  2  9     3959    3960    3961    4058    4155    4154    4153
                   4056    4057
     417  2  9     4091    4092    4093    4190    4287    4286    4285
                   4188    4189
     418  2  9     4093    4094    4095    4192    4289    4288    4287
                   4190    4191
     419  2  9     4095    4096    4097    4194    4291    4290    4289
                   4192    4193
     420  2  9     4097    4098    4099    4196    4293    4292    4291
                   4194    4195
     421  2  9     4099    4100    4101    4198    4295    4294    4293
                   4196    4197
     422  2  9     4101    4102    4103    4200    4297    4296    4295
                   4198    4199
     423  2  9     4103    4104    4105    4202    4299    4298    4297
                   4200    4201
     424  2  9     4105    4106    4107    4204    4301    4300    4299
                   4202    4203
     425  2  9     4107    4108    4109    4206    4303    4302    4301
                   4204    4205
     426  2  9     4109    4110    4111    4208    4305    4304    4303
                   4206    4207
     427  2  9     4111    4112    4113    4210    4307    4306    4305
                   4208    4209
     428  2  9     4113    4114    4115    4212    4309    4308    4307
                   4210    4211
     429  2  9     4115    4116    4117    4214    4311    4310    4309
                   4212    4213
     430  2  9     4117    4118    4119    4216    4313    4312    4311
                   4214    4215
     431  2  9     4119    4120    4121    4218    4315    4314    4313
                   4216    4217
     432  2  9     4121    4122    4123    4220    4317    4316    4315
                   4218    4219
     433  2  9     4123    4124    4125    4222    4319    4318    4317
                   4220    4221
     434  2  9     4125    4126    4127    4224    4321    4320    4319
                   4222    4223
     435  2  9     4127    4128    4129    4226    4323    4322    4321
                   4224    4225
     436  2  9     4129    4130    4131    4228    4325    4324    4323
                   4226    4227
     437  2  9     4131    4132    4133    4230    4327    4326    4325
                   4228    4229
     438  2  9     4133    4134    4135    4232    4329    4328    4327
                   4230    4231
     439  2  9     4135    4136    4137    4234    4331    4330    4329
                   4232    4233
     440  2  9     4137    4138    4139    4236    4333    4332    4331
                   4234    4235
     441  2  9     4139    4140    4141    4238    4335    4334    4333
                   4236    4237
     442  2  9     4141    4142    4143    4240    4337    4336    4335
                   4238    4239
     443  2  9     4143    4144    4145    4242    4339    4338    4337
                   4240    4241
     444  2  9     4145    4146    4147    4244    4341    4340    4339
                   4242    4243
     445  2  9     4147    4148    4149    4246    4343    4342    4341
                   4244    4245
     446  2  9     4149    4150    4151    4248    4345    4344    4343
                   4246    4247
     447  2  9     4151    4152    4153    4250    4347    4346    4345
                   4248    4249
     448  2  9     4153    4154    4155    4252    4349    4348    4347
                   4250    4251
     449  2  9     4285    4286    4287    4384    4481    4480    4479
                   4382    4383
     450  2  9     4287    4288    4289    4386    4483    4482    4481
                   4384    4385
     451  2  9     4289    4290    4291    4388    4485    4484    4483
                   4386    4387
     452  2  9     4291    4292    4293    4390    4487    4486    4485
                   4388    4389
     453  2  9     4293    4294    4295    4392    4489    4488    4487
                   4390    4391
     454  2  9     4295    4296    4297    4394    4491    4490    4489
                   4392    4393
     455  2  9     4297    4298    4299    4396    4493    4492    4491
                   4394    4395
     456  2  9     4299    4300    4301    4398    4495    4494    4493
                   4396    4397
     457  2  9     4301    4302    4303    4400    4497    4496    4495
                   4398    4399
     458  2  9     4303    4304    4305    4402    4499    4498    4497
                   4400    4401
     459  2  9     4305    4306    4307    4404    4501    4500    4499
                   4402    4403
     460  2  9     4307    4308    4309    4406    4503    4502    4501
                   4404    4405
     461  2  9     4309    4310    4311    4408    4505    4504    4503
                   4406    4407
     462  2  9     4311    4312    4313    4410    4507    4506    4505
                   4408    4409
     463  2  9     4313    4314    4315    4412    4509    4508    4507
                   4410    4411
     464  2  9     4315    4316    4317    4414    4511    4510    4509
                   4412    4413
     465  2  9     4317    4318    4319    4416    4513    4512    4511
                   4414    4415
     466  2  9     4319    4320    4321    4418    4515    4514    4513
                   4416    4417
     467  2  9     4321    4322    4323    4420    4517    4516    4515
                   4418    4419
     468  2  9     4323    4324    4325    4422    4519    4518    4517
                   4420    4421
     469  2  9     4325    4326    4327    4424    4521    4520    4519
                   4422    4423
     470  2  9     4327    4328    4329    4426    4523    4522    4521
                   4424    4425
     471  2  9     4329    4330    4331    4428    4525    4524    4523
                   4426    4427
     472  2  9     4331    4332    4333    4430    4527    4526    4525
                   4428    4429
     473  2  9     4333    4334    4335    4432    4529    4528    4527
                   4430    4431
     474  2  9     4335    4336    4337    4434    4531    4530    4529
                   4432    4433
     475  2  9     4337    4338    4339    4436    4533    4532    4531
                   4434    4435
     476  2  9     4339    4340    4341    4438    4535    4534    4533
                   4436    4437
     477  2  9     4341    4342    4343    4440    4537    4536    4535
                   4438    4439
     478  2  9     4343    4344    4345    4442    4539    4538    4537
                   4440    4441
     479  2  9     4345    4346    4347    4444    4541    4540    4539
                   4442    4443
     480  2  9     4347    4348    4349    4446    4543    4542    4541
                   4444    4445
     481  2  9     4479    4480    4481    4578    4675    4674    4673
                   4576    4577
     482  2  9     4481    4482    4483    4580    4677    4676    4675
                   4578    4579
     483  2  9     4483    4484    4485    4582    4679    4678    4677
                   4580    4581
     484  2  9     4485    4486    4487    4584    4681    4680    4679
                   4582    4583
     485  2  9     4487    4488    4489    4586    4683    4682    4681
                   4584    4585
     486  2  9     4489    4490    4491    4588    4685    4684    4683
                   4586    4587
     487  2  9     4491    4492    4493    4590    4687    4686    4685
                   4588    4589
     488  2  9     4493    4494    4495    4592    4689    4688    4687
                   4590    4591
     489  2  9     4495    4496    4497    4594    4691    4690    4689
                   4592    4593
     490  2  9     4497    4498    4499    4596    4693    4692    4691
                   4594    4595
     491  2  9     4499    4500    4501    4598    4695    4694    4693
                   4596    4597
     492  2  9     4501    4502    4503    4600    4697    4696    4695
                   4598    4599
     493  2  9     4503    4504    4505    4602    4699    4698    4697
                   4600    4601
     494  2  9     4505    4506    4507    4604    4701    4700    4699
                   4602    4603
     495  2  9     4507    4508    4509    4606    4703    4702    4701
                   4604    4605
     496  2  9     4509    4510    4511    4608    4705    4704    4703
                   4606    4607
     497  2  9     4511    4512    4513    4610    4707    4706    4705
                   4608    4609
     498  2  9     4513    4514    4515    4612    4709    4708    4707
                   4610    4611
     499  2  9     4515    4516    4517    4614    4711    4710    4709
                   4612    4613
     500  2  9     4517    4518    4519    4616    4713    4712    4711
                   4614    4615
     501  2  9     4519    4520    4521    4618    4715    4714    4713
                   4616    4617
     502  2  9     4521    4522    4523    4620    4717    4716    4715
                   4618    4619
     503  2  9     4523    4524    4525    4622    4719    4718    4717
                   4620    4621
     504  2  9     4525    4526    4527    4624    4721    4720    4719
                   4622    4623
     505  2  9     4527    4528    4529    4626    4723    4722    4721
                   4624    4625
     506  2  9     4529    4530    4531    4628    4725    4724    4723
                   4626    4627
     507  2  9     4531    4532    4533    4630    4727    4726    4725
                   4628    4629
     508  2  9     4533    4534    4535    4632    4729    4728    4727
                   4630    4631
     509  2  9     4535    4536    4537    4634    4731    4730    4729
                   4632    4633
     510  2  9     4537    4538    4539    4636    4733    4732    4731
                   4634    4635
     511  2  9     4539    4540    4541    4638    4735    4734    4733
                   4636    4637
     512  2  9     4541    4542    4543    4640    4737    4736    4735
                   4638    4639
     513  2  9     4673    4674    4675    4772    4869    4868    4867
                   4770    4771
     514  2  9     4675    4676    4677    4774    4871    4870    4869
                   4772    4773
     515  2  9     4677    4678    4679    4776    4873    4872    4871
                   4774    4775
     516  2  9     4679    4680    4681    4778    4875    4874    4873
                   4776    4777
     517  2  9     4681    4682    4683    4780    4877    4876    4875
                   4778    4779
     518  2  9     4683    4684    4685    4782    4879    4878    4877
                   4780    4781
     519  2  9     4685    4686    4687    4784    4881    4880    4879
                   4782    4783
     520  2  9     4687    4688    4689    4786    4883    4882    4881
                   4784    4785
     521  2  9     4689    4690    4691    4788    4885    4884    4883
                   4786    4787
     522  2  9     4691    4692    4693    4790    4887    4886    4885
                   4788    4789
     523  2  9     4693    4694    4695    4792    4889    4888    4887
                   4790    4791
     524  2  9     4695    4696    4697    4794    4891    4890    4889
                   4792    4793
     525  2  9     4697    4698    4699    4796    4893    4892    4891
                   4794    4795
     526  2  9     4699    4700    4701    4798    4895    4894    4893
                   4796    4797
     527  2  9     4701    4702    4703    4800    4897    4896    4895
                   4798    4799
     528  2  9     4703    4704    4705    4802    4899    4898    4897
                   4800    4801
     529  2  9     4705    4706    4707    4804    4901    4900    4899
                   4802    4803
     530  2  9     4707    4708    4709    4806    4903    4902    4901
                   4804    4805
     531  2  9     4709    4710    4711    4808    4905    4904    4903
                   4806    4807
     532  2  9     4711    4712    4713    4810    4907    4906    4905
                   4808    4809
     533  2  9     4713    4714    4715    4812    4909    4908    4907
                   4810    4811
     534  2  9     4715    4716    4717    4814    4911    4910    4909
                   4812    4813
     535  2  9     4717    4718    4719    4816    4913    4912    4911
                   4814    4815
     536  2  9     4719    4720    4721    4818    4915    4914    4913
                   4816    4817
     537  2  9     4721    4722    4723    4820    4917    4916    4915
                   4818    4819
     538  2  9     4723    4724    4725    4822    4919    4918    4917
                   4820    4821
     539  2  9     4725    4726    4727    4824    4921    4920    4919
                   4822    4823
     540  2  9     4727    4728    4729    4826    4923    4922    4921
                   4824    4825
     541  2  9     4729    4730    4731    4828    4925    4924    4923
                   4826    4827
     542  2  9     4731    4732    4733    4830    4927    4926    4925
                   4828    4829
     543  2  9     4733    4734    4735    4832    4929    4928    4927
                   4830    4831
     544  2  9     4735    4736    4737    4834    4931    4930    4929
                   4832    4833
     545  2  9     4867    4868    4869    4966    5063    5062    5061
                   4964    4965
     546  2  9     4869    4870    4871    4968    5065    5064    5063
                   4966    4967
     547  2  9     4871    4872    4873    4970    5067    5066    5065
                   4968    4969
     548  2  9     4873    4874    4875    4972    5069    5068    5067
                   4970    4971
     549  2  9     4875    4876    4877    4974    5071    5070    5069
                   4972    4973
     550  2  9     4877    4878    4879    4976    5073    5072    5071
                   4974    4975
     551  2  9     4879    4880    4881    4978    5075    5074    5073
                   4976    4977
     552  2  9     4881    4882    4883    4980    5077    5076    5075
                   4978    4979
     553  2  9     4883    4884    4885    4982    5079    5078    5077
                   4980    4981
     554  2  9     4885    4886    4887    4984    5081    5080    5079
                   4982    4983
     555  2  9     4887    4888    4889    4986    5083    5082    5081
                   4984    4985
     556  2  9     4889    4890    4891    4988    5085    5084    5083
                   4986    4987
     557  2  9     4891    4892    4893    4990    5087    5086    5085
                   4988    4989
     558  2  9     4893    4894    4895    4992    5089    5088    5087
                   4990    4991
     559  2  9     4895    4896    4897    4994    5091    5090    5089
                   4992    4993
     560  2  9     4897    4898    4899    4996    5093    5092    5091
                   4994    4995
     561  2  9     4899    4900    4901    4998    5095    5094    5093
                   4996    4997
     562  2  9     4901    4902    4903    5000    5097    5096    5095
                   4998    4999
     563  2  9     4903    4904    4905    5002    5099    5098    5097
                   5000    5001
     564  2  9     4905    4906    4907    5004    5101    5100    5099
                   5002    5003
     565  2  9     4907    4908    4909    5006    5103    5102    5101
                   5004    5005
     566  2  9     4909    4910    4911    5008    5105    5104    5103
                   5006    5007
     567  2  9     4911    4912    4913    5010    5107    5106    5105
                   5008    5009
     568  2  9     4913    4914    4915    5012    5109    5108    5107
                   5010    5011
     569  2  9     4915    4916    4917    5014    5111    5110    5109
                   5012    5013
     570  2  9     4917    4918    4919    5016    5113    5112    5111
                   5014    5015
     571  2  9     4919    4920    4921    5018    5115    5114    5113
                   5016    5017
     572  2  9     4921    4922    4923    5020    5117    5116    5115
                   5018    5019
     573  2  9     4923    4924    4925    5022    5119    5118    5117
                   5020    5021
     574  2  9     4925    4926    4927    5024    5121    5120    5119
                   5022    5023
     575  2  9     4927    4928    4929    5026    5123    5122    5121
                   5024    5025
     576  2  9     4929    4930    4931    5028    5125    5124    5123
                   5026    5027
     577  2  9     5061    5062    5063    5160    5257    5256    5255
                   5158    5159
     578  2  9     5063    5064    5065    5162    5259    5258    5257
                   5160    5161
     579  2  9     5065    5066    5067    5164    5261    5260    5259
                   5162    5163
     580  2  9     5067    5068    5069    5166    5263    5262    5261
                   5164    5165
     581  2  9     5069    5070    5071    5168    5265    5264    5263
                   5166    5167
     582  2  9     5071    5072    5073    5170    5267    5266    5265
                   5168    5169
     583  2  9     5073    5074    5075    5172    5269    5268    5267
                   5170    5171
     584  2  9     5075    5076    5077    5174    5271    5270    5269
                   5172    5173
     585  2  9     5077    5078    5079    5176    5273    5272    5271
                   5174    5175
     586  2  9     5079    5080    5081    5178    5275    5274    5273
                   5176    5177
     587  2  9     5081    5082    5083    5180    5277    5276    5275
                   5178    5179
     588  2  9     5083    5084    5085    5182    5279    5278    5277
                   5180    5181
     589  2  9     5085    5086    5087    5184    5281    5280    5279
                   5182    5183
     590  2  9     5087    5088    5089    5186    5283    5282    5281
                   5184    5185
     591  2  9     5089    5090    5091    5188    5285    5284    5283
                   5186    5187
     592  2  9     5091    5092    5093    5190    5287    5286    5285
                   5188    5189
     593  2  9     5093    5094    5095    5192    5289    5288    5287
                   5190    5191
     594  2  9     5095    5096    5097    5194    5291    5290    5289
                   5192    5193
     595  2  9     5097    5098    5099    5196    5293    5292    5291
                   5194    5195
     596  2  9     5099    5100    5101    5198    5295    5294    5293
                   5196    5197
     597  2  9     5101    5102    5103    5200    5297    5296    5295
                   5198    5199
     598  2  9     5103    5104    5105    5202    5299    5298    5297
                   5200    5201
     599  2  9     5105    5106    5107    5204    5301    5300    5299
                   5202    5203
     600  2  9     5107    5108    5109    5206    5303    5302    5301
                   5204    5205
     601  2  9     5109    5110    5111    5208    5305    5304    5303
                   5206    5207
     602  2  9     5111    5112    5113    5210    5307    5306    5305
                   5208    5209
     603  2  9     5113    5114    5115    5212    5309    5308    5307
                   5210    5211
     604  2  9     5115    5116    5117    5214    5311    5310    5309
                   5212    5213
     605  2  9     5117    5118    5119    5216    5313    5312    5311
                   5214    5215
     606  2  9     5119    5120    5121    5218    5315    5314    5313
                   5216    5217
     607  2  9     5121    5122    5123    5220    5317    5316    5315
                   5218    5219
     608  2  9     5123    5124    5125    5222    5319    5318    5317
                   5220    5221
     609  2  9     5255    5256    5257    5354    5451    5450    5449
                   5352    5353
     610  2  9     5257    5258    5259    5356    5453    5452    5451
                   5354    5355
     611  2  9     5259    5260    5261    5358    5455    5454    5453
                   5356    5357
     612  2  9     5261    5262    5263    5360    5457    5456    5455
                   5358    5359
     613  2  9     5263    5264    5265    5362    5459    5458    5457
                   5360    5361
     614  2  9     5265    5266    5267    5364    5461    5460    5459
                   5362    5363
     615  2  9     5267    5268    5269    5366    5463    5462    5461
                   5364    5365
     616  2  9     5269    5270    5271    5368    5465    5464    5463
                   5366    5367
     617  2  9     5271    5272    5273    5370    5467    5466    5465
                   5368    5369
     618  2  9     5273    5274    5275    5372    5469    5468    5467
                   5370    5371
     619  2  9     5275    5276    5277    5374    5471    5470    5469
                   5372    5373
     620  2  9     5277    5278    5279    5376    5473    5472    5471
                   5374    5375
     621  2  9     5279    5280    5281    5378    5475    5474    5473
                   5376    5377
     622  2  9     5281    5282    5283    5380    5477    5476    5475
                   5378    5379
     623  2  9     5283    5284    5285    5382    5479    5478    5477
                   5380    5381
     624  2  9     5285    5286    5287    5384    5481    5480    5479
                   5382    5383
     625  2  9     5287    5288    5289    5386    5483    5482    5481
                   5384    5385
     626  2  9     5289    5290    5291    5388    5485    5484    5483
                   5386    5387
     627  2  9     5291    5292    5293    5390    5487    5486    5485
                   5388    5389
     628  2  9     5293    5294    5295    5392    5489    5488    5487
                   5390    5391
     629  2  9     5295    5296    5297    5394    5491    5490    5489
                   5392    5393
     630  2  9     5297    5298    5299    5396    5493    5492    5491
                   5394    5395
     631  2  9     5299    5300    5301    5398    5495    5494    5493
                   5396    5397
     632  2  9     5301    5302    5303    5400    5497    5496    5495
                   5398    5399
     633  2  9     5303    5304    5305    5402    5499    5498    5497
                   5400    5401
     634  2  9     5305    5306    5307    5404    5501    5500    5499
                   5402    5403
     635  2  9     5307    5308    5309    5406    5503    5502    5501
                   5404    5405
     636  2  9     5309    5310    5311    5408    5505    5504    5503
                   5406    5407
     637  2  9     5311    5312    5313    5410    5507    5506    5505
                   5408    5409
     638  2  9     5313    5314    5315    5412    5509    5508    5507
                   5410    5411
     639  2  9     5315    5316    5317    5414    5511    5510    5509
                   5412    5413
     640  2  9     5317    5318    5319    5416    5513    5512    5511
                   5414    5415
     641  2  9     5449    5450    5451    5548    5645    5644    5643
                   5546    5547
     642  2  9     5451    5452    5453    5550    5647    5646    5645
                   5548    5549
     643  2  9     5453    5454    5455    5552    5649    5648    5647
                   5550    5551
     644  2  9     5455    5456    5457    5554    5651    5650    5649
                   5552    5553
     645  2  9     5457    5458    5459    5556    5653    5652    5651
                   5554    5555
     646  2  9     5459    5460    5461    5558    5655    5654    5653
                   5556    5557
     647  2  9     5461    5462    5463    5560    5657    5656    5655
                   5558    5559
     648  2  9     5463    5464    5465    5562    5659    5658    5657
                   5560    5561
     649  2  9     5465    5466    5467    5564    5661    5660    5659
                   5562    5563
     650  2  9     5467    5468    5469    5566    5663    5662    5661
                   5564    5565
     651  2  9     5469    5470    5471    5568    5665    5664    5663
                   5566    5567
     652  2  9     5471    5472    5473    5570    5667    5666    5665
                   5568    5569
     653  2  9     5473    5474    5475    5572    5669    5668    5667
                   5570    5571
     654  2  9     5475    5476    5477    5574    5671    5670    5669
                   5572    5573
     655  2  9     5477    5478    5479    5576    5673    5672    5671
                   5574    5575
     656  2  9     5479    5480    5481    5578    5675    5674    5673
                   5576    5577
     657  2  9     5481    5482    5483    5580    5677    5676    5675
                   5578    5579
     658  2  9     5483    5484    5485    5582    5679    5678    5677
                   5580    5581
     659  2  9     5485    5486    5487    5584    5681    5680    5679
                   5582    5583
     660  2  9     5487    5488    5489    5586    5683    5682    5681
                   5584    5585
     661  2  9     5489    5490    5491    5588    5685    5684    5683
                   5586    5587
     662  2  9     5491    5492    5493    5590    5687    5686    5685
                   5588    5589
     663  2  9     5493    5494    5495    5592    5689    5688    5687
                   5590    5591
     664  2  9     5495    5496    5497    5594    5691    5690    5689
                   5592    5593
     665  2  9     5497    5498    5499    5596    5693    5692    5691
                   5594    5595
     666  2  9     5499    5500    5501    5598    5695    5694    5693
                   5596    5597
     667  2  9     5501    5502    5503    5600    5697    5696    5695
                   5598    5599
     668  2  9     5503    5504    5505    5602    5699    5698    5697
                   5600    5601
     669  2  9     5505    5506    5507    5604    5701    5700    5699
                   5602    5603
     670  2  9     5507    5508    5509    5606    5703    5702    5701
                   5604    5605
     671  2  9     5509    5510    5511    5608    5705    5704    5703
                   5606    5607
     672  2  9     5511    5512    5513    5610    5707    5706    5705
                   5608    5609
     673  2  9     5643    5644    5645    5742    5839    5838    5837
                   5740    5741
     674  2  9     5645    5646    5647    5744    5841    5840    5839
                   5742    5743
     675  2  9     5647    5648    5649    5746    5843    5842    5841
                   5744    5745
     676  2  9     5649    5650    5651    5748    5845    5844    5843
                   5746    5747
     677  2  9     5651    5652    5653    5750    5847    5846    5845
                   5748    5749
     678  2  9     5653    5654    5655    5752    5849    5848    5847
                   5750    5751
     679  2  9     5655    5656    5657    5754    5851    5850    5849
                   5752    5753
     680  2  9     5657    5658    5659    5756    5853    5852    5851
                   5754    5755
     681  2  9     5659    5660    5661    5758    5855    5854    5853
                   5756    5757
     682  2  9     5661    5662    5663    5760    5857    5856    5855
                   5758    5759
     683  2  9     5663    5664    5665    5762    5859    5858    5857
                   5760    5761
     684  2  9     5665    5666    5667    5764    5861    5860    5859
                   5762    5763
     685  2  9     5667    5668    5669    5766    5863    5862    5861
                   5764    5765
     686  2  9     5669    5670    5671    5768    5865    5864    5863
                   5766    5767
     687  2  9     5671    5672    5673    5770    5867    5866    5865
                   5768    5769
     688  2  9     5673    5674    5675    5772    5869    5868    5867
                   5770    5771
     689  2  9     5675    5676    5677    5774    5871    5870    5869
                   5772    5773
     690  2  9     5677    5678    5679    5776    5873    5872    5871
                   5774    5775
     691  2  9     5679    5680    5681    5778    5875    5874    5873
                   5776    5777
     692  2  9     5681    5682    5683    5780    5877    5876    5875
                   5778    5779
     693  2  9     5683    5684    5685    5782    5879    5878    5877
                   5780    5781
     694  2  9     5685    5686    5687    5784    5881    5880    5879
                   5782    5783
     695  2  9     5687    5688    5689    5786    5883    5882    5881
                   5784    5785
     696  2  9     5689    5690    5691    5788    5885    5884    5883
                   5786    5787
     697  2  9     5691    5692    5693    5790    5887    5886    5885
                   5788    5789
     698  2  9     5693    5694    5695    5792    5889    5888    5887
                   5790    5791
     699  2  9     5695    5696    5697    5794    5891    5890    5889
                   5792    5793
     700  2  9     5697    5698    5699    5796    5893    5892    5891
                   5794    5795
     701  2  9     5699    5700    5701    5798    5895    5894    5893
                   5796    5797
     702  2  9     5701    5702    5703    5800    5897    5896    5895
                   5798    5799
     703  2  9     5703    5704    5705    5802    5899    5898    5897
                   5800    5801
     704  2  9     5705    5706    5707    5804    5901    5900    5899
                   5802    5803
     705  2  9     5837    5838    5839    5936    6033    6032    6031
                   5934    5935
     706  2  9     5839    5840    5841    5938    6035    6034    6033
                   5936    5937
     707  2  9     5841    5842    5843    5940    6037    6036    6035
                   5938    5939
     708  2  9     5843    5844    5845    5942    6039    6038    6037
                   5940    5941
     709  2  9     5845    5846    5847    5944    6041    6040    6039
                   5942    5943
     710  2  9     5847    5848    5849    5946    6043    6042    6041
                   5944    5945
     711  2  9     5849    5850    5851    5948    6045    6044    6043
                   5946    5947
     712  2  9     5851    5852    5853    5950    6047    6046    6045
                   5948    5949
     713  2  9     5853    5854    5855    5952    6049    6048    6047
                   5950    5951
     714  2  9     5855    5856    5857    5954    6051    6050    6049
                   5952    5953
     715  2  9     5857    5858    5859    5956    6053    6052    6051
                   5954    5955
     716  2  9     5859    5860    5861    5958    6055    6054    6053
                   5956    5957
     717  2  9     5861    5862    5863    5960    6057    6056    6055
                   5958    5959
     718  2  9     5863    5864    5865    5962    6059    6058    6057
                   5960    5961
     719  2  9     5865    5866    5867    5964    6061    6060    6059
                   5962    5963
     720  2  9     5867    5868    5869    5966    6063    6062    6061
                   5964    5965
     721  2  9     5869    5870    5871    5968    6065    6064    6063
                   5966    5967
     722  2  9     5871    5872    5873    5970    6067    6066    6065
                   5968    5969
     723  2  9     5873    5874    5875    5972    6069    6068    6067
                   5970    5971
     724  2  9     5875    5876    5877    5974    6071    6070    6069
                   5972    5973
     725  2  9     5877    5878    5879    5976    6073    6072    6071
                   5974    5975
     726  2  9     5879    5880    5881    5978    6075    6074    6073
                   5976    5977
     727  2  9     5881    5882    5883    5980    6077    6076    6075
                   5978    5979
     728  2  9     5883    5884    5885    5982    6079    6078    6077
                   5980    5981
     729  2  9     5885    5886    5887    5984    6081    6080    6079
                   5982    5983
     730  2  9     5887    5888    5889    5986    6083    6082    6081
                   5984    5985
     731  2  9     5889    5890    5891    5988    6085    6084    6083
                   5986    5987
     732  2  9     5891    5892    5893    5990    6087    6086    6085
                   5988    5989
     733  2  9     5893    5894    5895    5992    6089    6088    6087
                   5990    5991
     734  2  9     5895    5896    5897    5994    6091    6090    6089
                   5992    5993
     735  2  9     5897    5898    5899    5996    6093    6092    6091
                   5994    5995
     736  2  9     5899    5900    5901    5998    6095    6094    6093
                   5996    5997
     737  2  9     6031    6032    6033    6130    6227    6226    6225
                   6128    6129
     738  2  9     6033    6034    6035    6132    6229    6228    6227
                   6130    6131
     739  2  9     6035    6036    6037    6134    6231    6230    6229
                   6132    6133
     740  2  9     6037    6038    6039    6136    6233    6232    6231
                   6134    6135
     741  2  9     6039    6040    6041    6138    6235    6234    6233
                   6136    6137
     742  2  9     6041    6042    6043    6140    6237    6236    6235
                   6138    6139
     743  2  9     6043    6044    6045    6142    6239    6238    6237
                   6140    6141
     744  2  9     6045    6046    6047    6144    6241    6240    6239
                   6142    6143
     745  2  9     6047    6048    6049    6146    6243    6242    6241
                   6144    6145
     746  2  9     6049    6050    6051    6148    6245    6244    6243
                   6146    6147
     747  2  9     6051    6052    6053    6150    6247    6246    6245
                   6148    6149
     748  2  9     6053    6054    6055    6152    6249    6248    6247
                   6150    6151
     749  2  9     6055    6056    6057    6154    6251    6250    6249
                   6152    6153
     750  2  9     6057    6058    6059    6156    6253    6252    6251
                   6154    6155
     751  2  9     6059    6060    6061    6158    6255    6254    6253
                   6156    6157
     752  2  9     6061    6062    6063    6160    6257    6256    6255
                   6158    6159
     753  2  9     6063    6064    6065    6162    6259    6258    6257
                   6160    6161
     754  2  9     6065    6066    6067    6164    6261    6260    6259
                   6162    6163
     755  2  9     6067    6068    6069    6166    6263    6262    6261
                   6164    6165
     756  2  9     6069    6070    6071    6168    6265    6264    6263
                   6166    6167
     757  2  9     6071    6072    6073    6170    6267    6266    6265
                   6168    6169
     758  2  9     6073    6074    6075    6172    6269    6268    6267
                   6170    6171
     759  2  9     6075    6076    6077    6174    6271    6270    6269
                   6172    6173
     760  2  9     6077    6078    6079    6176    6273    6272    6271
                   6174    6175
     761  2  9     6079    6080    6081    6178    6275    6274    6273
                   6176    6177
     762  2  9     6081    6082    6083    6180    6277    6276    6275
                   6178    6179
     763  2  9     6083    6084    6085    6182    6279    6278    6277
                   6180    6181
     764  2  9     6085    6086    6087    6184    6281    6280    6279
                   6182    6183
     765  2  9     6087    6088    6089    6186    6283    6282    6281
                   6184    6185
     766  2  9     6089    6090    6091    6188    6285    6284    6283
                   6186    6187
     767  2  9     6091    6092    6093    6190    6287    6286    6285
                   6188    6189
     768  2  9     6093    6094    6095    6192    6289    6288    6287
                   6190    6191
     769  2  9     6225    6226    6227    6324    6421    6420    6419
                   6322    6323
     770  2  9     6227    6228    6229    6326    6423    6422    6421
                   6324    6325
     771  2  9     6229    6230    6231    6328    6425    6424    6423
                   6326    6327
     772  2  9     6231    6232    6233    6330    6427    6426    6425
                   6328    6329
     773  2  9     6233    6234    6235    6332    6429    6428    6427
                   6330    6331
     774  2  9     6235    6236    6237    6334    6431    6430    6429
                   6332    6333
     775  2  9     6237    6238    6239    6336    6433    6432    6431
                   6334    6335
     776  2  9     6239    6240    6241    6338    6435    6434    6433
                   6336    6337
     777  2  9     6241    6242    6243    6340    6437    6436    6435
                   6338    6339
     778  2  9     6243    6244    6245    6342    6439    6438    6437
                   6340    6341
     779  2  9     6245    6246    6247    6344    6441    6440    6439
                   6342    6343
     780  2  9     6247    6248    6249    6346    6443    6442    6441
                   6344    6345
     781  2  9     6249    6250    6251    6348    6445    6444    6443
                   6346    6347
     782  2  9     6251    6252    6253    6350    6447    6446    6445
                   6348    6349
     783  2  9     6253    6254    6255    6352    6449    6448    6447
                   6350    6351
     784  2  9     6255    6256    6257    6354    6451    6450    6449
                   6352    6353
     785  2  9     6257    6258    6259    6356    6453    6452    6451
                   6354    6355
     786  2  9     6259    6260    6261    6358    6455    6454    6453
                   6356    6357
     787  2  9     6261    6262    6263    6360    6457    6456    6455
                   6358    6359
     788  2  9     6263    6264    6265    6362    6459    6458    6457
                   6360    6361
     789  2  9     6265    6266    6267    6364    6461    6460    6459
                   6362    6363
     790  2  9     6267    6268    6269    6366    6463    6462    6461
                   6364    6365
     791  2  9     6269    6270    6271    6368    6465    6464    6463
                   6366    6367
     792  2  9     6271    6272    6273    6370    6467    6466    6465
                   6368    6369
     793  2  9     6273    6274    6275    6372    6469    6468    6467
                   6370    6371
     794  2  9     6275    6276    6277    6374    6471    6470    6469
                   6372    6373
     795  2  9     6277    6278    6279    6376    6473    6472    6471
                   6374    6375
     796  2  9     6279    6280    6281    6378    6475    6474    6473
                   6376    6377
     797  2  9     6281    6282    6283    6380    6477    6476    6475
                   6378    6379
     798  2  9     6283    6284    6285    6382    6479    6478    6477
                   6380    6381
     799  2  9     6285    6286    6287    6384    6481    6480    6479
                   6382    6383
     800  2  9     6287    6288    6289    6386    6483    6482    6481
                   6384    6385
     801  2  9     6419    6420    6421    6518    6615    6614    6613
                   6516    6517
     802  2  9     6421    6422    6423    6520    6617    6616    6615
                   6518    6519
     803  2  9     6423    6424    6425    6522    6619    6618    6617
                   6520    6521
     804  2  9     6425    6426    6427    6524    6621    6620    6619
                   6522    6523
     805  2  9     6427    6428    6429    6526    6623    6622    6621
                   6524    6525
     806  2  9     6429    6430    6431    6528    6625    6624    6623
                   6526    6527
     807  2  9     6431    6432    6433    6530    6627    6626    6625
                   6528    6529
     808  2  9     6433    6434    6435    6532    6629    6628    6627
                   6530    6531
     809  2  9     6435    6436    6437    6534    6631    6630    6629
                   6532    6533
     810  2  9     6437    6438    6439    6536    6633    6632    6631
                   6534    6535
     811  2  9     6439    6440    6441    6538    6635    6634    6633
                   6536    6537
     812  2  9     6441    6442    6443    6540    6637    6636    6635
                   6538    6539
     813  2  9     6443    6444    6445    6542    6639    6638    6637
                   6540    6541
     814  2  9     6445    6446    6447    6544    6641    6640    6639
                   6542    6543
     815  2  9     6447    6448    6449    6546    6643    6642    6641
                   6544    6545
     816  2  9     6449    6450    6451    6548    6645    6644    6643
                   6546    6547
     817  2  9     6451    6452    6453    6550    6647    6646    6645
                   6548    6549
     818  2  9     6453    6454    6455    6552    6649    6648    6647
                   6550    6551
     819  2  9     6455    6456    6457    6554    6651    6650    6649
                   6552    6553
     820  2  9     6457    6458    6459    6556    6653    6652    6651
                   6554    6555
     821  2  9     6459    6460    6461    6558    6655    6654    6653
                   6556    6557
     822  2  9     6461    6462    6463    6560    6657    6656    6655
                   6558    6559
     823  2  9     6463    6464    6465    6562    6659    6658    6657
                   6560    6561
     824  2  9     6465    6466    6467    6564    6661    6660    6659
                   6562    6563
     825  2  9     6467    6468    6469    6566    6663    6662    6661
                   6564    6565
     826  2  9     6469    6470    6471    6568    6665    6664    6663
                   6566    6567
     827  2  9     6471    6472    6473    6570    6667    6666    6665
                   6568    6569
     828  2  9     6473    6474    6475    6572    6669    6668    6667
                   6570    6571
     829  2  9     6475    6476    6477    6574    6671    6670    6669
                   6572    6573
     830  2  9     6477    6478    6479    6576    6673    6672    6671
                   6574    6575
     831  2  9     6479    6480    6481    6578    6675    6674    6673
                   6576    6577
     832  2  9     6481    6482    6483    6580    6677    6676    6675
                   6578    6579
     833  2  9     6613    6614    6615    6712    6809    6808    6807
                   6710    6711
     834  2  9     6615    6616    6617    6714    6811    6810    6809
                   6712    6713
     835  2  9     6617    6618    6619    6716    6813    6812    6811
                   6714    6715
     836  2  9     6619    6620    6621    6718    6815    6814    6813
                   6716    6717
     837  2  9     6621    6622    6623    6720    6817    6816    6815
                   6718    6719
     838  2  9     6623    6624    6625    6722    6819    6818    6817
                   6720    6721
     839  2  9     6625    6626    6627    6724    6821    6820    6819
                   6722    6723
     840  2  9     6627    6628    6629    6726    6823    6822    6821
                   6724    6725
     841  2  9     6629    6630    6631    6728    6825    6824    6823
                   6726    6727
     842  2  9     6631    6632    6633    6730    6827    6826    6825
                   6728    6729
     843  2  9     6633    6634    6635    6732    6829    6828    6827
                   6730    6731
     844  2  9     6635    6636    6637    6734    6831    6830    6829
                   6732    6733
     845  2  9     6637    6638    6639    6736    6833    6832    6831
                   6734    6735
     846  2  9     6639    6640    6641    6738    6835    6834    6833
                   6736    6737
     847  2  9     6641    6642    6643    6740    6837    6836    6835
                   6738    6739
     848  2  9     6643    6644    6645    6742    6839    6838    6837
                   6740    6741
     849  2  9     6645    6646    6647    6744    6841    6840    6839
                   6742    6743
     850  2  9     6647    6648    6649    6746    6843    6842    6841
                   6744    6745
     851  2  9     6649    6650    6651    6748    6845    6844    6843
                   6746    6747
     852  2  9     6651    6652    6653    6750    6847    6846    6845
                   6748    6749
     853  2  9     6653    6654    6655    6752    6849    6848    6847
                   6750    6751
     854  2  9     6655    6656    6657    6754    6851    6850    6849
                   6752    6753
     855  2  9     6657    6658    6659    6756    6853    6852    6851
                   6754    6755
     856  2  9     6659    6660    6661    6758    6855    6854    6853
                   6756    6757
     857  2  9     6661    6662    6663    6760    6857    6856    6855
                   6758    6759
     858  2  9     6663    6664    6665    6762    6859    6858    6857
                   6760    6761
     859  2  9     6665    6666    6667    6764    6861    6860    6859
                   6762    6763
     860  2  9     6667    6668    6669    6766    6863    6862    6861
                   6764    6765
     861  2  9     6669    6670    6671    6768    6865    6864    6863
                   6766    6767
     862  2  9     6671    6672    6673    6770    6867    6866    6865
                   6768    6769
     863  2  9     6673    6674    6675    6772    6869    6868    6867
                   6770    6771
     864  2  9     6675    6676    6677    6774    6871    6870    6869
                   6772    6773
     865  2  9     6807    6808    6809    6906    7003    7002    7001
                   6904    6905
     866  2  9     6809    6810    6811    6908    7005    7004    7003
                   6906    6907
     867  2  9     6811    6812    6813    6910    7007    7006    7005
                   6908    6909
     868  2  9     6813    6814    6815    6912    7009    7008    7007
                   6910    6911
     869  2  9     6815    6816    6817    6914    7011    7010    7009
                   6912    6913
     870  2  9     6817    6818    6819    6916    7013    7012    7011
                   6914    6915
     871  2  9     6819    6820    6821    6918    7015    7014    7013
                   6916    6917
     872  2  9     6821    6822    6823    6920    7017    7016    7015
                   6918    6919
     873  2  9     6823    6824    6825    6922    7019    7018    7017
                   6920    6921
     874  2  9     6825    6826    6827    6924    7021    7020    7019
                   6922    6923
     875  2  9     6827    6828    6829    6926    7023    7022    7021
                   6924    6925
     876  2  9     6829    6830    6831    6928    7025    7024    7023
                   6926    6927
     877  2  9     6831    6832    6833    6930    7027    7026    7025
                   6928    6929
     878  2  9     6833    6834    6835    6932    7029    7028    7027
                   6930    6931
     879  2  9     6835    6836    6837    6934    7031    7030    7029
                   6932    6933
     880  2  9     6837    6838    6839    6936    7033    7032    7031
                   6934    6935
     881  2  9     6839    6840    6841    6938    7035    7034    7033
                   6936    6937
     882  2  9     6841    6842    6843    6940    7037    7036    7035
                   6938    6939
     883  2  9     6843    6844    6845    6942    7039    7038    7037
                   6940    6941
     884  2  9     6845    6846    6847    6944    7041    7040    7039
                   6942    6943
     885  2  9     6847    6848    6849    6946    7043    7042    7041
                   6944    6945
     886  2  9     6849    6850    6851    6948    7045    7044    7043
                   6946    6947
     887  2  9     6851    6852    6853    6950    7047    7046    7045
                   6948    6949
     888  2  9     6853    6854    6855    6952    7049    7048    7047
                   6950    6951
     889  2  9     6855    6856    6857    6954    7051    7050    7049
                   6952    6953
     890  2  9     6857    6858    6859    6956    7053    7052    7051
                   6954    6955
     891  2  9     6859    6860    6861    6958    7055    7054    7053
                   6956    6957
     892  2  9     6861    6862    6863    6960    7057    7056    7055
                   6958    6959
     893  2  9     6863    6864    6865    6962    7059    7058    7057
                   6960    6961
     894  2  9     6865    6866    6867    6964    7061    7060    7059
                   6962    6963
     895  2  9     6867    6868    6869    6966    7063    7062    7061
                   6964    6965
     896  2  9     6869    6870    6871    6968    7065    7064    7063
                   6966    6967
     897  2  9     7001    7002    7003    7100    7197    7196    7195
                   7098    7099
     898  2  9     7003    7004    7005    7102    7199    7198    7197
                   7100    7101
     899  2  9     7005    7006    7007    7104    7201    7200    7199
                   7102    7103
     900  2  9     7007    7008    7009    7106    7203    7202    7201
                   7104    7105
     901  2  9     7009    7010    7011    7108    7205    7204    7203
                   7106    7107
     902  2  9     7011    7012    7013    7110    7207    7206    7205
                   7108    7109
     903  2  9     7013    7014    7015    7112    7209    7208    7207
                   7110    7111
     904  2  9     7015    7016    7017    7114    7211    7210    7209
                   7112    7113
     905  2  9     7017    7018    7019    7116    7213    7212    7211
                   7114    7115
     906  2  9     7019    7020    7021    7118    7215    7214    7213
                   7116    7117
     907  2  9     7021    7022    7023    7120    7217    7216    7215
                   7118    7119
     908  2  9     7023    7024    7025    7122    7219    7218    7217
                   7120    7121
     909  2  9     7025    7026    7027    7124    7221    7220    7219
                   7122    7123
     910  2  9     7027    7028    7029    7126    7223    7222    7221
                   7124    7125
     911  2  9     7029    7030    7031    7128    7225    7224    7223
                   7126    7127
     912  2  9     7031    7032    7033    7130    7227    7226    7225
                   7128    7129
     913  2  9     7033    7034    7035    7132    7229    7228    7227
                   7130    7131
     914  2  9     7035    7036    7037    7134    7231    7230    7229
                   7132    7133
     915  2  9     7037    7038    7039    7136    7233    7232    7231
                   7134    7135
     916  2  9     7039    7040    7041    7138    7235    7234    7233
                   7136    7137
     917  2  9     7041    7042    7043    7140    7237    7236    7235
                   7138    7139
     918  2  9     7043    7044    7045    7142    7239    7238    7237
                   7140    7141
     919  2  9     7045    7046    7047    7144    7241    7240    7239
                   7142    7143
     920  2  9     7047    7048    7049    7146    7243    7242    7241
                   7144    7145
     921  2  9     7049    7050    7051    7148    7245    7244    7243
                   7146    7147
     922  2  9     7051    7052    7053    7150    7247    7246    7245
                   7148    7149
     923  2  9     7053    7054    7055    7152    7249    7248    7247
                   7150    7151
     924  2  9     7055    7056    7057    7154    7251    7250    7249
                   7152    7153
     925  2  9     7057    7058    7059    7156    7253    7252    7251
                   7154    7155
     926  2  9     7059    7060    7061    7158    7255    7254    7253
                   7156    7157
     927  2  9     7061    7062    7063    7160    7257    7256    7255
                   7158    7159
     928  2  9     7063    7064    7065    7162    7259    7258    7257
                   7160    7161
     929  2  9     7195    7196    7197    7294    7391    7390    7389
                   7292    7293
     930  2  9     7197    7198    7199    7296    7393    7392    7391
                   7294    7295
     931  2  9     7199    7200    7201    7298    7395    7394    7393
                   7296    7297
     932  2  9     7201    7202    7203    7300    7397    7396    7395
                   7298    7299
     933  2  9     7203    7204    7205    7302    7399    7398    7397
                   7300    7301
     934  2  9     7205    7206    7207    7304    7401    7400    7399
                   7302    7303
     935  2  9     7207    7208    7209    7306    7403    7402    7401
                   7304    7305
     936  2  9     7209    7210    7211    7308    7405    7404    7403
                   7306    7307
     937  2  9     7211    7212    7213    7310    7407    7406    7405
                   7308    7309
     938  2  9     7213    7214    7215    7312    7409    7408    7407
                   7310    7311
     939  2  9     7215    7216    7217    7314    7411    7410    7409
                   7312    7313
     940  2  9     7217    7218    7219    7316    7413    7412    7411
                   7314    7315
     941  2  9     7219    7220    7221    7318    7415    7414    7413
                   7316    7317
     942  2  9     7221    7222    7223    7320    7417    7416    7415
                   7318    7319
     943  2  9     7223    7224    7225    7322    7419    7418    7417
                   7320    7321
     944  2  9     7225    7226    7227    7324    7421    7420    7419
                   7322    7323
     945  2  9     7227    7228    7229    7326    7423    7422    7421
                   7324    7325
     946  2  9     7229    7230    7231    7328    7425    7424    7423
                   7326    7327
     947  2  9     7231    7232    7233    7330    7427    7426    7425
                   7328    7329
     948  2  9     7233    7234    7235    7332    7429    7428    7427
                   7330    7331
     949  2  9     7235    7236    7237    7334    7431    7430    7429
                   7332    7333
     950  2  9     7237    7238    7239    7336    7433    7432    7431
                   7334    7335
     951  2  9     7239    7240    7241    7338    7435    7434    7433
                   7336    7337
     952  2  9     7241    7242    7243    7340    7437    7436    7435
                   7338    7339
     953  2  9     7243    7244    7245    7342    7439    7438    7437
                   7340    7341
     954  2  9     7245    7246    7247    7344    7441    7440    7439
                   7342    7343
     955  2  9     7247    7248    7249    7346    7443    7442    7441
                   7344    7345
     956  2  9     7249    7250    7251    7348    7445    7444    7443
                   7346    7347
     957  2  9     7251    7252    7253    7350    7447    7446    7445
                   7348    7349
     958  2  9     7253    7254    7255    7352    7449    7448    7447
                   7350    7351
     959  2  9     7255    7256    7257    7354    7451    7450    7449
                   7352    7353
     960  2  9     7257    7258    7259    7356    7453    7452    7451
                   7354    7355
     961  2  9     7389    7390    7391    7488    7585    7584    7583
                   7486    7487
     962  2  9     7391    7392    7393    7490    7587    7586    7585
                   7488    7489
     963  2  9     7393    7394    7395    7492    7589    7588    7587
                   7490    7491
     964  2  9     7395    7396    7397    7494    7591    7590    7589
                   7492    7493
     965  2  9     7397    7398    7399    7496    7593    7592    7591
                   7494    7495
     966  2  9     7399    7400    7401    7498    7595    7594    7593
                   7496    7497
     967  2  9     7401    7402    7403    7500    7597    7596    7595
                   7498    7499
     968  2  9     7403    7404    7405    7502    7599    7598    7597
                   7500    7501
     969  2  9     7405    7406    7407    7504    7601    7600    7599
                   7502    7503
     970  2  9     7407    7408    7409    7506    7603    7602    7601
                   7504    7505
     971  2  9     7409    7410    7411    7508    7605    7604    7603
                   7506    7507
     972  2  9     7411    7412    7413    7510    7607    7606    7605
                   7508    7509
     973  2  9     7413    7414    7415    7512    7609    7608    7607
                   7510    7511
     974  2  9     7415    7416    7417    7514    7611    7610    7609
                   7512    7513
     975  2  9     7417    7418    7419    7516    7613    7612    7611
                   7514    7515
     976  2  9     7419    7420    7421    7518    7615    7614    7613
                   7516    7517
     977  2  9     7421    7422    7423    7520    7617    7616    7615
                   7518    7519
     978  2  9     7423    7424    7425    7522    7619    7618    7617
                   7520    7521
     979  2  9     7425    7426    7427    7524    7621    7620    7619
                   7522    7523
     980  2  9     7427    7428    7429    7526    7623    7622    7621
                   7524    7525
     981  2  9     7429    7430    7431    7528    7625    7624    7623
                   7526    7527
     982  2  9     7431    7432    7433    7530    7627    7626    7625
                   7528    7529
     983  2  9     7433    7434    7435    7532    7629    7628    7627
                   7530    7531
     984  2  9     7435    7436    7437    7534    7631    7630    7629
                   7532    7533
     985  2  9     7437    7438    7439    7536    7633    7632    7631
                   7534    7535
     986  2  9     7439    7440    7441    7538    7635    7634    7633
                   7536    7537
     987  2  9     7441    7442    7443    7540    7637    7636    7635
                   7538    7539
     988  2  9     7443    7444    7445    7542    7639    7638    7637
                   7540    7541
     989  2  9     7445    7446    7447    7544    7641    7640    7639
                   7542    7543
     990  2  9     7447    7448    7449    7546    7643    7642    7641
                   7544    7545
     991  2  9     7449    7450    7451    7548    7645    7644    7643
                   7546    7547
     992  2  9     7451    7452    7453    7550    7647    7646    7645
                   7548    7549
     993  2  9     7583    7584    7585    7682    7779    7778    7777
                   7680    7681
     994  2  9     7585    7586    7587    7684    7781    7780    7779
                   7682    7683
     995  2  9     7587    7588    7589    7686    7783    7782    7781
                   7684    7685
     996  2  9     7589    7590    7591    7688    7785    7784    7783
                   7686    7687
     997  2  9     7591    7592    7593    7690    7787    7786    7785
                   7688    7689
     998  2  9     7593    7594    7595    7692    7789    7788    7787
                   7690    7691
     999  2  9     7595    7596    7597    7694    7791    7790    7789
                   7692    7693
    1000  2  9     7597    7598    7599    7696    7793    7792    7791
                   7694    7695
    1001  2  9     7599    7600    7601    7698    7795    7794    7793
                   7696    7697
    1002  2  9     7601    7602    7603    7700    7797    7796    7795
                   7698    7699
    1003  2  9     7603    7604    7605    7702    7799    7798    7797
                   7700    7701
    1004  2  9     7605    7606    7607    7704    7801    7800    7799
                   7702    7703
    1005  2  9     7607    7608    7609    7706    7803    7802    7801
                   7704    7705
    1006  2  9     7609    7610    7611    7708    7805    7804    7803
                   7706    7707
    1007  2  9     7611    7612    7613    7710    7807    7806    7805
                   7708    7709
    1008  2  9     7613    7614    7615    7712    7809    7808    7807
                   7710    7711
    1009  2  9     7615    7616    7617    7714    7811    7810    7809
                   7712    7713
    1010  2  9     7617    7618    7619    7716    7813    7812    7811
                   7714    7715
    1011  2  9     7619    7620    7621    7718    7815    7814    7813
                   7716    7717
    1012  2  9     7621    7622    7623    7720    7817    7816    7815
                   7718    7719
    1013  2  9     7623    7624    7625    7722    7819    7818    7817
                   7720    7721
    1014  2  9     7625    7626    7627    7724    7821    7820    7819
                   7722    7723
    1015  2  9     7627    7628    7629    7726    7823    7822    7821
                   7724    7725
    1016  2  9     7629    7630    7631    7728    7825    7824    7823
                   7726    7727
    1017  2  9     7631    7632    7633    7730    7827    7826    7825
                   7728    7729
    1018  2  9     7633    7634    7635    7732    7829    7828    7827
                   7730    7731
    1019  2  9     7635    7636    7637    7734    7831    7830    7829
                   7732    7733
    1020  2  9     7637    7638    7639    7736    7833    7832    7831
                   7734    7735
    1021  2  9     7639    7640    7641    7738    7835    7834    7833
                   7736    7737
    1022  2  9     7641    7642    7643    7740    7837    7836    7835
                   7738    7739
    1023  2  9     7643    7644    7645    7742    7839    7838    7837
                   7740    7741
    1024  2  9     7645    7646    7647    7744    7841    7840    7839
                   7742    7743
    1025  2  9        1       2       3     100     197     196     195
                     98      99
    1026  2  9        3       4       5     102     199     198     197
                    100     101
    1027  2  9        5       6       7     104     201     200     199
                    102     103
    1028  2  9        7       8       9     106     203     202     201
                    104     105
    1029  2  9        9      10      11     108     205     204     203
                    106     107
    1030  2  9       11      12      13     110     207     206     205
                    108     109
    1031  2  9       13      14      15     112     209     208     207
                    110     111
    1032  2  9       15      16      17     114     211     210     209
                    112     113
    1033  2  9       17      18      19     116     213     212     211
                    114     115
    1034  2  9       19      20      21     118     215     214     213
                    116     117
    1035  2  9       21      22      23     120     217     216     215
                    118     119
    1036  2  9       23      24      25     122     219     218     217
                    120     121
    1037  2  9       25      26      27     124     221     220     219
                    122     123
    1038  2  9       27      28      29     126     223     222     221
                    124     125
    1039  2  9       29      30      31     128     225     224     223
                    126     127
    1040  2  9       31      32      33     130     227     226     225
                    128     129
    1041  2  9       33      34      35     132     229     228     227
                    130     131
    1042  2  9       35      36      37     134     231     230     229
                    132     133
    1043  2  9       37      38      39     136     233     232     231
                    134     135
    1044  2  9       39      40      41     138     235     234     233
                    136     137
    1045  2  9       41      42      43     140     237     236     235
                    138     139
    1046  2  9       43      44      45     142     239     238     237
                    140     141
    1047  2  9       45      46      47     144     241     240     239
                    142     143
    1048  2  9       47      48      49     146     243     242     241
                    144     145
    1049  2  9       49      50      51     148     245     244     243
                    146     147
    1050  2  9       51      52      53     150     247     246     245
                    148     149
    1051  2  9       53      54      55     152     249     248     247
                    150     151
    1052  2  9       55      56      57     154     251     250     249
                    152     153
    1053  2  9       57      58      59     156     253     252     251
                    154     155
    1054  2  9       59      60      61     158     255     254     253
                    156     157
    1055  2  9       61      62      63     160     257     256     255
                    158     159
    1056  2  9       63      64      65     162     259     258     257
                    160     161
    1057  2  9       65      66      67     164     261     260     259
                    162     163
    1058  2  9       67      68      69     166     263     262     261
                    164     165
    1059  2  9       69      70      71     168     265     264     263
                    166     167
    1060  2  9       71      72      73     170     267     266     265
                    168     169
    1061  2  9       73      74      75     172     269     268     267
                    170     171
    1062  2  9       75      76      77     174     271     270     269
                    172     173
    1063  2  9       77      78      79     176     273     272     271
                    174     175
    1064  2  9       79      80      81     178     275     274     273
                    176     177
    1065  2  9       81      82      83     180     277     276     275
                    178     179
    1066  2  9       83      84      85     182     279     278     277
                    180     181
    1067  2  9       85      86      87     184     281     280     279
                    182     183
    1068  2  9       87      88      89     186     283     282     281
                    184     185
    1069  2  9       89      90      91     188     285     284     283
                    186     187
    1070  2  9       91      92      93     190     287     286     285
                    188     189
    1071  2  9       93      94      95     192     289     288     287
                    190     191
    1072  2  9       95      96      97     194     291     290     289
                    192     193
    1073  2  9      195     196     197     294     391     390     389
                    292     293
    1074  2  9      197     198     199     296     393     392     391
                    294     295
    1075  2  9      199     200     201     298     395     394     393
                    296     297
    1076  2  9      201     202     203     300     397     396     395
                    298     299
    1077  2  9      203     204     205     302     399     398     397
                    300     301
    1078  2  9      205     206     207     304     401     400     399
                    302     303
    1079  2  9      207     208     209     306     403     402     401
                    304     305
    1080  2  9      209     210     211     308     405     404     403
                    306     307
    1081  2  9      211     212     213     310     407     406     405
                    308     309
    1082  2  9      213     214     215     312     409     408     407
                    310     311
    1083  2  9      215     216     217     314     411     410     409
                    312     313
    1084  2  9      217     218     219     316     413     412     411
                    314     315
    1085  2  9      219     220     221     318     415     414     413
                    316     317
    1086  2  9      221     222     223     320     417     416     415
                    318     319
    1087  2  9      223     224     225     322     419     418     417
                    320     321
    1088  2  9      225     226     227     324     421     420     419
                    322     323
    1089  2  9      227     228     229     326     423     422     421
                    324     325
    1090  2  9      229     230     231     328     425     424     423
                    326     327
    1091  2  9      231     232     233     330     427     426     425
                    328     329
    1092  2  9      233     234     235     332     429     428     427
                    330     331
    1093  2  9      235     236     237     334     431     430     429
                    332     333
    1094  2  9      237     238     239     336     433     432     431
                    334     335
    1095  2  9      239     240     241     338     435     434     433
                    336     337
    1096  2  9      241     242     243     340     437     436     435
                    338     339
    1097  2  9      243     244     245     342     439     438     437
                    340     341
    1098  2  9      245     246     247     344     441     440     439
                    342     343
    1099  2  9      247     248     249     346     443     442     441
                    344     345
    1100  2  9      249     250     251     348     445     444     443
                    346     347
    1101  2  9      251     252     253     350     447     446     445
                    348     349
    1102  2  9      253     254     255     352     449     448     447
                    350     351
    1103  2  9      255     256     257     354     451     450     449
                    352     353
    1104  2  9      257     258     259     356     453     452     451
                    354     355
    1105  2  9      259     260     261     358     455     454     453
                    356     357
    1106  2  9      261     262     263     360     457     456     455
                    358     359
    1107  2  9      263     264     265     362     459     458     457
                    360     361
    1108  2  9      265     266     267     364     461     460     459
                    362     363
    1109  2  9      267     268     269     366     463     462     461
                    364     365
    1110  2  9      269     270     271     368     465     464     463
                    366     367
    1111  2  9      271     272     273     370     467     466     465
                    368     369
    1112  2  9      273     274     275     372     469     468     467
                    370     371
    1113  2  9      275     276     277     374     471     470     469
                    372     373
    1114  2  9      277     278     279     376     473     472     471
                    374     375
    1115  2  9      279     280     281     378     475     474     473
                    376     377
    1116  2  9      281     282     283     380     477     476     475
                    378     379
    1117  2  9      283     284     285     382     479     478     477
                    380     381
    1118  2  9      285     286     287     384     481     480     479
                    382     383
    1119  2  9      287     288     289     386     483     482     481
                    384     385
    1120  2  9      289     290     291     388     485     484     483
                    386     387
    1121  2  9      389     390     391     488     585     584     583
                    486     487
    1122  2  9      391     392     393     490     587     586     585
                    488     489
    1123  2  9      393     394     395     492     589     588     587
                    490     491
    1124  2  9      395     396     397     494     591     590     589
                    492     493
    1125  2  9      397     398     399     496     593     592     591
                    494     495
    1126  2  9      399     400     401     498     595     594     593
                    496     497
    1127  2  9      401     402     403     500     597     596     595
                    498     499
    1128  2  9      403     404     405     502     599     598     597
                    500     501
    1129  2  9      405     406     407     504     601     600     599
                    502     503
    1130  2  9      407     408     409     506     603     602     601
                    504     505
    1131  2  9      409     410     411     508     605     604     603
                    506     507
    1132  2  9      411     412     413     510     607     606     605
                    508     509
    1133  2  9      413     414     415     512     609     608     607
                    510     511
    1134  2  9      415     416     417     514     611     610     609
                    512     513
    1135  2  9      417     418     419     516     613     612     611
                    514     515
    1136  2  9      419     420     421     518     615     614     613
                    516     517
    1137  2  9      421     422     423     520     617     616     615
                    518     519
    1138  2  9      423     424     425     522     619     618     617
                    520     521
    1139  2  9      425     426     427     524     621     620     619
                    522     523
    1140  2  9      427     428     429     526     623     622     621
                    524     525
    1141  2  9      429     430     431     528     625     624     623
                    526     527
    1142  2  9      431     432     433     530     627     626     625
                    528     529
    1143  2  9      433     434     435     532     629     628     627
                    530     531
    1144  2  9      435     436     437     534     631     630     629
                    532     533
    1145  2  9      437     438     439     536     633     632     631
                    534     535
    1146  2  9      439     440     441     538     635     634     633
                    536     537
    1147  2  9      441     442     443     540     637     636     635
                    538     539
    1148  2  9      443     444     445     542     639     638     637
                    540     541
    1149  2  9      445     446     447     544     641     640     639
                    542     543
    1150  2  9      447     448     449     546     643     642     641
                    544     545
    1151  2  9      449     450     451     548     645     644     643
                    546     547
    1152  2  9      451     452     453     550     647     646     645
                    548     549
    1153  2  9      453     454     455     552     649     648     647
                    550     551
    1154  2  9      455     456     457     554     651     650     649
                    552     553
    1155  2  9      457     458     459     556     653     652     651
                    554     555
    1156  2  9      459     460     461     558     655     654     653
                    556     557
    1157  2  9      461     462     463     560     657     656     655
                    558     559
    1158  2  9      463     464     465     562     659     658     657
                    560     561
    1159  2  9      465     466     467     564     661     660     659
                    562     563
    1160  2  9      467     468     469     566     663     662     661
                    564     565
    1161  2  9      469     470     471     568     665     664     663
                    566     567
    1162  2  9      471     472     473     570     667     666     665
                    568     569
    1163  2  9      473     474     475     572     669     668     667
                    570     571
    1164  2  9      475     476     477     574     671     670     669
                    572     573
    1165  2  9      477     478     479     576     673     672     671
                    574     575
    1166  2  9      479     480     481     578     675     674     673
                    576     577
    1167  2  9      481     482     483     580     677     676     675
                    578     579
    1168  2  9      483     484     485     582     679     678     677
                    580     581
    1169  2  9      583     584     585     682     779     778     777
                    680     681
    1170  2  9      585     586     587     684     781     780     779
                    682     683
    1171  2  9      587     588     589     686     783     782     781
                    684     685
    1172  2  9      589     590     591     688     785     784     783
                    686     687
    1173  2  9      591     592     593     690     787     786     785
                    688     689
    1174  2  9      593     594     595     692     789     788     787
                    690     691
    1175  2  9      595     596     597     694     791     790     789
                    692     693
    1176  2  9      597     598     599     696     793     792     791
                    694     695
    1177  2  9      599     600     601     698     795     794     793
                    696     697
    1178  2  9      601     602     603     700     797     796     795
                    698     699
    1179  2  9      603     604     605     702     799     798     797
                    700     701
    1180  2  9      605     606     607     704     801     800     799
                    702     703
    1181  2  9      607     608     609     706     803     802     801
                    704     705
    1182  2  9      609     610     611     708     805     804     803
                    706     707
    1183  2  9      611     612     613     710     807     806     805
                    708     709
    1184  2  9      613     614     615     712     809     808     807
                    710     711
    1185  2  9      615     616     617     714     811     810     809
                    712     713
    1186  2  9      617     618     619     716     813     812     811
                    714     715
    1187  2  9      619     620     621     718     815     814     813
                    716     717
    1188  2  9      621     622     623     720     817     816     815
                    718     719
    1189  2  9      623     624     625     722     819     818     817
                    720     721
    1190  2  9      625     626     627     724     821     820     819
                    722     723
    1191  2  9      627     628     629     726     823     822     821
                    724     725
    1192  2  9      629     630     631     728     825     824     823
                    726     727
    1193  2  9      631     632     633     730     827     826     825
                    728     729
    1194  2  9      633     634     635     732     829     828     827
                    730     731
    1195  2  9      635     636     637     734     831     830     829
                    732     733
    1196  2  9      637     638     639     736     833     832     831
                    734     735
    1197  2  9      639     640     641     738     835     834     833
                    736     737
    1198  2  9      641     642     643     740     837     836     835
                    738     739
    1199  2  9      643     644     645     742     839     838     837
                    740     741
    1200  2  9      645     646     647     744     841     840     839
                    742     743
    1201  2  9      647     648     649     746     843     842     841
                    744     745
    1202  2  9      649     650     651     748     845     844     843
                    746     747
    1203  2  9      651     652     653     750     847     846     845
                    748     749
    1204  2  9      653     654     655     752     849     848     847
                    750     751
    1205  2  9      655     656     657     754     851     850     849
                    752     753
    1206  2  9      657     658     659     756     853     852     851
                    754     755
    1207  2  9      659     660     661     758     855     854     853
                    756     757
    1208  2  9      661     662     663     760     857     856     855
                    758     759
    1209  2  9      663     664     665     762     859     858     857
                    760     761
    1210  2  9      665     666     667     764     861     860     859
                    762     763
    1211  2  9      667     668     669     766     863     862     861
                    764     765
    1212  2  9      669     670     671     768     865     864     863
                    766     767
    1213  2  9      671     672     673     770     867     866     865
                    768     769
    1214  2  9      673     674     675     772     869     868     867
                    770     771
    1215  2  9      675     676     677     774     871     870     869
                    772     773
    1216  2  9      677     678     679     776     873     872     871
                    774     775
    1217  2  9      777     778     779     876     973     972     971
                    874     875
    1218  2  9      779     780     781     878     975     974     973
                    876     877
    1219  2  9      781     782     783     880     977     976     975
                    878     879
    1220  2  9      783     784     785     882     979     978     977
                    880     881
    1221  2  9      785     786     787     884     981     980     979
                    882     883
    1222  2  9      787     788     789     886     983     982     981
                    884     885
    1223  2  9      789     790     791     888     985     984     983
                    886     887
    1224  2  9      791     792     793     890     987     986     985
                    888     889
    1225  2  9      793     794     795     892     989     988     987
                    890     891
    1226  2  9      795     796     797     894     991     990     989
                    892     893
    1227  2  9      797     798     799     896     993     992     991
                    894     895
    1228  2  9      799     800     801     898     995     994     993
                    896     897
    1229  2  9      801     802     803     900     997     996     995
                    898     899
    1230  2  9      803     804     805     902     999     998     997
                    900     901
    1231  2  9      805     806     807     904    1001    1000     999
                    902     903
    1232  2  9      807     808     809     906    1003    1002    1001
                    904     905
    1233  2  9      809     810     811     908    1005    1004    1003
                    906     907
    1234  2  9      811     812     813     910    1007    1006    1005
                    908     909
    1235  2  9      813     814     815     912    1009    1008    1007
                    910     911
    1236  2  9      815     816     817     914    1011    1010    1009
                    912     913
    1237  2  9      817     818     819     916    1013    1012    1011
                    914     915
    1238  2  9      819     820     821     918    1015    1014    1013
                    916     917
    1239  2  9      821     822     823     920    1017    1016    1015
                    918     919
    1240  2  9      823     824     825     922    1019    1018    1017
                    920     921
    1241  2  9      825     826     827     924    1021    1020    1019
                    922     923
    1242  2  9      827     828     829     926    1023    1022    1021
                    924     925
    1243  2  9      829     830     831     928    1025    1024    1023
                    926     927
    1244  2  9      831     832     833     930    1027    1026    1025
                    928     929
    1245  2  9      833     834     835     932    1029    1028    1027
                    930     931
    1246  2  9      835     836     837     934    1031    1030    1029
                    932     933
    1247  2  9      837     838     839     936    1033    1032    1031
                    934     935
    1248  2  9      839     840     841     938    1035    1034    1033
                    936     937
    1249  2  9      841     842     843     940    1037    1036    1035
                    938     939
    1250  2  9      843     844     845     942    1039    1038    1037
                    940     941
    1251  2  9      845     846     847     944    1041    1040    1039
                    942     943
    1252  2  9      847     848     849     946    1043    1042    1041
                    944     945
    1253  2  9      849     850     851     948    1045    1044    1043
                    946     947
    1254  2  9      851     852     853     950    1047    1046    1045
                    948     949
    1255  2  9      853     854     855     952    1049    1048    1047
                    950     951
    1256  2  9      855     856     857     954    1051    1050    1049
                    952     953
    1257  2  9      857     858     859     956    1053    1052    1051
                    954     955
    1258  2  9      859     860     861     958    1055    1054    1053
                    956     957
    1259  2  9      861     862     863     960    1057    1056    1055
                    958     959
    1260  2  9      863     864     865     962    1059    1058    1057
                    960     961
    1261  2  9      865     866     867     964    1061    1060    1059
                    962     963
    1262  2  9      867     868     869     966    1063    1062    1061
                    964     965
    1263  2  9      869     870     871     968    1065    1064    1063
                    966     967
    1264  2  9      871     872     873     970    1067    1066    1065
                    968     969
    1265  2  9      971     972     973    1070    1167    1166    1165
                   1068    1069
    1266  2  9      973     974     975    1072    1169    1168    1167
                   1070    1071
    1267  2  9      975     976     977    1074    1171    1170    1169
                   1072    1073
    1268  2  9      977     978     979    1076    1173    1172    1171
                   1074    1075
    1269  2  9      979     980     981    1078    1175    1174    1173
                   1076    1077
    1270  2  9      981     982     983    1080    1177    1176    1175
                   1078    1079
    1271  2  9      983     984     985    1082    1179    1178    1177
                   1080    1081
    1272  2  9      985     986     987    1084    1181    1180    1179
                   1082    1083
    1273  2  9      987     988     989    1086    1183    1182    1181
                   1084    1085
    1274  2  9      989     990     991    1088    1185    1184    1183
                   1086    1087
    1275  2  9      991     992     993    1090    1187    1186    1185
                   1088    1089
    1276  2  9      993     994     995    1092    1189    1188    1187
                   1090    1091
    1277  2  9      995     996     997    1094    1191    1190    1189
                   1092    1093
    1278  2  9      997     998     999    1096    1193    1192    1191
                   1094    1095
    1279  2  9      999    1000    1001    1098    1195    1194    1193
                   1096    1097
    1280  2  9     1001    1002    1003    1100    1197    1196    1195
                   1098    1099
    1281  2  9     1003    1004    1005    1102    1199    1198    1197
                   1100    1101
    1282  2  9     1005    1006    1007    1104    1201    1200    1199
                   1102    1103
    1283  2  9     1007    1008    1009    1106    1203    1202    1201
                   1104    1105
    1284  2  9     1009    1010    1011    1108    1205    1204    1203
                   1106    1107
    1285  2  9     1011    1012    1013    1110    1207    1206    1205
                   1108    1109
    1286  2  9     1013    1014    1015    1112    1209    1208    1207
                   1110    1111
    1287  2  9     1015    1016    1017    1114    1211    1210    1209
                   1112    1113
    1288  2  9     1017    1018    1019    1116    1213    1212    1211
                   1114    1115
    1289  2  9     1019    1020    1021    1118    1215    1214    1213
                   1116    1117
    1290  2  9     1021    1022    1023    1120    1217    1216    1215
                   1118    1119
    1291  2  9     1023    1024    1025    1122    1219    1218    1217
                   1120    1121
    1292  2  9     1025    1026    1027    1124    1221    1220    1219
                   1122    1123
    1293  2  9     1027    1028    1029    1126    1223    1222    1221
                   1124    1125
    1294  2  9     1029    1030    1031    1128    1225    1224    1223
                   1126    1127
    1295  2  9     1031    1032    1033    1130    1227    1226    1225
                   1128    1129
    1296  2  9     1033    1034    1035    1132    1229    1228    1227
                   1130    1131
    1297  2  9     1035    1036    1037    1134    1231    1230    1229
                   1132    1133
    1298  2  9     1037    1038    1039    1136    1233    1232    1231
                   1134    1135
    1299  2  9     1039    1040    1041    1138    1235    1234    1233
                   1136    1137
    1300  2  9     1041    1042    1043    1140    1237    1236    1235
                   1138    1139
    1301  2  9     1043    1044    1045    1142    1239    1238    1237
                   1140    1141
    1302  2  9     1045    1046    1047    1144    1241    1240    1239
                   1142    1143
    1303  2  9     1047    1048    1049    1146    1243    1242    1241
                   1144    1145
    1304  2  9     1049    1050    1051    1148    1245    1244    1243
                   1146    1147
    1305  2  9     1051    1052    1053    1150    1247    1246    1245
                   1148    1149
    1306  2  9     1053    1054    1055    1152    1249    1248    1247
                   1150    1151
    1307  2  9     1055    1056    1057    1154    1251    1250    1249
                   1152    1153
    1308  2  9     1057    1058    1059    1156    1253    1252    1251
                   1154    1155
    1309  2  9     1059    1060    1061    1158    1255    1254    1253
                   1156    1157
    1310  2  9     1061    1062    1063    1160    1257    1256    1255
                   1158    1159
    1311  2  9     1063    1064    1065    1162    1259    1258    1257
                   1160    1161
    1312  2  9     1065    1066    1067    1164    1261    1260    1259
                   1162    1163
    1313  2  9     1165    1166    1167    1264    1361    1360    1359
                   1262    1263
    1314  2  9     1167    1168    1169    1266    1363    1362    1361
                   1264    1265
    1315  2  9     1169    1170    1171    1268    1365    1364    1363
                   1266    1267
    1316  2  9     1171    1172    1173    1270    1367    1366    1365
                   1268    1269
    1317  2  9     1173    1174    1175    1272    1369    1368    1367
                   1270    1271
    1318  2  9     1175    1176    1177    1274    1371    1370    1369
                   1272    1273
    1319  2  9     1177    1178    1179    1276    1373    1372    1371
                   1274    1275
    1320  2  9     1179    1180    1181    1278    1375    1374    1373
                   1276    1277
    1321  2  9     1181    1182    1183    1280    1377    1376    1375
                   1278    1279
    1322  2  9     1183    1184    1185    1282    1379    1378    1377
                   1280    1281
    1323  2  9     1185    1186    1187    1284    1381    1380    1379
                   1282    1283
    1324  2  9     1187    1188    1189    1286    1383    1382    1381
                   1284    1285
    1325  2  9     1189    1190    1191    1288    1385    1384    1383
                   1286    1287
    1326  2  9     1191    1192    1193    1290    1387    1386    1385
                   1288    1289
    1327  2  9     1193    1194    1195    1292    1389    1388    1387
                   1290    1291
    1328  2  9     1195    1196    1197    1294    1391    1390    1389
                   1292    1293
    1329  2  9     1197    1198    1199    1296    1393    1392    1391
                   1294    1295
    1330  2  9     1199    1200    1201    1298    1395    1394    1393
                   1296    1297
    1331  2  9     1201    1202    1203    1300    1397    1396    1395
                   1298    1299
    1332  2  9     1203    1204    1205    1302    1399    1398    1397
                   1300    1301
    1333  2  9     1205    1206    1207    1304    1401    1400    1399
                   1302    1303
    1334  2  9     1207    1208    1209    1306    1403    1402    1401
                   1304    1305
    1335  2  9     1209    1210    1211    1308    1405    1404    1403
                   1306    1307
    1336  2  9     1211    1212    1213    1310    1407    1406    1405
                   1308    1309
    1337  2  9     1213    1214    1215    1312    1409    1408    1407
                   1310    1311
    1338  2  9     1215    1216    1217    1314    1411    1410    1409
                   1312    1313
    1339  2  9     1217    1218    1219    1316    1413    1412    1411
                   1314    1315
    1340  2  9     1219    1220    1221    1318    1415    1414    1413
                   1316    1317
    1341  2  9     1221    1222    1223    1320    1417    1416    1415
                   1318    1319
    1342  2  9     1223    1224    1225    1322    1419    1418    1417
                   1320    1321
    1343  2  9     1225    1226    1227    1324    1421    1420    1419
                   1322    1323
    1344  2  9     1227    1228    1229    1326    1423    1422    1421
                   1324    1325
    1345  2  9     1229    1230    1231    1328    1425    1424    1423
                   1326    1327
    1346  2  9     1231    1232    1233    1330    1427    1426    1425
                   1328    1329
    1347  2  9     1233    1234    1235    1332    1429    1428    1427
                   1330    1331
    1348  2  9     1235    1236    1237    1334    1431    1430    1429
                   1332    1333
    1349  2  9     1237    1238    1239    1336    1433    1432    1431
                   1334    1335
    1350  2  9     1239    1240    1241    1338    1435    1434    1433
                   1336    1337
    1351  2  9     1241    1242    1243    1340    1437    1436    1435
                   1338    1339
    1352  2  9     1243    1244    1245    1342    1439    1438    1437
                   1340    1341
    1353  2  9     1245    1246    1247    1344    1441    1440    1439
                   1342    1343
    1354  2  9     1247    1248    1249    1346    1443    1442    1441
                   1344    1345
    1355  2  9     1249    1250    1251    1348    1445    1444    1443
                   1346    1347
    1356  2  9     1251    1252    1253    1350    1447    1446    1445
                   1348    1349
    1357  2  9     1253    1254    1255    1352    1449    1448    1447
                   1350    1351
    1358  2  9     1255    1256    1257    1354    1451    1450    1449
                   1352    1353
    1359  2  9     1257    1258    1259    1356    1453    1452    1451
                   1354    1355
    1360  2  9     1259    1260    1261    1358    1455    1454    1453
                   1356    1357
    1361  2  9     1359    1360    1361    1458    1555    1554    1553
                   1456    1457
    1362  2  9     1361    1362    1363    1460    1557    1556    1555
                   1458    1459
    1363  2  9     1363    1364    1365    1462    1559    1558    1557
                   1460    1461
    1364  2  9     1365    1366    1367    1464    1561    1560    1559
                   1462    1463
    1365  2  9     1367    1368    1369    1466    1563    1562    1561
                   1464    1465
    1366  2  9     1369    1370    1371    1468    1565    1564    1563
                   1466    1467
    1367  2  9     1371    1372    1373    1470    1567    1566    1565
                   1468    1469
    1368  2  9     1373    1374    1375    1472    1569    1568    1567
                   1470    1471
    1369  2  9     1375    1376    1377    1474    1571    1570    1569
                   1472    1473
    1370  2  9     1377    1378    1379    1476    1573    1572    1571
                   1474    1475
    1371  2  9     1379    1380    1381    1478    1575    1574    1573
                   1476    1477
    1372  2  9     1381    1382    1383    1480    1577    1576    1575
                   1478    1479
    1373  2  9     1383    1384    1385    1482    1579    1578    1577
                   1480    1481
    1374  2  9     1385    1386    1387    1484    1581    1580    1579
                   1482    1483
    1375  2  9     1387    1388    1389    1486    1583    1582    1581
                   1484    1485
    1376  2  9     1389    1390    1391    1488    1585    1584    1583
                   1486    1487
    1377  2  9     1391    1392    1393    1490    1587    1586    1585
                   1488    1489
    1378  2  9     1393    1394    1395    1492    1589    1588    1587
                   1490    1491
    1379  2  9     1395    1396    1397    1494    1591    1590    1589
                   1492    1493
    1380  2  9     1397    1398    1399    1496    1593    1592    1591
                   1494    1495
    1381  2  9     1399    1400    1401    1498    1595    1594    1593
                   1496    1497
    1382  2  9     1401    1402    1403    1500    1597    1596    1595
                   1498    1499
    1383  2  9     1403    1404    1405    1502    1599    1598    1597
                   1500    1501
    1384  2  9     1405    1406    1407    1504    1601    1600    1599
                   1502    1503
    1385  2  9     1407    1408    1409    1506    1603    1602    1601
                   1504    1505
    1386  2  9     1409    1410    1411    1508    1605    1604    1603
                   1506    1507
    1387  2  9     1411    1412    1413    1510    1607    1606    1605
                   1508    1509
    1388  2  9     1413    1414    1415    1512    1609    1608    1607
                   1510    1511
    1389  2  9     1415    1416    1417    1514    1611    1610    1609
                   1512    1513
    1390  2  9     1417    1418    1419    1516    1613    1612    1611
                   1514    1515
    1391  2  9     1419    1420    1421    1518    1615    1614    1613
                   1516    1517
    1392  2  9     1421    1422    1423    1520    1617    1616    1615
                   1518    1519
    1393  2  9     1423    1424    1425    1522    1619    1618    1617
                   1520    1521
    1394  2  9     1425    1426    1427    1524    1621    1620    1619
                   1522    1523
    1395  2  9     1427    1428    1429    1526    1623    1622    1621
                   1524    1525
    1396  2  9     1429    1430    1431    1528    1625    1624    1623
                   1526    1527
    1397  2  9     1431    1432    1433    1530    1627    1626    1625
                   1528    1529
    1398  2  9     1433    1434    1435    1532    1629    1628    1627
                   1530    1531
    1399  2  9     1435    1436    1437    1534    1631    1630    1629
                   1532    1533
    1400  2  9     1437    1438    1439    1536    1633    1632    1631
                   1534    1535
    1401  2  9     1439    1440    1441    1538    1635    1634    1633
                   1536    1537
    1402  2  9     1441    1442    1443    1540    1637    1636    1635
                   1538    1539
    1403  2  9     1443    1444    1445    1542    1639    1638    1637
                   1540    1541
    1404  2  9     1445    1446    1447    1544    1641    1640    1639
                   1542    1543
    1405  2  9     1447    1448    1449    1546    1643    1642    1641
                   1544    1545
    1406  2  9     1449    1450    1451    1548    1645    1644    1643
                   1546    1547
    1407  2  9     1451    1452    1453    1550    1647    1646    1645
                   1548    1549
    1408  2  9     1453    1454    1455    1552    1649    1648    1647
                   1550    1551
    1409  2  9     1553    1554    1555    1652    1749    1748    1747
                   1650    1651
    1410  2  9     1555    1556    1557    1654    1751    1750    1749
                   1652    1653
    1411  2  9     1557    1558    1559    1656    1753    1752    1751
                   1654    1655
    1412  2  9     1559    1560    1561    1658    1755    1754    1753
                   1656    1657
    1413  2  9     1561    1562    1563    1660    1757    1756    1755
                   1658    1659
    1414  2  9     1563    1564    1565    1662    1759    1758    1757
                   1660    1661
    1415  2  9     1565    1566    1567    1664    1761    1760    1759
                   1662    1663
    1416  2  9     1567    1568    1569    1666    1763    1762    1761
                   1664    1665
    1417  2  9     1633    1634    1635    1732    1829    1828    1827
                   1730    1731
    1418  2  9     1635    1636    1637    1734    1831    1830    1829
                   1732    1733
    1419  2  9     1637    1638    1639    1736    1833    1832    1831
                   1734    1735
    1420  2  9     1639    1640    1641    1738    1835    1834    1833
                   1736    1737
    1421  2  9     1641    1642    1643    1740    1837    1836    1835
                   1738    1739
    1422  2  9     1643    1644    1645    1742    1839    1838    1837
                   1740    1741
    1423  2  9     1645    1646    1647    1744    1841    1840    1839
                   1742    1743
    1424  2  9     1647    1648    1649    1746    1843    1842    1841
                   1744    1745
    1425  2  9     1747    1748    1749    1846    1943    1942    1941
                   1844    1845
    1426  2  9     1749    1750    1751    1848    1945    1944    1943
                   1846    1847
    1427  2  9     1751    1752    1753    1850    1947    1946    1945
                   1848    1849
    1428  2  9     1753    1754    1755    1852    1949    1948    1947
                   1850    1851
    1429  2  9     1755    1756    1757    1854    1951    1950    1949
                   1852    1853
    1430  2  9     1757    1758    1759    1856    1953    1952    1951
                   1854    1855
    1431  2  9     1759    1760    1761    1858    1955    1954    1953
                   1856    1857
    1432  2  9     1761    1762    1763    1860    1957    1956    1955
                   1858    1859
    1433  2  9     1827    1828    1829    1926    2023    2022    2021
                   1924    1925
    1434  2  9     1829    1830    1831    1928    2025    2024    2023
                   1926    1927
    1435  2  9     1831    1832    1833    1930    2027    2026    2025
                   1928    1929
    1436  2  9     1833    1834    1835    1932    2029    2028    2027
                   1930    1931
    1437  2  9     1835    1836    1837    1934    2031    2030    2029
                   1932    1933
    1438  2  9     1837    1838    1839    1936    2033    2032    2031
                   1934    1935
    1439  2  9     1839    1840    1841    1938    2035    2034    2033
                   1936    1937
    1440  2  9     1841    1842    1843    1940    2037    2036    2035
                   1938    1939
    1441  2  9     1941    1942    1943    2040    2137    2136    2135
                   2038    2039
    1442  2  9     1943    1944    1945    2042    2139    2138    2137
                   2040    2041
    1443  2  9     1945    1946    1947    2044    2141    2140    2139
                   2042    2043
    1444  2  9     1947    1948    1949    2046    2143    2142    2141
                   2044    2045
    1445  2  9     1949    1950    1951    2048    2145    2144    2143
                   2046    2047
    1446  2  9     1951    1952    1953    2050    2147    2146    2145
                   2048    2049
    1447  2  9     1953    1954    1955    2052    2149    2148    2147
                   2050    2051
    1448  2  9     1955    1956    1957    2054    2151    2150    2149
                   2052    2053
    1449  2  9     2021    2022    2023    2120    2217    2216    2215
                   2118    2119
    1450  2  9     2023    2024    2025    2122    2219    2218    2217
                   2120    2121
    1451  2  9     2025    2026    2027    2124    2221    2220    2219
                   2122    2123
    1452  2  9     2027    2028    2029    2126    2223    2222    2221
                   2124    2125
    1453  2  9     2029    2030    2031    2128    2225    2224    2223
                   2126    2127
    1454  2  9     2031    2032    2033    2130    2227    2226    2225
                   2128    2129
    1455  2  9     2033    2034    2035    2132    2229    2228    2227
                   2130    2131
    1456  2  9     2035    2036    2037    2134    2231    2230    2229
                   2132    2133
    1457  2  9     2135    2136    2137    2234    2331    2330    2329
                   2232    2233
    1458  2  9     2137    2138    2139    2236    2333    2332    2331
                   2234    2235
    1459  2  9     2139    2140    2141    2238    2335    2334    2333
                   2236    2237
    1460  2  9     2141    2142    2143    2240    2337    2336    2335
                   2238    2239
    1461  2  9     2143    2144    2145    2242    2339    2338    2337
                   2240    2241
    1462  2  9     2145    2146    2147    2244    2341    2340    2339
                   2242    2243
    1463  2  9     2147    2148    2149    2246    2343    2342    2341
                   2244    2245
    1464  2  9     2149    2150    2151    2248    2345    2344    2343
                   2246    2247
    1465  2  9     2215    2216    2217    2314    2411    2410    2409
                   2312    2313
    1466  2  9     2217    2218    2219    2316    2413    2412    2411
                   2314    2315
    1467  2  9     2219    2220    2221    2318    2415    2414    2413
                   2316    2317
    1468  2  9     2221    2222    2223    2320    2417    2416    2415
                   2318    2319
    1469  2  9     2223    2224    2225    2322    2419    2418    2417
                   2320    2321
    1470  2  9     2225    2226    2227    2324    2421    2420    2419
                   2322    2323
    1471  2  9     2227    2228    2229    2326    2423    2422    2421
                   2324    2325
    1472  2  9     2229    2230    2231    2328    2425    2424    2423
                   2326    2327
    1473  2  9     2329    2330    2331    2428    2525    2524    2523
                   2426    2427
    1474  2  9     2331    2332    2333    2430    2527    2526    2525
                   2428    2429
    1475  2  9     2333    2334    2335    2432    2529    2528    2527
                   2430    2431
    1476  2  9     2335    2336    2337    2434    2531    2530    2529
                   2432    2433
    1477  2  9     2337    2338    2339    2436    2533    2532    2531
                   2434    2435
    1478  2  9     2339    2340    2341    2438    2535    2534    2533
                   2436    2437
    1479  2  9     2341    2342    2343    2440    2537    2536    2535
                   2438    2439
    1480  2  9     2343    2344    2345    2442    2539    2538    2537
                   2440    2441
    1481  2  9     2409    2410    2411    2508    2605    2604    2603
                   2506    2507
    1482  2  9     2411    2412    2413    2510    2607    2606    2605
                   2508    2509
    1483  2  9     2413    2414    2415    2512    2609    2608    2607
                   2510    2511
    1484  2  9     2415    2416    2417    2514    2611    2610    2609
                   2512    2513
    1485  2  9     2417    2418    2419    2516    2613    2612    2611
                   2514    2515
    1486  2  9     2419    2420    2421    2518    2615    2614    2613
                   2516    2517
    1487  2  9     2421    2422    2423    2520    2617    2616    2615
                   2518    2519
    1488  2  9     2423    2424    2425    2522    2619    2618    2617
                   2520    2521
    1489  2  9     2523    2524    2525    2622    2719    2718    2717
                   2620    2621
    1490  2  9     2525    2526    2527    2624    2721    2720    2719
                   2622    2623
    1491  2  9     2527    2528    2529    2626    2723    2722    2721
                   2624    2625
    1492  2  9     2529    2530    2531    2628    2725    2724    2723
                   2626    2627
    1493  2  9     2531    2532    2533    2630    2727    2726    2725
                   2628    2629
    1494  2  9     2533    2534    2535    2632    2729    2728    2727
                   2630    2631
    1495  2  9     2535    2536    2537    2634    2731    2730    2729
                   2632    2633
    1496  2  9     2537    2538    2539    2636    2733    2732    2731
                   2634    2635
    1497  2  9     2603    2604    2605    2702    2799    2798    2797
                   2700    2701
    1498  2  9     2605    2606    2607    2704    2801    2800    2799
                   2702    2703
    1499  2  9     2607    2608    2609    2706    2803    2802    2801
                   2704    2705
    1500  2  9     2609    2610    2611    2708    2805    2804    2803
                   2706    2707
    1501  2  9     2611    2612    2613    2710    2807    2806    2805
                   2708    2709
    1502  2  9     2613    2614    2615    2712    2809    2808    2807
                   2710    2711
    1503  2  9     2615    2616    2617    2714    2811    2810    2809
                   2712    2713
    1504  2  9     2617    2618    2619    2716    2813    2812    2811
                   2714    2715
    1505  2  9     2717    2718    2719    2816    2913    2912    2911
                   2814    2815
    1506  2  9     2719    2720    2721    2818    2915    2914    2913
                   2816    2817
    1507  2  9     2721    2722    2723    2820    2917    2916    2915
                   2818    2819
    1508  2  9     2723    2724    2725    2822    2919    2918    2917
                   2820    2821
    1509  2  9     2725    2726    2727    2824    2921    2920    2919
                   2822    2823
    1510  2  9     2727    2728    2729    2826    2923    2922    2921
                   2824    2825
    1511  2  9     2729    2730    2731    2828    2925    2924    2923
                   2826    2827
    1512  2  9     2731    2732    2733    2830    2927    2926    2925
                   2828    2829
    1513  2  9     2797    2798    2799    2896    2993    2992    2991
                   2894    2895
    1514  2  9     2799    2800    2801    2898    2995    2994    2993
                   2896    2897
    1515  2  9     2801    2802    2803    2900    2997    2996    2995
                   2898    2899
    1516  2  9     2803    2804    2805    2902    2999    2998    2997
                   2900    2901
    1517  2  9     2805    2806    2807    2904    3001    3000    2999
                   2902    2903
    1518  2  9     2807    2808    2809    2906    3003    3002    3001
                   2904    2905
    1519  2  9     2809    2810    2811    2908    3005    3004    3003
                   2906    2907
    1520  2  9     2811    2812    2813    2910    3007    3006    3005
                   2908    2909
    1521  2  9     2911    2912    2913    3010    3107    3106    3105
                   3008    3009
    1522  2  9     2913    2914    2915    3012    3109    3108    3107
                   3010    3011
    1523  2  9     2915    2916    2917    3014    3111    3110    3109
                   3012    3013
    1524  2  9     2917    2918    2919    3016    3113    3112    3111
                   3014    3015
    1525  2  9     2919    2920    2921    3018    3115    3114    3113
                   3016    3017
    1526  2  9     2921    2922    2923    3020    3117    3116    3115
                   3018    3019
    1527  2  9     2923    2924    2925    3022    3119    3118    3117
                   3020    3021
    1528  2  9     2925    2926    2927    3024    3121    3120    3119
                   3022    3023
    1529  2  9     2991    2992    2993    3090    3187    3186    3185
                   3088    3089
    1530  2  9     2993    2994    2995    3092    3189    3188    3187
                   3090    3091
    1531  2  9     2995    2996    2997    3094    3191    3190    3189
                   3092    3093
    1532  2  9     2997    2998    2999    3096    3193    3192    3191
                   3094    3095
    1533  2  9     2999    3000    3001    3098    3195    3194    3193
                   3096    3097
    1534  2  9     3001    3002    3003    3100    3197    3196    3195
                   3098    3099
    1535  2  9     3003    3004    3005    3102    3199    3198    3197
                   3100    3101
    1536  2  9     3005    3006    3007    3104    3201    3200    3199
                   3102    3103
    1537  2  9     3105    3106    3107    3204    3301    3300    3299
                   3202    3203
    1538  2  9     3107    3108    3109    3206    3303    3302    3301
                   3204    3205
    1539  2  9     3109    3110    3111    3208    3305    3304    3303
                   3206    3207
    1540  2  9     3111    3112    3113    3210    3307    3306    3305
                   3208    3209
    1541  2  9     3113    3114    3115    3212    3309    3308    3307
                   3210    3211
    1542  2  9     3115    3116    3117    3214    3311    3310    3309
                   3212    3213
    1543  2  9     3117    3118    3119    3216    3313    3312    3311
                   3214    3215
    1544  2  9     3119    3120    3121    3218    3315    3314    3313
                   3216    3217
    1545  2  9     3185    3186    3187    3284    3381    3380    3379
                   3282    3283
    1546  2  9     3187    3188    3189    3286    3383    3382    3381
                   3284    3285
    1547  2  9     3189    3190    3191    3288    3385    3384    3383
                   3286    3287
    1548  2  9     3191    3192    3193    3290    3387    3386    3385
                   3288    3289
    1549  2  9     3193    3194    3195    3292    3389    3388    3387
                   3290    3291
    1550  2  9     3195    3196    3197    3294    3391    3390    3389
                   3292    3293
    1551  2  9     3197    3198    3199    3296    3393    3392    3391
                   3294    3295
    1552  2  9     3199    3200    3201    3298    3395    3394    3393
                   3296    3297
    1553  2  9     3299    3300    3301    3398    3495    3494    3493
                   3396    3397
    1554  2  9     3301    3302    3303    3400    3497    3496    3495
                   3398    3399
    1555  2  9     3303    3304    3305    3402    3499    3498    3497
                   3400    3401
    1556  2  9     3305    3306    3307    3404    3501    3500    3499
                   3402    3403
    1557  2  9     3307    3308    3309    3406    3503    3502    3501
                   3404    3405
    1558  2  9     3309    3310    3311    3408    3505    3504    3503
                   3406    3407
    1559  2  9     3311    3312    3313    3410    3507    3506    3505
                   3408    3409
    1560  2  9     3313    3314    3315    3412    3509    3508    3507
                   3410    3411
    1561  2  9     3379    3380    3381    3478    3575    3574    3573
                   3476    3477
    1562  2  9     3381    3382    3383    3480    3577    3576    3575
                   3478    3479
    1563  2  9     3383    3384    3385    3482    3579    3578    3577
                   3480    3481
    1564  2  9     3385    3386    3387    3484    3581    3580    3579
                   3482    3483
    1565  2  9     3387    3388    3389    3486    3583    3582    3581
                   3484    3485
    1566  2  9     3389    3390    3391    3488    3585    3584    3583
                   3486    3487
    1567  2  9     3391    3392    3393    3490    3587    3586    3585
                   3488    3489
    1568  2  9     3393    3394    3395    3492    3589    3588    3587
                   3490    3491
    1569  2  9     3493    3494    3495    3592    3689    3688    3687
                   3590    3591
    1570  2  9     3495    3496    3497    3594    3691    3690    3689
                   3592    3593
    1571  2  9     3497    3498    3499    3596    3693    3692    3691
                   3594    3595
    1572  2  9     3499    3500    3501    3598    3695    3694    3693
                   3596    3597
    1573  2  9     3501    3502    3503    3600    3697    3696    3695
                   3598    3599
    1574  2  9     3503    3504    3505    3602    3699    3698    3697
                   3600    3601
    1575  2  9     3505    3506    3507    3604    3701    3700    3699
                   3602    3603
    1576  2  9     3507    3508    3509    3606    3703    3702    3701
                   3604    3605
    1577  2  9     3573    3574    3575    3672    3769    3768    3767
                   3670    3671
    1578  2  9     3575    3576    3577    3674    3771    3770    3769
                   3672    3673
    1579  2  9     3577    3578    3579    3676    3773    3772    3771
                   3674    3675
    1580  2  9     3579    3580    3581    3678    3775    3774    3773
                   3676    3677
    1581  2  9     3581    3582    3583    3680    3777    3776    3775
                   3678    3679
    1582  2  9     3583    3584    3585    3682    3779    3778    3777
                   3680    3681
    1583  2  9     3585    3586    3587    3684    3781    3780    3779
                   3682    3683
    1584  2  9     3587    3588    3589    3686    3783    3782    3781
                   3684    3685
    1585  2  9     3687    3688    3689    3786    3883    3882    3881
                   3784    3785
    1586  2  9     3689    3690    3691    3788    3885    3884    3883
                   3786    3787
    1587  2  9     3691    3692    3693    3790    3887    3886    3885
                   3788    3789
    1588  2  9     3693    3694    3695    3792    3889    3888    3887
                   3790    3791
    1589  2  9     3695    3696    3697    3794    3891    3890    3889
                   3792    3793
    1590  2  9     3697    3698    3699    3796    3893    3892    3891
                   3794    3795
    1591  2  9     3699    3700    3701    3798    3895    3894    3893
                   3796    3797
    1592  2  9     3701    3702    3703    3800    3897    3896    3895
                   3798    3799
    1593  2  9     3767    3768    3769    3866    3963    3962    3961
                   3864    3865
    1594  2  9     3769    3770    3771    3868    3965    3964    3963
                   3866    3867
    1595  2  9     3771    3772    3773    3870    3967    3966    3965
                   3868    3869
    1596  2  9     3773    3774    3775    3872    3969    3968    3967
                   3870    3871
    1597  2  9     3775    3776    3777    3874    3971    3970    3969
                   3872    3873
    1598  2  9     3777    3778    3779    3876    3973    3972    3971
                   3874    3875
    1599  2  9     3779    3780    3781    3878    3975    3974    3973
                   3876    3877
    1600  2  9     3781    3782    3783    3880    3977    3976    3975
                   3878    3879
    1601  2  9     3881    3882    3883    3980    4077    4076    4075
                   3978    3979
    1602  2  9     3883    3884    3885    3982    4079    4078    4077
                   3980    3981
    1603  2  9     3885    3886    3887    3984    4081    4080    4079
                   3982    3983
    1604  2  9     3887    3888    3889    3986    4083    4082    4081
                   3984    3985
    1605  2  9     3889    3890    3891    3988    4085    4084    4083
                   3986    3987
    1606  2  9     3891    3892    3893    3990    4087    4086    4085
                   3988    3989
    1607  2  9     3893    3894    3895    3992    4089    4088    4087
                   3990    3991
    1608  2  9     3895    3896    3897    3994    4091    4090    4089
                   3992    3993
    1609  2  9     3961    3962    3963    4060    4157    4156    4155
                   4058    4059
    1610  2  9     3963    3964    3965    4062    4159    4158    4157
                   4060    4061
    1611  2  9     3965    3966    3967    4064    4161    4160    4159
                   4062    4063
    1612  2  9     3967    3968    3969    4066    4163    4162    4161
                   4064    4065
    1613  2  9     3969    3970    3971    4068    4165    4164    4163
                   4066    4067
    1614  2  9     3971    3972    3973    4070    4167    4166    4165
                   4068    4069
    1615  2  9     3973    3974    3975    4072    4169    4168    4167
                   4070    4071
    1616  2  9     3975    3976    3977    4074    4171    4170    4169
                   4072    4073
    1617  2  9     4075    4076    4077    4174    4271    4270    4269
                   4172    4173
    1618  2  9     4077    4078    4079    4176    4273    4272    4271
                   4174    4175
    1619  2  9     4079    4080    4081    4178    4275    4274    4273
                   4176    4177
    1620  2  9     4081    4082    4083    4180    4277    4276    4275
                   4178    4179
    1621  2  9     4083    4084    4085    4182    4279    4278    4277
                   4180    4181
    1622  2  9     4085    4086    4087    4184    4281    4280    4279
                   4182    4183
    1623  2  9     4087    4088    4089    4186    4283    4282    4281
                   4184    4185
    1624  2  9     4089    4090    4091    4188    4285    4284    4283
                   4186    4187
    1625  2  9     4155    4156    4157    4254    4351    4350    4349
                   4252    4253
    1626  2  9     4157    4158    4159    4256    4353    4352    4351
                   4254    4255
    1627  2  9     4159    4160    4161    4258    4355    4354    4353
                   4256    4257
    1628  2  9     4161    4162    4163    4260    4357    4356    4355
                   4258    4259
    1629  2  9     4163    4164    4165    4262    4359    4358    4357
                   4260    4261
    1630  2  9     4165    4166    4167    4264    4361    4360    4359
                   4262    4263
    1631  2  9     4167    4168    4169    4266    4363    4362    4361
                   4264    4265
    1632  2  9     4169    4170    4171    4268    4365    4364    4363
                   4266    4267
    1633  2  9     4269    4270    4271    4368    4465    4464    4463
                   4366    4367
    1634  2  9     4271    4272    4273    4370    4467    4466    4465
                   4368    4369
    1635  2  9     4273    4274    4275    4372    4469    4468    4467
                   4370    4371
    1636  2  9     4275    4276    4277    4374    4471    4470    4469
                   4372    4373
    1637  2  9     4277    4278    4279    4376    4473    4472    4471
                   4374    4375
    1638  2  9     4279    4280    4281    4378    4475    4474    4473
                   4376    4377
    1639  2  9     4281    4282    4283    4380    4477    4476    4475
                   4378    4379
    1640  2  9     4283    4284    4285    4382    4479    4478    4477
                   4380    4381
    1641  2  9     4349    4350    4351    4448    4545    4544    4543
                   4446    4447
    1642  2  9     4351    4352    4353    4450    4547    4546    4545
                   4448    4449
    1643  2  9     4353    4354    4355    4452    4549    4548    4547
                   4450    4451
    1644  2  9     4355    4356    4357    4454    4551    4550    4549
                   4452    4453
    1645  2  9     4357    4358    4359    4456    4553    4552    4551
                   4454    4455
    1646  2  9     4359    4360    4361    4458    4555    4554    4553
                   4456    4457
    1647  2  9     4361    4362    4363    4460    4557    4556    4555
                   4458    4459
    1648  2  9     4363    4364    4365    4462    4559    4558    4557
                   4460    4461
    1649  2  9     4463    4464    4465    4562    4659    4658    4657
                   4560    4561
    1650  2  9     4465    4466    4467    4564    4661    4660    4659
                   4562    4563
    1651  2  9     4467    4468    4469    4566    4663    4662    4661
                   4564    4565
    1652  2  9     4469    4470    4471    4568    4665    4664    4663
                   4566    4567
    1653  2  9     4471    4472    4473    4570    4667    4666    4665
                   4568    4569
    1654  2  9     4473    4474    4475    4572    4669    4668    4667
                   4570    4571
    1655  2  9     4475    4476    4477    4574    4671    4670    4669
                   4572    4573
    1656  2  9     4477    4478    4479    4576    4673    4672    4671
                   4574    4575
    1657  2  9     4543    4544    4545    4642    4739    4738    4737
                   4640    4641
    1658  2  9     4545    4546    4547    4644    4741    4740    4739
                   4642    4643
    1659  2  9     4547    4548    4549    4646    4743    4742    4741
                   4644    4645
    1660  2  9     4549    4550    4551    4648    4745    4744    4743
                   4646    4647
    1661  2  9     4551    4552    4553    4650    4747    4746    4745
                   4648    4649
    1662  2  9     4553    4554    4555    4652    4749    4748    4747
                   4650    4651
    1663  2  9     4555    4556    4557    4654    4751    4750    4749
                   4652    4653
    1664  2  9     4557    4558    4559    4656    4753    4752    4751
                   4654    4655
    1665  2  9     4657    4658    4659    4756    4853    4852    4851
                   4754    4755
    1666  2  9     4659    4660    4661    4758    4855    4854    4853
                   4756    4757
    1667  2  9     4661    4662    4663    4760    4857    4856    4855
                   4758    4759
    1668  2  9     4663    4664    4665    4762    4859    4858    4857
                   4760    4761
    1669  2  9     4665    4666    4667    4764    4861    4860    4859
                   4762    4763
    1670  2  9     4667    4668    4669    4766    4863    4862    4861
                   4764    4765
    1671  2  9     4669    4670    4671    4768    4865    4864    4863
                   4766    4767
    1672  2  9     4671    4672    4673    4770    4867    4866    4865
                   4768    4769
    1673  2  9     4737    4738    4739    4836    4933    4932    4931
                   4834    4835
    1674  2  9     4739    4740    4741    4838    4935    4934    4933
                   4836    4837
    1675  2  9     4741    4742    4743    4840    4937    4936    4935
                   4838    4839
    1676  2  9     4743    4744    4745    4842    4939    4938    4937
                   4840    4841
    1677  2  9     4745    4746    4747    4844    4941    4940    4939
                   4842    4843
    1678  2  9     4747    4748    4749    4846    4943    4942    4941
                   4844    4845
    1679  2  9     4749    4750    4751    4848    4945    4944    4943
                   4846    4847
    1680  2  9     4751    4752    4753    4850    4947    4946    4945
                   4848    4849
    1681  2  9     4851    4852    4853    4950    5047    5046    5045
                   4948    4949
    1682  2  9     4853    4854    4855    4952    5049    5048    5047
                   4950    4951
    1683  2  9     4855    4856    4857    4954    5051    5050    5049
                   4952    4953
    1684  2  9     4857    4858    4859    4956    5053    5052    5051
                   4954    4955
    1685  2  9     4859    4860    4861    4958    5055    5054    5053
                   4956    4957
    1686  2  9     4861    4862    4863    4960    5057    5056    5055
                   4958    4959
    1687  2  9     4863    4864    4865    4962    5059    5058    5057
                   4960    4961
    1688  2  9     4865    4866    4867    4964    5061    5060    5059
                   4962    4963
    1689  2  9     4931    4932    4933    5030    5127    5126    5125
                   5028    5029
    1690  2  9     4933    4934    4935    5032    5129    5128    5127
                   5030    5031
    1691  2  9     4935    4936    4937    5034    5131    5130    5129
                   5032    5033
    1692  2  9     4937    4938    4939    5036    5133    5132    5131
                   5034    5035
    1693  2  9     4939    4940    4941    5038    5135    5134    5133
                   5036    5037
    1694  2  9     4941    4942    4943    5040    5137    5136    5135
                   5038    5039
    1695  2  9     4943    4944    4945    5042    5139    5138    5137
                   5040    5041
    1696  2  9     4945    4946    4947    5044    5141    5140    5139
                   5042    5043
    1697  2  9     5045    5046    5047    5144    5241    5240    5239
                   5142    5143
    1698  2  9     5047    5048    5049    5146    5243    5242    5241
                   5144    5145
    1699  2  9     5049    5050    5051    5148    5245    5244    5243
                   5146    5147
    1700  2  9     5051    5052    5053    5150    5247    5246    5245
                   5148    5149
    1701  2  9     5053    5054    5055    5152    5249    5248    5247
                   5150    5151
    1702  2  9     5055    5056    5057    5154    5251    5250    5249
                   5152    5153
    1703  2  9     5057    5058    5059    5156    5253    5252    5251
                   5154    5155
    1704  2  9     5059    5060    5061    5158    5255    5254    5253
                   5156    5157
    1705  2  9     5125    5126    5127    5224    5321    5320    5319
                   5222    5223
    1706  2  9     5127    5128    5129    5226    5323    5322    5321
                   5224    5225
    1707  2  9     5129    5130    5131    5228    5325    5324    5323
                   5226    5227
    1708  2  9     5131    5132    5133    5230    5327    5326    5325
                   5228    5229
    1709  2  9     5133    5134    5135    5232    5329    5328    5327
                   5230    5231
    1710  2  9     5135    5136    5137    5234    5331    5330    5329
                   5232    5233
    1711  2  9     5137    5138    5139    5236    5333    5332    5331
                   5234    5235
    1712  2  9     5139    5140    5141    5238    5335    5334    5333
                   5236    5237
    1713  2  9     5239    5240    5241    5338    5435    5434    5433
                   5336    5337
    1714  2  9     5241    5242    5243    5340    5437    5436    5435
                   5338    5339
    1715  2  9     5243    5244    5245    5342    5439    5438    5437
                   5340    5341
    1716  2  9     5245    5246    5247    5344    5441    5440    5439
                   5342    5343
    1717  2  9     5247    5248    5249    5346    5443    5442    5441
                   5344    5345
    1718  2  9     5249    5250    5251    5348    5445    5444    5443
                   5346    5347
    1719  2  9     5251    5252    5253    5350    5447    5446    5445
                   5348    5349
    1720  2  9     5253    5254    5255    5352    5449    5448    5447
                   5350    5351
    1721  2  9     5319    5320    5321    5418    5515    5514    5513
                   5416    5417
    1722  2  9     5321    5322    5323    5420    5517    5516    5515
                   5418    5419
    1723  2  9     5323    5324    5325    5422    5519    5518    5517
                   5420    5421
    1724  2  9     5325    5326    5327    5424    5521    5520    5519
                   5422    5423
    1725  2  9     5327    5328    5329    5426    5523    5522    5521
                   5424    5425
    1726  2  9     5329    5330    5331    5428    5525    5524    5523
                   5426    5427
    1727  2  9     5331    5332    5333    5430    5527    5526    5525
                   5428    5429
    1728  2  9     5333    5334    5335    5432    5529    5528    5527
                   5430    5431
    1729  2  9     5433    5434    5435    5532    5629    5628    5627
                   5530    5531
    1730  2  9     5435    5436    5437    5534    5631    5630    5629
                   5532    5533
    1731  2  9     5437    5438    5439    5536    5633    5632    5631
                   5534    5535
    1732  2  9     5439    5440    5441    5538    5635    5634    5633
                   5536    5537
    1733  2  9     5441    5442    5443    5540    5637    5636    5635
                   5538    5539
    1734  2  9     5443    5444    5445    5542    5639    5638    5637
                   5540    5541
    1735  2  9     5445    5446    5447    5544    5641    5640    5639
                   5542    5543
    1736  2  9     5447    5448    5449    5546    5643    5642    5641
                   5544    5545
    1737  2  9     5513    5514    5515    5612    5709    5708    5707
                   5610    5611
    1738  2  9     5515    5516    5517    5614    5711    5710    5709
                   5612    5613
    1739  2  9     5517    5518    5519    5616    5713    5712    5711
                   5614    5615
    1740  2  9     5519    5520    5521    5618    5715    5714    5713
                   5616    5617
    1741  2  9     5521    5522    5523    5620    5717    5716    5715
                   5618    5619
    1742  2  9     5523    5524    5525    5622    5719    5718    5717
                   5620    5621
    1743  2  9     5525    5526    5527    5624    5721    5720    5719
                   5622    5623
    1744  2  9     5527    5528    5529    5626    5723    5722    5721
                   5624    5625
    1745  2  9     5627    5628    5629    5726    5823    5822    5821
                   5724    5725
    1746  2  9     5629    5630    5631    5728    5825    5824    5823
                   5726    5727
    1747  2  9     5631    5632    5633    5730    5827    5826    5825
                   5728    5729
    1748  2  9     5633    5634    5635    5732    5829    5828    5827
                   5730    5731
    1749  2  9     5635    5636    5637    5734    5831    5830    5829
                   5732    5733
    1750  2  9     5637    5638    5639    5736    5833    5832    5831
                   5734    5735
    1751  2  9     5639    5640    5641    5738    5835    5834    5833
                   5736    5737
    1752  2  9     5641    5642    5643    5740    5837    5836    5835
                   5738    5739
    1753  2  9     5707    5708    5709    5806    5903    5902    5901
                   5804    5805
    1754  2  9     5709    5710    5711    5808    5905    5904    5903
                   5806    5807
    1755  2  9     5711    5712    5713    5810    5907    5906    5905
                   5808    5809
    1756  2  9     5713    5714    5715    5812    5909    5908    5907
                   5810    5811
    1757  2  9     5715    5716    5717    5814    5911    5910    5909
                   5812    5813
    1758  2  9     5717    5718    5719    5816    5913    5912    5911
                   5814    5815
    1759  2  9     5719    5720    5721    5818    5915    5914    5913
                   5816    5817
    1760  2  9     5721    5722    5723    5820    5917    5916    5915
                   5818    5819
    1761  2  9     5821    5822    5823    5920    6017    6016    6015
                   5918    5919
    1762  2  9     5823    5824    5825    5922    6019    6018    6017
                   5920    5921
    1763  2  9     5825    5826    5827    5924    6021    6020    6019
                   5922    5923
    1764  2  9     5827    5828    5829    5926    6023    6022    6021
                   5924    5925
    1765  2  9     5829    5830    5831    5928    6025    6024    6023
                   5926    5927
    1766  2  9     5831    5832    5833    5930    6027    6026    6025
                   5928    5929
    1767  2  9     5833    5834    5835    5932    6029    6028    6027
                   5930    5931
    1768  2  9     5835    5836    5837    5934    6031    6030    6029
                   5932    5933
    1769  2  9     5901    5902    5903    6000    6097    6096    6095
                   5998    5999
    1770  2  9     5903    5904    5905    6002    6099    6098    6097
                   6000    6001
    1771  2  9     5905    5906    5907    6004    6101    6100    6099
                   6002    6003
    1772  2  9     5907    5908    5909    6006    6103    6102    6101
                   6004    6005
    1773  2  9     5909    5910    5911    6008    6105    6104    6103
                   6006    6007
    1774  2  9     5911    5912    5913    6010    6107    6106    6105
                   6008    6009
    1775  2  9     5913    5914    5915    6012    6109    6108    6107
                   6010    6011
    1776  2  9     5915    5916    5917    6014    6111    6110    6109
                   6012    6013
    1777  2  9     6015    6016    6017    6114    6211    6210    6209
                   6112    6113
    1778  2  9     6017    6018    6019    6116    6213    6212    6211
                   6114    6115
    1779  2  9     6019    6020    6021    6118    6215    6214    6213
                   6116    6117
    1780  2  9     6021    6022    6023    6120    6217    6216    6215
                   6118    6119
    1781  2  9     6023    6024    6025    6122    6219    6218    6217
                   6120    6121
    1782  2  9     6025    6026    6027    6124    6221    6220    6219
                   6122    6123
    1783  2  9     6027    6028    6029    6126    6223    6222    6221
                   6124    6125
    1784  2  9     6029    6030    6031    6128    6225    6224    6223
                   6126    6127
    1785  2  9     6095    6096    6097    6194    6291    6290    6289
                   6192    6193
    1786  2  9     6097    6098    6099    6196    6293    6292    6291
                   6194    6195
    1787  2  9     6099    6100    6101    6198    6295    6294    6293
                   6196    6197
    1788  2  9     6101    6102    6103    6200    6297    6296    6295
                   6198    6199
    1789  2  9     6103    6104    6105    6202    6299    6298    6297
                   6200    6201
    1790  2  9     6105    6106    6107    6204    6301    6300    6299
                   6202    6203
    1791  2  9     6107    6108    6109    6206    6303    6302    6301
                   6204    6205
    1792  2  9     6109    6110    6111    6208    6305    6304    6303
                   6206    6207
    1793  2  9     6209    6210    6211    6308    6405    6404    6403
                   6306    6307
    1794  2  9     6211    6212    6213    6310    6407    6406    6405
                   6308    6309
    1795  2  9     6213    6214    6215    6312    6409    6408    6407
                   6310    6311
    1796  2  9     6215    6216    6217    6314    6411    6410    6409
                   6312    6313
    1797  2  9     6217    6218    6219    6316    6413    6412    6411
                   6314    6315
    1798  2  9     6219    6220    6221    6318    6415    6414    6413
                   6316    6317
    1799  2  9     6221    6222    6223    6320    6417    6416    6415
                   6318    6319
    1800  2  9     6223    6224    6225    6322    6419    6418    6417
                   6320    6321
    1801  2  9     6289    6290    6291    6388    6485    6484    6483
                   6386    6387
    1802  2  9     6291    6292    6293    6390    6487    6486    6485
                   6388    6389
    1803  2  9     6293    6294    6295    6392    6489    6488    6487
                   6390    6391
    1804  2  9     6295    6296    6297    6394    6491    6490    6489
                   6392    6393
    1805  2  9     6297    6298    6299    6396    6493    6492    6491
                   6394    6395
    1806  2  9     6299    6300    6301    6398    6495    6494    6493
                   6396    6397
    1807  2  9     6301    6302    6303    6400    6497    6496    6495
                   6398    6399
    1808  2  9     6303    6304    6305    6402    6499    6498    6497
                   6400    6401
    1809  2  9     6403    6404    6405    6502    6599    6598    6597
                   6500    6501
    1810  2  9     6405    6406    6407    6504    6601    6600    6599
                   6502    6503
    1811  2  9     6407    6408    6409    6506    6603    6602    6601
                   6504    6505
    1812  2  9     6409    6410    6411    6508    6605    6604    6603
                   6506    6507
    1813  2  9     6411    6412    6413    6510    6607    6606    6605
                   6508    6509
    1814  2  9     6413    6414    6415    6512    6609    6608    6607
                   6510    6511
    1815  2  9     6415    6416    6417    6514    6611    6610    6609
                   6512    6513
    1816  2  9     6417    6418    6419    6516    6613    6612    6611
                   6514    6515
    1817  2  9     6483    6484    6485    6582    6679    6678    6677
                   6580    6581
    1818  2  9     6485    6486    6487    6584    6681    6680    6679
                   6582    6583
    1819  2  9     6487    6488    6489    6586    6683    6682    6681
                   6584    6585
    1820  2  9     6489    6490    6491    6588    6685    6684    6683
                   6586    6587
    1821  2  9     6491    6492    6493    6590    6687    6686    6685
                   6588    6589
    1822  2  9     6493    6494    6495    6592    6689    6688    6687
                   6590    6591
    1823  2  9     6495    6496    6497    6594    6691    6690    6689
                   6592    6593
    1824  2  9     6497    6498    6499    6596    6693    6692    6691
                   6594    6595
    1825  2  9     6597    6598    6599    6696    6793    6792    6791
                   6694    6695
    1826  2  9     6599    6600    6601    6698    6795    6794    6793
                   6696    6697
    1827  2  9     6601    6602    6603    6700    6797    6796    6795
                   6698    6699
    1828  2  9     6603    6604    6605    6702    6799    6798    6797
                   6700    6701
    1829  2  9     6605    6606    6607    6704    6801    6800    6799
                   6702    6703
    1830  2  9     6607    6608    6609    6706    6803    6802    6801
                   6704    6705
    1831  2  9     6609    6610    6611    6708    6805    6804    6803
                   6706    6707
    1832  2  9     6611    6612    6613    6710    6807    6806    6805
                   6708    6709
    1833  2  9     6677    6678    6679    6776    6873    6872    6871
                   6774    6775
    1834  2  9     6679    6680    6681    6778    6875    6874    6873
                   6776    6777
    1835  2  9     6681    6682    6683    6780    6877    6876    6875
                   6778    6779
    1836  2  9     6683    6684    6685    6782    6879    6878    6877
                   6780    6781
    1837  2  9     6685    6686    6687    6784    6881    6880    6879
                   6782    6783
    1838  2  9     6687    6688    6689    6786    6883    6882    6881
                   6784    6785
    1839  2  9     6689    6690    6691    6788    6885    6884    6883
                   6786    6787
    1840  2  9     6691    6692    6693    6790    6887    6886    6885
                   6788    6789
    1841  2  9     6791    6792    6793    6890    6987    6986    6985
                   6888    6889
    1842  2  9     6793    6794    6795    6892    6989    6988    6987
                   6890    6891
    1843  2  9     6795    6796    6797    6894    6991    6990    6989
                   6892    6893
    1844  2  9     6797    6798    6799    6896    6993    6992    6991
                   6894    6895
    1845  2  9     6799    6800    6801    6898    6995    6994    6993
                   6896    6897
    1846  2  9     6801    6802    6803    6900    6997    6996    6995
                   6898    6899
    1847  2  9     6803    6804    6805    6902    6999    6998    6997
                   6900    6901
    1848  2  9     6805    6806    6807    6904    7001    7000    6999
                   6902    6903
    1849  2  9     6871    6872    6873    6970    7067    7066    7065
                   6968    6969
    1850  2  9     6873    6874    6875    6972    7069    7068    7067
                   6970    6971
    1851  2  9     6875    6876    6877    6974    7071    7070    7069
                   6972    6973
    1852  2  9     6877    6878    6879    6976    7073    7072    7071
                   6974    6975
    1853  2  9     6879    6880    6881    6978    7075    7074    7073
                   6976    6977
    1854  2  9     6881    6882    6883    6980    7077    7076    7075
                   6978    6979
    1855  2  9     6883    6884    6885    6982    7079    7078    7077
                   6980    6981
    1856  2  9     6885    6886    6887    6984    7081    7080    7079
                   6982    6983
    1857  2  9     6985    6986    6987    7084    7181    7180    7179
                   7082    7083
    1858  2  9     6987    6988    6989    7086    7183    7182    7181
                   7084    7085
    1859  2  9     6989    6990    6991    7088    7185    7184    7183
                   7086    7087
    1860  2  9     6991    6992    6993    7090    7187    7186    7185
                   7088    7089
    1861  2  9     6993    6994    6995    7092    7189    7188    7187
                   7090    7091
    1862  2  9     6995    6996    6997    7094    7191    7190    7189
                   7092    7093
    1863  2  9     6997    6998    6999    7096    7193    7192    7191
                   7094    7095
    1864  2  9     6999    7000    7001    7098    7195    7194    7193
                   7096    7097
    1865  2  9     7065    7066    7067    7164    7261    7260    7259
                   7162    7163
    1866  2  9     7067    7068    7069    7166    7263    7262    7261
                   7164    7165
    1867  2  9     7069    7070    7071    7168    7265    7264    7263
                   7166    7167
    1868  2  9     7071    7072    7073    7170    7267    7266    7265
                   7168    7169
    1869  2  9     7073    7074    7075    7172    7269    7268    7267
                   7170    7171
    1870  2  9     7075    7076    7077    7174    7271    7270    7269
                   7172    7173
    1871  2  9     7077    7078    7079    7176    7273    7272    7271
                   7174    7175
    1872  2  9     7079    7080    7081    7178    7275    7274    7273
                   7176    7177
    1873  2  9     7179    7180    7181    7278    7375    7374    7373
                   7276    7277
    1874  2  9     7181    7182    7183    7280    7377    7376    7375
                   7278    7279
    1875  2  9     7183    7184    7185    7282    7379    7378    7377
                   7280    7281
    1876  2  9     7185    7186    7187    7284    7381    7380    7379
                   7282    7283
    1877  2  9     7187    7188    7189    7286    7383    7382    7381
                   7284    7285
    1878  2  9     7189    7190    7191    7288    7385    7384    7383
                   7286    7287
    1879  2  9     7191    7192    7193    7290    7387    7386    7385
                   7288    7289
    1880  2  9     7193    7194    7195    7292    7389    7388    7387
                   7290    7291
    1881  2  9     7259    7260    7261    7358    7455    7454    7453
                   7356    7357
    1882  2  9     7261    7262    7263    7360    7457    7456    7455
                   7358    7359
    1883  2  9     7263    7264    7265    7362    7459    7458    7457
                   7360    7361
    1884  2  9     7265    7266    7267    7364    7461    7460    7459
                   7362    7363
    1885  2  9     7267    7268    7269    7366    7463    7462    7461
                   7364    7365
    1886  2  9     7269    7270    7271    7368    7465    7464    7463
                   7366    7367
    1887  2  9     7271    7272    7273    7370    7467    7466    7465
                   7368    7369
    1888  2  9     7273    7274    7275    7372    7469    7468    7467
                   7370    7371
    1889  2  9     7373    7374    7375    7472    7569    7568    7567
                   7470    7471
    1890  2  9     7375    7376    7377    7474    7571    7570    7569
                   7472    7473
    1891  2  9     7377    7378    7379    7476    7573    7572    7571
                   7474    7475
    1892  2  9     7379    7380    7381    7478    7575    7574    7573
                   7476    7477
    1893  2  9     7381    7382    7383    7480    7577    7576    7575
                   7478    7479
    1894  2  9     7383    7384    7385    7482    7579    7578    7577
                   7480    7481
    1895  2  9     7385    7386    7387    7484    7581    7580    7579
                   7482    7483
    1896  2  9     7387    7388    7389    7486    7583    7582    7581
                   7484    7485
    1897  2  9     7453    7454    7455    7552    7649    7648    7647
                   7550    7551
    1898  2  9     7455    7456    7457    7554    7651    7650    7649
                   7552    7553
    1899  2  9     7457    7458    7459    7556    7653    7652    7651
                   7554    7555
    1900  2  9     7459    7460    7461    7558    7655    7654    7653
                   7556    7557
    1901  2  9     7461    7462    7463    7560    7657    7656    7655
                   7558    7559
    1902  2  9     7463    7464    7465    7562    7659    7658    7657
                   7560    7561
    1903  2  9     7465    7466    7467    7564    7661    7660    7659
                   7562    7563
    1904  2  9     7467    7468    7469    7566    7663    7662    7661
                   7564    7565
    1905  2  9     7567    7568    7569    7666    7763    7762    7761
                   7664    7665
    1906  2  9     7569    7570    7571    7668    7765    7764    7763
                   7666    7667
    1907  2  9     7571    7572    7573    7670    7767    7766    7765
                   7668    7669
    1908  2  9     7573    7574    7575    7672    7769    7768    7767
                   7670    7671
    1909  2  9     7575    7576    7577    7674    7771    7770    7769
                   7672    7673
    1910  2  9     7577    7578    7579    7676    7773    7772    7771
                   7674    7675
    1911  2  9     7579    7580    7581    7678    7775    7774    7773
                   7676    7677
    1912  2  9     7581    7582    7583    7680    7777    7776    7775
                   7678    7679
    1913  2  9     7647    7648    7649    7746    7843    7842    7841
                   7744    7745
    1914  2  9     7649    7650    7651    7748    7845    7844    7843
                   7746    7747
    1915  2  9     7651    7652    7653    7750    7847    7846    7845
                   7748    7749
    1916  2  9     7653    7654    7655    7752    7849    7848    7847
                   7750    7751
    1917  2  9     7655    7656    7657    7754    7851    7850    7849
                   7752    7753
    1918  2  9     7657    7658    7659    7756    7853    7852    7851
                   7754    7755
    1919  2  9     7659    7660    7661    7758    7855    7854    7853
                   7756    7757
    1920  2  9     7661    7662    7663    7760    7857    7856    7855
                   7758    7759
    1921  2  9     7761    7762    7763    7860    7957    7956    7955
                   7858    7859
    1922  2  9     7763    7764    7765    7862    7959    7958    7957
                   7860    7861
    1923  2  9     7765    7766    7767    7864    7961    7960    7959
                   7862    7863
    1924  2  9     7767    7768    7769    7866    7963    7962    7961
                   7864    7865
    1925  2  9     7769    7770    7771    7868    7965    7964    7963
                   7866    7867
    1926  2  9     7771    7772    7773    7870    7967    7966    7965
                   7868    7869
    1927  2  9     7773    7774    7775    7872    7969    7968    7967
                   7870    7871
    1928  2  9     7775    7776    7777    7874    7971    7970    7969
                   7872    7873
    1929  2  9     7777    7778    7779    7876    7973    7972    7971
                   7874    7875
    1930  2  9     7779    7780    7781    7878    7975    7974    7973
                   7876    7877
    1931  2  9     7781    7782    7783    7880    7977    7976    7975
                   7878    7879
    1932  2  9     7783    7784    7785    7882    7979    7978    7977
                   7880    7881
    1933  2  9     7785    7786    7787    7884    7981    7980    7979
                   7882    7883
    1934  2  9     7787    7788    7789    7886    7983    7982    7981
                   7884    7885
    1935  2  9     7789    7790    7791    7888    7985    7984    7983
                   7886    7887
    1936  2  9     7791    7792    7793    7890    7987    7986    7985
                   7888    7889
    1937  2  9     7793    7794    7795    7892    7989    7988    7987
                   7890    7891
    1938  2  9     7795    7796    7797    7894    7991    7990    7989
                   7892    7893
    1939  2  9     7797    7798    7799    7896    7993    7992    7991
                   7894    7895
    1940  2  9     7799    7800    7801    7898    7995    7994    7993
                   7896    7897
    1941  2  9     7801    7802    7803    7900    7997    7996    7995
                   7898    7899
    1942  2  9     7803    7804    7805    7902    7999    7998    7997
                   7900    7901
    1943  2  9     7805    7806    7807    7904    8001    8000    7999
                   7902    7903
    1944  2  9     7807    7808    7809    7906    8003    8002    8001
                   7904    7905
    1945  2  9     7809    7810    7811    7908    8005    8004    8003
                   7906    7907
    1946  2  9     7811    7812    7813    7910    8007    8006    8005
                   7908    7909
    1947  2  9     7813    7814    7815    7912    8009    8008    8007
                   7910    7911
    1948  2  9     7815    7816    7817    7914    8011    8010    8009
                   7912    7913
    1949  2  9     7817    7818    7819    7916    8013    8012    8011
                   7914    7915
    1950  2  9     7819    7820    7821    7918    8015    8014    8013
                   7916    7917
    1951  2  9     7821    7822    7823    7920    8017    8016    8015
                   7918    7919
    1952  2  9     7823    7824    7825    7922    8019    8018    8017
                   7920    7921
    1953  2  9     7825    7826    7827    7924    8021    8020    8019
                   7922    7923
    1954  2  9     7827    7828    7829    7926    8023    8022    8021
                   7924    7925
    1955  2  9     7829    7830    7831    7928    8025    8024    8023
                   7926    7927
    1956  2  9     7831    7832    7833    7930    8027    8026    8025
                   7928    7929
    1957  2  9     7833    7834    7835    7932    8029    8028    8027
                   7930    7931
    1958  2  9     7835    7836    7837    7934    8031    8030    8029
                   7932    7933
    1959  2  9     7837    7838    7839    7936    8033    8032    8031
                   7934    7935
    1960  2  9     7839    7840    7841    7938    8035    8034    8033
                   7936    7937
    1961  2  9     7841    7842    7843    7940    8037    8036    8035
                   7938    7939
    1962  2  9     7843    7844    7845    7942    8039    8038    8037
                   7940    7941
    1963  2  9     7845    7846    7847    7944    8041    8040    8039
                   7942    7943
    1964  2  9     7847    7848    7849    7946    8043    8042    8041
                   7944    7945
    1965  2  9     7849    7850    7851    7948    8045    8044    8043
                   7946    7947
    1966  2  9     7851    7852    7853    7950    8047    8046    8045
                   7948    7949
    1967  2  9     7853    7854    7855    7952    8049    8048    8047
                   7950    7951
    1968  2  9     7855    7856    7857    7954    8051    8050    8049
                   7952    7953
    1969  2  9     7955    7956    7957    8054    8151    8150    8149
                   8052    8053
    1970  2  9     7957    7958    7959    8056    8153    8152    8151
                   8054    8055
    1971  2  9     7959    7960    7961    8058    8155    8154    8153
                   8056    8057
    1972  2  9     7961    7962    7963    8060    8157    8156    8155
                   8058    8059
    1973  2  9     7963    7964    7965    8062    8159    8158    8157
                   8060    8061
    1974  2  9     7965    7966    7967    8064    8161    8160    8159
                   8062    8063
    1975  2  9     7967    7968    7969    8066    8163    8162    8161
                   8064    8065
    1976  2  9     7969    7970    7971    8068    8165    8164    8163
                   8066    8067
    1977  2  9     7971    7972    7973    8070    8167    8166    8165
                   8068    8069
    1978  2  9     7973    7974    7975    8072    8169    8168    8167
                   8070    8071
    1979  2  9     7975    7976    7977    8074    8171    8170    8169
                   8072    8073
    1980  2  9     7977    7978    7979    8076    8173    8172    8171
                   8074    8075
    1981  2  9     7979    7980    7981    8078    8175    8174    8173
                   8076    8077
    1982  2  9     7981    7982    7983    8080    8177    8176    8175
                   8078    8079
    1983  2  9     7983    7984    7985    8082    8179    8178    8177
                   8080    8081
    1984  2  9     7985    7986    7987    8084    8181    8180    8179
                   8082    8083
    1985  2  9     7987    7988    7989    8086    8183    8182    8181
                   8084    8085
    1986  2  9     7989    7990    7991    8088    8185    8184    8183
                   8086    8087
    1987  2  9     7991    7992    7993    8090    8187    8186    8185
                   8088    8089
    1988  2  9     7993    7994    7995    8092    8189    8188    8187
                   8090    8091
    1989  2  9     7995    7996    7997    8094    8191    8190    8189
                   8092    8093
    1990  2  9     7997    7998    7999    8096    8193    8192    8191
                   8094    8095
    1991  2  9     7999    8000    8001    8098    8195    8194    8193
                   8096    8097
    1992  2  9     8001    8002    8003    8100    8197    8196    8195
                   8098    8099
    1993  2  9     8003    8004    8005    8102    8199    8198    8197
                   8100    8101
    1994  2  9     8005    8006    8007    8104    8201    8200    8199
                   8102    8103
    1995  2  9     8007    8008    8009    8106    8203    8202    8201
                   8104    8105
    1996  2  9     8009    8010    8011    8108    8205    8204    8203
                   8106    8107
    1997  2  9     8011    8012    8013    8110    8207    8206    8205
                   8108    8109
    1998  2  9     8013    8014    8015    8112    8209    8208    8207
                   8110    8111
    1999  2  9     8015    8016    8017    8114    8211    8210    8209
                   8112    8113
    2000  2  9     8017    8018    8019    8116    8213    8212    8211
                   8114    8115
    2001  2  9     8019    8020    8021    8118    8215    8214    8213
                   8116    8117
    2002  2  9     8021    8022    8023    8120    8217    8216    8215
                   8118    8119
    2003  2  9     8023    8024    8025    8122    8219    8218    8217
                   8120    8121
    2004  2  9     8025    8026    8027    8124    8221    8220    8219
                   8122    8123
    2005  2  9     8027    8028    8029    8126    8223    8222    8221
                   8124    8125
    2006  2  9     8029    8030    8031    8128    8225    8224    8223
                   8126    8127
    2007  2  9     8031    8032    8033    8130    8227    8226    8225
                   8128    8129
    2008  2  9     8033    8034    8035    8132    8229    8228    8227
                   8130    8131
    2009  2  9     8035    8036    8037    8134    8231    8230    8229
                   8132    8133
    2010  2  9     8037    8038    8039    8136    8233    8232    8231
                   8134    8135
    2011  2  9     8039    8040    8041    8138    8235    8234    8233
                   8136    8137
    2012  2  9     8041    8042    8043    8140    8237    8236    8235
                   8138    8139
    2013  2  9     8043    8044    8045    8142    8239    8238    8237
                   8140    8141
    2014  2  9     8045    8046    8047    8144    8241    8240    8239
                   8142    8143
    2015  2  9     8047    8048    8049    8146    8243    8242    8241
                   8144    8145
    2016  2  9     8049    8050    8051    8148    8245    8244    8243
                   8146    8147
    2017  2  9     8149    8150    8151    8248    8345    8344    8343
                   8246    8247
    2018  2  9     8151    8152    8153    8250    8347    8346    8345
                   8248    8249
    2019  2  9     8153    8154    8155    8252    8349    8348    8347
                   8250    8251
    2020  2  9     8155    8156    8157    8254    8351    8350    8349
                   8252    8253
    2021  2  9     8157    8158    8159    8256    8353    8352    8351
                   8254    8255
    2022  2  9     8159    8160    8161    8258    8355    8354    8353
                   8256    8257
    2023  2  9     8161    8162    8163    8260    8357    8356    8355
                   8258    8259
    2024  2  9     8163    8164    8165    8262    8359    8358    8357
                   8260    8261
    2025  2  9     8165    8166    8167    8264    8361    8360    8359
                   8262    8263
    2026  2  9     8167    8168    8169    8266    8363    8362    8361
                   8264    8265
    2027  2  9     8169    8170    8171    8268    8365    8364    8363
                   8266    8267
    2028  2  9     8171    8172    8173    8270    8367    8366    8365
                   8268    8269
    2029  2  9     8173    8174    8175    8272    8369    8368    8367
                   8270    8271
    2030  2  9     8175    8176    8177    8274    8371    8370    8369
                   8272    8273
    2031  2  9     8177    8178    8179    8276    8373    8372    8371
                   8274    8275
    2032  2  9     8179    8180    8181    8278    8375    8374    8373
                   8276    8277
    2033  2  9     8181    8182    8183    8280    8377    8376    8375
                   8278    8279
    2034  2  9     8183    8184    8185    8282    8379    8378    8377
                   8280    8281
    2035  2  9     8185    8186    8187    8284    8381    8380    8379
                   8282    8283
    2036  2  9     8187    8188    8189    8286    8383    8382    8381
                   8284    8285
    2037  2  9     8189    8190    8191    8288    8385    8384    8383
                   8286    8287
    2038  2  9     8191    8192    8193    8290    8387    8386    8385
                   8288    8289
    2039  2  9     8193    8194    8195    8292    8389    8388    8387
                   8290    8291
    2040  2  9     8195    8196    8197    8294    8391    8390    8389
                   8292    8293
    2041  2  9     8197    8198    8199    8296    8393    8392    8391
                   8294    8295
    2042  2  9     8199    8200    8201    8298    8395    8394    8393
                   8296    8297
    2043  2  9     8201    8202    8203    8300    8397    8396    8395
                   8298    8299
    2044  2  9     8203    8204    8205    8302    8399    8398    8397
                   8300    8301
    2045  2  9     8205    8206    8207    8304    8401    8400    8399
                   8302    8303
    2046  2  9     8207    8208    8209    8306    8403    8402    8401
                   8304    8305
    2047  2  9     8209    8210    8211    8308    8405    8404    8403
                   8306    8307
    2048  2  9     8211    8212    8213    8310    8407    8406    8405
                   8308    8309
    2049  2  9     8213    8214    8215    8312    8409    8408    8407
                   8310    8311
    2050  2  9     8215    8216    8217    8314    8411    8410    8409
                   8312    8313
    2051  2  9     8217    8218    8219    8316    8413    8412    8411
                   8314    8315
    2052  2  9     8219    8220    8221    8318    8415    8414    8413
                   8316    8317
    2053  2  9     8221    8222    8223    8320    8417    8416    8415
                   8318    8319
    2054  2  9     8223    8224    8225    8322    8419    8418    8417
                   8320    8321
    2055  2  9     8225    8226    8227    8324    8421    8420    8419
                   8322    8323
    2056  2  9     8227    8228    8229    8326    8423    8422    8421
                   8324    8325
    2057  2  9     8229    8230    8231    8328    8425    8424    8423
                   8326    8327
    2058  2  9     8231    8232    8233    8330    8427    8426    8425
                   8328    8329
    2059  2  9     8233    8234    8235    8332    8429    8428    8427
                   8330    8331
    2060  2  9     8235    8236    8237    8334    8431    8430    8429
                   8332    8333
    2061  2  9     8237    8238    8239    8336    8433    8432    8431
                   8334    8335
    2062  2  9     8239    8240    8241    8338    8435    8434    8433
                   8336    8337
    2063  2  9     8241    8242    8243    8340    8437    8436    8435
                   8338    8339
    2064  2  9     8243    8244    8245    8342    8439    8438    8437
                   8340    8341
    2065  2  9     8343    8344    8345    8442    8539    8538    8537
                   8440    8441
    2066  2  9     8345    8346    8347    8444    8541    8540    8539
                   8442    8443
    2067  2  9     8347    8348    8349    8446    8543    8542    8541
                   8444    8445
    2068  2  9     8349    8350    8351    8448    8545    8544    8543
                   8446    8447
    2069  2  9     8351    8352    8353    8450    8547    8546    8545
                   8448    8449
    2070  2  9     8353    8354    8355    8452    8549    8548    8547
                   8450    8451
    2071  2  9     8355    8356    8357    8454    8551    8550    8549
                   8452    8453
    2072  2  9     8357    8358    8359    8456    8553    8552    8551
                   8454    8455
    2073  2  9     8359    8360    8361    8458    8555    8554    8553
                   8456    8457
    2074  2  9     8361    8362    8363    8460    8557    8556    8555
                   8458    8459
    2075  2  9     8363    8364    8365    8462    8559    8558    8557
                   8460    8461
    2076  2  9     8365    8366    8367    8464    8561    8560    8559
                   8462    8463
    2077  2  9     8367    8368    8369    8466    8563    8562    8561
                   8464    8465
    2078  2  9     8369    8370    8371    8468    8565    8564    8563
                   8466    8467
    2079  2  9     8371    8372    8373    8470    8567    8566    8565
                   8468    8469
    2080  2  9     8373    8374    8375    8472    8569    8568    8567
                   8470    8471
    2081  2  9     8375    8376    8377    8474    8571    8570    8569
                   8472    8473
    2082  2  9     8377    8378    8379    8476    8573    8572    8571
                   8474    8475
    2083  2  9     8379    8380    8381    8478    8575    8574    8573
                   8476    8477
    2084  2  9     8381    8382    8383    8480    8577    8576    8575
                   8478    8479
    2085  2  9     8383    8384    8385    8482    8579    8578    8577
                   8480    8481
    2086  2  9     8385    8386    8387    8484    8581    8580    8579
                   8482    8483
    2087  2  9     8387    8388    8389    8486    8583    8582    8581
                   8484    8485
    2088  2  9     8389    8390    8391    8488    8585    8584    8583
                   8486    8487
    2089  2  9     8391    8392    8393    8490    8587    8586    8585
                   8488    8489
    2090  2  9     8393    8394    8395    8492    8589    8588    8587
                   8490    8491
    2091  2  9     8395    8396    8397    8494    8591    8590    8589
                   8492    8493
    2092  2  9     8397    8398    8399    8496    8593    8592    8591
                   8494    8495
    2093  2  9     8399    8400    8401    8498    8595    8594    8593
                   8496    8497
    2094  2  9     8401    8402    8403    8500    8597    8596    8595
                   8498    8499
    2095  2  9     8403    8404    8405    8502    8599    8598    8597
                   8500    8501
    2096  2  9     8405    8406    8407    8504    8601    8600    8599
                   8502    8503
    2097  2  9     8407    8408    8409    8506    8603    8602    8601
                   8504    8505
    2098  2  9     8409    8410    8411    8508    8605    8604    8603
                   8506    8507
    2099  2  9     8411    8412    8413    8510    8607    8606    8605
                   8508    8509
    2100  2  9     8413    8414    8415    8512    8609    8608    8607
                   8510    8511
    2101  2  9     8415    8416    8417    8514    8611    8610    8609
                   8512    8513
    2102  2  9     8417    8418    8419    8516    8613    8612    8611
                   8514    8515
    2103  2  9     8419    8420    8421    8518    8615    8614    8613
                   8516    8517
    2104  2  9     8421    8422    8423    8520    8617    8616    8615
                   8518    8519
    2105  2  9     8423    8424    8425    8522    8619    8618    8617
                   8520    8521
    2106  2  9     8425    8426    8427    8524    8621    8620    8619
                   8522    8523
    2107  2  9     8427    8428    8429    8526    8623    8622    8621
                   8524    8525
    2108  2  9     8429    8430    8431    8528    8625    8624    8623
                   8526    8527
    2109  2  9     8431    8432    8433    8530    8627    8626    8625
                   8528    8529
    2110  2  9     8433    8434    8435    8532    8629    8628    8627
                   8530    8531
    2111  2  9     8435    8436    8437    8534    8631    8630    8629
                   8532    8533
    2112  2  9     8437    8438    8439    8536    8633    8632    8631
                   8534    8535
    2113  2  9     8537    8538    8539    8636    8733    8732    8731
                   8634    8635
    2114  2  9     8539    8540    8541    8638    8735    8734    8733
                   8636    8637
    2115  2  9     8541    8542    8543    8640    8737    8736    8735
                   8638    8639
    2116  2  9     8543    8544    8545    8642    8739    8738    8737
                   8640    8641
    2117  2  9     8545    8546    8547    8644    8741    8740    8739
                   8642    8643
    2118  2  9     8547    8548    8549    8646    8743    8742    8741
                   8644    8645
    2119  2  9     8549    8550    8551    8648    8745    8744    8743
                   8646    8647
    2120  2  9     8551    8552    8553    8650    8747    8746    8745
                   8648    8649
    2121  2  9     8553    8554    8555    8652    8749    8748    8747
                   8650    8651
    2122  2  9     8555    8556    8557    8654    8751    8750    8749
                   8652    8653
    2123  2  9     8557    8558    8559    8656    8753    8752    8751
                   8654    8655
    2124  2  9     8559    8560    8561    8658    8755    8754    8753
                   8656    8657
    2125  2  9     8561    8562    8563    8660    8757    8756    8755
                   8658    8659
    2126  2  9     8563    8564    8565    8662    8759    8758    8757
                   8660    8661
    2127  2  9     8565    8566    8567    8664    8761    8760    8759
                   8662    8663
    2128  2  9     8567    8568    8569    8666    8763    8762    8761
                   8664    8665
    2129  2  9     8569    8570    8571    8668    8765    8764    8763
                   8666    8667
    2130  2  9     8571    8572    8573    8670    8767    8766    8765
                   8668    8669
    2131  2  9     8573    8574    8575    8672    8769    8768    8767
                   8670    8671
    2132  2  9     8575    8576    8577    8674    8771    8770    8769
                   8672    8673
    2133  2  9     8577    8578    8579    8676    8773    8772    8771
                   8674    8675
    2134  2  9     8579    8580    8581    8678    8775    8774    8773
                   8676    8677
    2135  2  9     8581    8582    8583    8680    8777    8776    8775
                   8678    8679
    2136  2  9     8583    8584    8585    8682    8779    8778    8777
                   8680    8681
    2137  2  9     8585    8586    8587    8684    8781    8780    8779
                   8682    8683
    2138  2  9     8587    8588    8589    8686    8783    8782    8781
                   8684    8685
    2139  2  9     8589    8590    8591    8688    8785    8784    8783
                   8686    8687
    2140  2  9     8591    8592    8593    8690    8787    8786    8785
                   8688    8689
    2141  2  9     8593    8594    8595    8692    8789    8788    8787
                   8690    8691
    2142  2  9     8595    8596    8597    8694    8791    8790    8789
                   8692    8693
    2143  2  9     8597    8598    8599    8696    8793    8792    8791
                   8694    8695
    2144  2  9     8599    8600    8601    8698    8795    8794    8793
                   8696    8697
    2145  2  9     8601    8602    8603    8700    8797    8796    8795
                   8698    8699
    2146  2  9     8603    8604    8605    8702    8799    8798    8797
                   8700    8701
    2147  2  9     8605    8606    8607    8704    8801    8800    8799
                   8702    8703
    2148  2  9     8607    8608    8609    8706    8803    8802    8801
                   8704    8705
    2149  2  9     8609    8610    8611    8708    8805    8804    8803
                   8706    8707
    2150  2  9     8611    8612    8613    8710    8807    8806    8805
                   8708    8709
    2151  2  9     8613    8614    8615    8712    8809    8808    8807
                   8710    8711
    2152  2  9     8615    8616    8617    8714    8811    8810    8809
                   8712    8713
    2153  2  9     8617    8618    8619    8716    8813    8812    8811
                   8714    8715
    2154  2  9     8619    8620    8621    8718    8815    8814    8813
                   8716    8717
    2155  2  9     8621    8622    8623    8720    8817    8816    8815
                   8718    8719
    2156  2  9     8623    8624    8625    8722    8819    8818    8817
                   8720    8721
    2157  2  9     8625    8626    8627    8724    8821    8820    8819
                   8722    8723
    2158  2  9     8627    8628    8629    8726    8823    8822    8821
                   8724    8725
    2159  2  9     8629    8630    8631    8728    8825    8824    8823
                   8726    8727
    2160  2  9     8631    8632    8633    8730    8827    8826    8825
                   8728    8729
    2161  2  9     8731    8732    8733    8830    8927    8926    8925
                   8828    8829
    2162  2  9     8733    8734    8735    8832    8929    8928    8927
                   8830    8831
    2163  2  9     8735    8736    8737    8834    8931    8930    8929
                   8832    8833
    2164  2  9     8737    8738    8739    8836    8933    8932    8931
                   8834    8835
    2165  2  9     8739    8740    8741    8838    8935    8934    8933
                   8836    8837
    2166  2  9     8741    8742    8743    8840    8937    8936    8935
                   8838    8839
    2167  2  9     8743    8744    8745    8842    8939    8938    8937
                   8840    8841
    2168  2  9     8745    8746    8747    8844    8941    8940    8939
                   8842    8843
    2169  2  9     8747    8748    8749    8846    8943    8942    8941
                   8844    8845
    2170  2  9     8749    8750    8751    8848    8945    8944    8943
                   8846    8847
    2171  2  9     8751    8752    8753    8850    8947    8946    8945
                   8848    8849
    2172  2  9     8753    8754    8755    8852    8949    8948    8947
                   8850    8851
    2173  2  9     8755    8756    8757    8854    8951    8950    8949
                   8852    8853
    2174  2  9     8757    8758    8759    8856    8953    8952    8951
                   8854    8855
    2175  2  9     8759    8760    8761    8858    8955    8954    8953
                   8856    8857
    2176  2  9     8761    8762    8763    8860    8957    8956    8955
                   8858    8859
    2177  2  9     8763    8764    8765    8862    8959    8958    8957
                   8860    8861
    2178  2  9     8765    8766    8767    8864    8961    8960    8959
                   8862    8863
    2179  2  9     8767    8768    8769    8866    8963    8962    8961
                   8864    8865
    2180  2  9     8769    8770    8771    8868    8965    8964    8963
                   8866    8867
    2181  2  9     8771    8772    8773    8870    8967    8966    8965
                   8868    8869
    2182  2  9     8773    8774    8775    8872    8969    8968    8967
                   8870    8871
    2183  2  9     8775    8776    8777    8874    8971    8970    8969
                   8872    8873
    2184  2  9     8777    8778    8779    8876    8973    8972    8971
                   8874    8875
    2185  2  9     8779    8780    8781    8878    8975    8974    8973
                   8876    8877
    2186  2  9     8781    8782    8783    8880    8977    8976    8975
                   8878    8879
    2187  2  9     8783    8784    8785    8882    8979    8978    8977
                   8880    8881
    2188  2  9     8785    8786    8787    8884    8981    8980    8979
                   8882    8883
    2189  2  9     8787    8788    8789    8886    8983    8982    8981
                   8884    8885
    2190  2  9     8789    8790    8791    8888    8985    8984    8983
                   8886    8887
    2191  2  9     8791    8792    8793    8890    8987    8986    8985
                   8888    8889
    2192  2  9     8793    8794    8795    8892    8989    8988    8987
                   8890    8891
    2193  2  9     8795    8796    8797    8894    8991    8990    8989
                   8892    8893
    2194  2  9     8797    8798    8799    8896    8993    8992    8991
                   8894    8895
    2195  2  9     8799    8800    8801    8898    8995    8994    8993
                   8896    8897
    2196  2  9     8801    8802    8803    8900    8997    8996    8995
                   8898    8899
    2197  2  9     8803    8804    8805    8902    8999    8998    8997
                   8900    8901
    2198  2  9     8805    8806    8807    8904    9001    9000    8999
                   8902    8903
    2199  2  9     8807    8808    8809    8906    9003    9002    9001
                   8904    8905
    2200  2  9     8809    8810    8811    8908    9005    9004    9003
                   8906    8907
    2201  2  9     8811    8812    8813    8910    9007    9006    9005
                   8908    8909
    2202  2  9     8813    8814    8815    8912    9009    9008    9007
                   8910    8911
    2203  2  9     8815    8816    8817    8914    9011    9010    9009
                   8912    8913
    2204  2  9     8817    8818    8819    8916    9013    9012    9011
                   8914    8915
    2205  2  9     8819    8820    8821    8918    9015    9014    9013
                   8916    8917
    2206  2  9     8821    8822    8823    8920    9017    9016    9015
                   8918    8919
    2207  2  9     8823    8824    8825    8922    9019    9018    9017
                   8920    8921
    2208  2  9     8825    8826    8827    8924    9021    9020    9019
                   8922    8923
    2209  2  9     8925    8926    8927    9024    9121    9120    9119
                   9022    9023
    2210  2  9     8927    8928    8929    9026    9123    9122    9121
                   9024    9025
    2211  2  9     8929    8930    8931    9028    9125    9124    9123
                   9026    9027
    2212  2  9     8931    8932    8933    9030    9127    9126    9125
                   9028    9029
    2213  2  9     8933    8934    8935    9032    9129    9128    9127
                   9030    9031
    2214  2  9     8935    8936    8937    9034    9131    9130    9129
                   9032    9033
    2215  2  9     8937    8938    8939    9036    9133    9132    9131
                   9034    9035
    2216  2  9     8939    8940    8941    9038    9135    9134    9133
                   9036    9037
    2217  2  9     8941    8942    8943    9040    9137    9136    9135
                   9038    9039
    2218  2  9     8943    8944    8945    9042    9139    9138    9137
                   9040    9041
    2219  2  9     8945    8946    8947    9044    9141    9140    9139
                   9042    9043
    2220  2  9     8947    8948    8949    9046    9143    9142    9141
                   9044    9045
    2221  2  9     8949    8950    8951    9048    9145    9144    9143
                   9046    9047
    2222  2  9     8951    8952    8953    9050    9147    9146    9145
                   9048    9049
    2223  2  9     8953    8954    8955    9052    9149    9148    9147
                   9050    9051
    2224  2  9     8955    8956    8957    9054    9151    9150    9149
                   9052    9053
    2225  2  9     8957    8958    8959    9056    9153    9152    9151
                   9054    9055
    2226  2  9     8959    8960    8961    9058    9155    9154    9153
                   9056    9057
    2227  2  9     8961    8962    8963    9060    9157    9156    9155
                   9058    9059
    2228  2  9     8963    8964    8965    9062    9159    9158    9157
                   9060    9061
    2229  2  9     8965    8966    8967    9064    9161    9160    9159
                   9062    9063
    2230  2  9     8967    8968    8969    9066    9163    9162    9161
                   9064    9065
    2231  2  9     8969    8970    8971    9068    9165    9164    9163
                   9066    9067
    2232  2  9     8971    8972    8973    9070    9167    9166    9165
                   9068    9069
    2233  2  9     8973    8974    8975    9072    9169    9168    9167
                   9070    9071
    2234  2  9     8975    8976    8977    9074    9171    9170    9169
                   9072    9073
    2235  2  9     8977    8978    8979    9076    9173    9172    9171
                   9074    9075
    2236  2  9     8979    8980    8981    9078    9175    9174    9173
                   9076    9077
    2237  2  9     8981    8982    8983    9080    9177    9176    9175
                   9078    9079
    2238  2  9     8983    8984    8985    9082    9179    9178    9177
                   9080    9081
    2239  2  9     8985    8986    8987    9084    9181    9180    9179
                   9082    9083
    2240  2  9     8987    8988    8989    9086    9183    9182    9181
                   9084    9085
    2241  2  9     8989    8990    8991    9088    9185    9184    9183
                   9086    9087
    2242  2  9     8991    8992    8993    9090    9187    9186    9185
                   9088    9089
    2243  2  9     8993    8994    8995    9092    9189    9188    9187
                   9090    9091
    2244  2  9     8995    8996    8997    9094    9191    9190    9189
                   9092    9093
    2245  2  9     8997    8998    8999    9096    9193    9192    9191
                   9094    9095
    2246  2  9     8999    9000    9001    9098    9195    9194    9193
                   9096    9097
    2247  2  9     9001    9002    9003    9100    9197    9196    9195
                   9098    9099
    2248  2  9     9003    9004    9005    9102    9199    9198    9197
                   9100    9101
    2249  2  9     9005    9006    9007    9104    9201    9200    9199
                   9102    9103
    2250  2  9     9007    9008    9009    9106    9203    9202    9201
                   9104    9105
    2251  2  9     9009    9010    9011    9108    9205    9204    9203
                   9106    9107
    2252  2  9     9011    9012    9013    9110    9207    9206    9205
                   9108    9109
    2253  2  9     9013    9014    9015    9112    9209    9208    9207
                   9110    9111
    2254  2  9     9015    9016    9017    9114    9211    9210    9209
                   9112    9113
    2255  2  9     9017    9018    9019    9116    9213    9212    9211
                   9114    9115
    2256  2  9     9019    9020    9021    9118    9215    9214    9213
                   9116    9117
    2257  2  9     9119    9120    9121    9218    9315    9314    9313
                   9216    9217
    2258  2  9     9121    9122    9123    9220    9317    9316    9315
                   9218    9219
    2259  2  9     9123    9124    9125    9222    9319    9318    9317
                   9220    9221
    2260  2  9     9125    9126    9127    9224    9321    9320    9319
                   9222    9223
    2261  2  9     9127    9128    9129    9226    9323    9322    9321
                   9224    9225
    2262  2  9     9129    9130    9131    9228    9325    9324    9323
                   9226    9227
    2263  2  9     9131    9132    9133    9230    9327    9326    9325
                   9228    9229
    2264  2  9     9133    9134    9135    9232    9329    9328    9327
                   9230    9231
    2265  2  9     9135    9136    9137    9234    9331    9330    9329
                   9232    9233
    2266  2  9     9137    9138    9139    9236    9333    9332    9331
                   9234    9235
    2267  2  9     9139    9140    9141    9238    9335    9334    9333
                   9236    9237
    2268  2  9     9141    9142    9143    9240    9337    9336    9335
                   9238    9239
    2269  2  9     9143    9144    9145    9242    9339    9338    9337
                   9240    9241
    2270  2  9     9145    9146    9147    9244    9341    9340    9339
                   9242    9243
    2271  2  9     9147    9148    9149    9246    9343    9342    9341
                   9244    9245
    2272  2  9     9149    9150    9151    9248    9345    9344    9343
                   9246    9247
    2273  2  9     9151    9152    9153    9250    9347    9346    9345
                   9248    9249
    2274  2  9     9153    9154    9155    9252    9349    9348    9347
                   9250    9251
    2275  2  9     9155    9156    9157    9254    9351    9350    9349
                   9252    9253
    2276  2  9     9157    9158    9159    9256    9353    9352    9351
                   9254    9255
    2277  2  9     9159    9160    9161    9258    9355    9354    9353
                   9256    9257
    2278  2  9     9161    9162    9163    9260    9357    9356    9355
                   9258    9259
    2279  2  9     9163    9164    9165    9262    9359    9358    9357
                   9260    9261
    2280  2  9     9165    9166    9167    9264    9361    9360    9359
                   9262    9263
    2281  2  9     9167    9168    9169    9266    9363    9362    9361
                   9264    9265
    2282  2  9     9169    9170    9171    9268    9365    9364    9363
                   9266    9267
    2283  2  9     9171    9172    9173    9270    9367    9366    9365
                   9268    9269
    2284  2  9     9173    9174    9175    9272    9369    9368    9367
                   9270    9271
    2285  2  9     9175    9176    9177    9274    9371    9370    9369
                   9272    9273
    2286  2  9     9177    9178    9179    9276    9373    9372    9371
                   9274    9275
    2287  2  9     9179    9180    9181    9278    9375    9374    9373
                   9276    9277
    2288  2  9     9181    9182    9183    9280    9377    9376    9375
                   9278    9279
    2289  2  9     9183    9184    9185    9282    9379    9378    9377
                   9280    9281
    2290  2  9     9185    9186    9187    9284    9381    9380    9379
                   9282    9283
    2291  2  9     9187    9188    9189    9286    9383    9382    9381
                   9284    9285
    2292  2  9     9189    9190    9191    9288    9385    9384    9383
                   9286    9287
    2293  2  9     9191    9192    9193    9290    9387    9386    9385
                   9288    9289
    2294  2  9     9193    9194    9195    9292    9389    9388    9387
                   9290    9291
    2295  2  9     9195    9196    9197    9294    9391    9390    9389
                   9292    9293
    2296  2  9     9197    9198    9199    9296    9393    9392    9391
                   9294    9295
    2297  2  9     9199    9200    9201    9298    9395    9394    9393
                   9296    9297
    2298  2  9     9201    9202    9203    9300    9397    9396    9395
                   9298    9299
    2299  2  9     9203    9204    9205    9302    9399    9398    9397
                   9300    9301
    2300  2  9     9205    9206    9207    9304    9401    9400    9399
                   9302    9303
    2301  2  9     9207    9208    9209    9306    9403    9402    9401
                   9304    9305
    2302  2  9     9209    9210    9211    9308    9405    9404    9403
                   9306    9307
    2303  2  9     9211    9212    9213    9310    9407    9406    9405
                   9308    9309
    2304  2  9     9213    9214    9215    9312    9409    9408    9407
                   9310    9311
ENDOFSECTION
       ELEMENT GROUP 2.3.16
GROUP:          1 ELEMENTS:       1280 MATERIAL:          4 NFLAGS:          1
                               5
       0
    1025    1026    1027    1028    1029    1030    1031    1032    1033    1034
    1035    1036    1037    1038    1039    1040    1041    1042    1043    1044
    1045    1046    1047    1048    1049    1050    1051    1052    1053    1054
    1055    1056    1057    1058    1059    1060    1061    1062    1063    1064
    1065    1066    1067    1068    1069    1070    1071    1072    1073    1074
    1075    1076    1077    1078    1079    1080    1081    1082    1083    1084
    1085    1086    1087    1088    1089    1090    1091    1092    1093    1094
    1095    1096    1097    1098    1099    1100    1101    1102    1103    1104
    1105    1106    1107    1108    1109    1110    1111    1112    1113    1114
    1115    1116    1117    1118    1119    1120    1121    1122    1123    1124
    1125    1126    1127    1128    1129    1130    1131    1132    1133    1134
    1135    1136    1137    1138    1139    1140    1141    1142    1143    1144
    1145    1146    1147    1148    1149    1150    1151    1152    1153    1154
    1155    1156    1157    1158    1159    1160    1161    1162    1163    1164
    1165    1166    1167    1168    1169    1170    1171    1172    1173    1174
    1175    1176    1177    1178    1179    1180    1181    1182    1183    1184
    1185    1186    1187    1188    1189    1190    1191    1192    1193    1194
    1195    1196    1197    1198    1199    1200    1201    1202    1203    1204
    1205    1206    1207    1208    1209    1210    1211    1212    1213    1214
    1215    1216    1217    1218    1219    1220    1221    1222    1223    1224
    1225    1226    1227    1228    1229    1230    1231    1232    1233    1234
    1235    1236    1237    1238    1239    1240    1241    1242    1243    1244
    1245    1246    1247    1248    1249    1250    1251    1252    1253    1254
    1255    1256    1257    1258    1259    1260    1261    1262    1263    1264
    1265    1266    1267    1268    1269    1270    1271    1272    1273    1274
    1275    1276    1277    1278    1279    1280    1281    1282    1283    1284
    1285    1286    1287    1288    1289    1290    1291    1292    1293    1294
    1295    1296    1297    1298    1299    1300    1301    1302    1303    1304
    1305    1306    1307    1308    1309    1310    1311    1312    1313    1314
    1315    1316    1317    1318    1319    1320    1321    1322    1323    1324
    1325    1326    1327    1328    1329    1330    1331    1332    1333    1334
    1335    1336    1337    1338    1339    1340    1341    1342    1343    1344
    1345    1346    1347    1348    1349    1350    1351    1352    1353    1354
    1355    1356    1357    1358    1359    1360    1361    1362    1363    1364
    1365    1366    1367    1368    1369    1370    1371    1372    1373    1374
    1375    1376    1377    1378    1379    1380    1381    1382    1383    1384
    1385    1386    1387    1388    1389    1390    1391    1392    1393    1394
    1395    1396    1397    1398    1399    1400    1401    1402    1403    1404
    1405    1406    1407    1408    1409    1410    1411    1412    1413    1414
    1415    1416    1417    1418    1419    1420    1421    1422    1423    1424
    1425    1426    1427    1428    1429    1430    1431    1432    1433    1434
    1435    1436    1437    1438    1439    1440    1441    1442    1443    1444
    1445    1446    1447    1448    1449    1450    1451    1452    1453    1454
    1455    1456    1457    1458    1459    1460    1461    1462    1463    1464
    1465    1466    1467    1468    1469    1470    1471    1472    1473    1474
    1475    1476    1477    1478    1479    1480    1481    1482    1483    1484
    1485    1486    1487    1488    1489    1490    1491    1492    1493    1494
    1495    1496    1497    1498    1499    1500    1501    1502    1503    1504
    1505    1506    1507    1508    1509    1510    1511    1512    1513    1514
    1515    1516    1517    1518    1519    1520    1521    1522    1523    1524
    1525    1526    1527    1528    1529    1530    1531    1532    1533    1534
    1535    1536    1537    1538    1539    1540    1541    1542    1543    1544
    1545    1546    1547    1548    1549    1550    1551    1552    1553    1554
    1555    1556    1557    1558    1559    1560    1561    1562    1563    1564
    1565    1566    1567    1568    1569    1570    1571    1572    1573    1574
    1575    1576    1577    1578    1579    1580    1581    1582    1583    1584
    1585    1586    1587    1588    1589    1590    1591    1592    1593    1594
    1595    1596    1597    1598    1599    1600    1601    1602    1603    1604
    1605    1606    1607    1608    1609    1610    1611    1612    1613    1614
    1615    1616    1617    1618    1619    1620    1621    1622    1623    1624
    1625    1626    1627    1628    1629    1630    1631    1632    1633    1634
    1635    1636    1637    1638    1639    1640    1641    1642    1643    1644
    1645    1646    1647    1648    1649    1650    1651    1652    1653    1654
    1655    1656    1657    1658    1659    1660    1661    1662    1663    1664
    1665    1666    1667    1668    1669    1670    1671    1672    1673    1674
    1675    1676    1677    1678    1679    1680    1681    1682    1683    1684
    1685    1686    1687    1688    1689    1690    1691    1692    1693    1694
    1695    1696    1697    1698    1699    1700    1701    1702    1703    1704
    1705    1706    1707    1708    1709    1710    1711    1712    1713    1714
    1715    1716    1717    1718    1719    1720    1721    1722    1723    1724
    1725    1726    1727    1728    1729    1730    1731    1732    1733    1734
    1735    1736    1737    1738    1739    1740    1741    1742    1743    1744
    1745    1746    1747    1748    1749    1750    1751    1752    1753    1754
    1755    1756    1757    1758    1759    1760    1761    1762    1763    1764
    1765    1766    1767    1768    1769    1770    1771    1772    1773    1774
    1775    1776    1777    1778    1779    1780    1781    1782    1783    1784
    1785    1786    1787    1788    1789    1790    1791    1792    1793    1794
    1795    1796    1797    1798    1799    1800    1801    1802    1803    1804
    1805    1806    1807    1808    1809    1810    1811    1812    1813    1814
    1815    1816    1817    1818    1819    1820    1821    1822    1823    1824
    1825    1826    1827    1828    1829    1830    1831    1832    1833    1834
    1835    1836    1837    1838    1839    1840    1841    1842    1843    1844
    1845    1846    1847    1848    1849    1850    1851    1852    1853    1854
    1855    1856    1857    1858    1859    1860    1861    1862    1863    1864
    1865    1866    1867    1868    1869    1870    1871    1872    1873    1874
    1875    1876    1877    1878    1879    1880    1881    1882    1883    1884
    1885    1886    1887    1888    1889    1890    1891    1892    1893    1894
    1895    1896    1897    1898    1899    1900    1901    1902    1903    1904
    1905    1906    1907    1908    1909    1910    1911    1912    1913    1914
    1915    1916    1917    1918    1919    1920    1921    1922    1923    1924
    1925    1926    1927    1928    1929    1930    1931    1932    1933    1934
    1935    1936    1937    1938    1939    1940    1941    1942    1943    1944
    1945    1946    1947    1948    1949    1950    1951    1952    1953    1954
    1955    1956    1957    1958    1959    1960    1961    1962    1963    1964
    1965    1966    1967    1968    1969    1970    1971    1972    1973    1974
    1975    1976    1977    1978    1979    1980    1981    1982    1983    1984
    1985    1986    1987    1988    1989    1990    1991    1992    1993    1994
    1995    1996    1997    1998    1999    2000    2001    2002    2003    2004
    2005    2006    2007    2008    2009    2010    2011    2012    2013    2014
    2015    2016    2017    2018    2019    2020    2021    2022    2023    2024
    2025    2026    2027    2028    2029    2030    2031    2032    2033    2034
    2035    2036    2037    2038    2039    2040    2041    2042    2043    2044
    2045    2046    2047    2048    2049    2050    2051    2052    2053    2054
    2055    2056    2057    2058    2059    2060    2061    2062    2063    2064
    2065    2066    2067    2068    2069    2070    2071    2072    2073    2074
    2075    2076    2077    2078    2079    2080    2081    2082    2083    2084
    2085    2086    2087    2088    2089    2090    2091    2092    2093    2094
    2095    2096    2097    2098    2099    2100    2101    2102    2103    2104
    2105    2106    2107    2108    2109    2110    2111    2112    2113    2114
    2115    2116    2117    2118    2119    2120    2121    2122    2123    2124
    2125    2126    2127    2128    2129    2130    2131    2132    2133    2134
    2135    2136    2137    2138    2139    2140    2141    2142    2143    2144
    2145    2146    2147    2148    2149    2150    2151    2152    2153    2154
    2155    2156    2157    2158    2159    2160    2161    2162    2163    2164
    2165    2166    2167    2168    2169    2170    2171    2172    2173    2174
    2175    2176    2177    2178    2179    2180    2181    2182    2183    2184
    2185    2186    2187    2188    2189    2190    2191    2192    2193    2194
    2195    2196    2197    2198    2199    2200    2201    2202    2203    2204
    2205    2206    2207    2208    2209    2210    2211    2212    2213    2214
    2215    2216    2217    2218    2219    2220    2221    2222    2223    2224
    2225    2226    2227    2228    2229    2230    2231    2232    2233    2234
    2235    2236    2237    2238    2239    2240    2241    2242    2243    2244
    2245    2246    2247    2248    2249    2250    2251    2252    2253    2254
    2255    2256    2257    2258    2259    2260    2261    2262    2263    2264
    2265    2266    2267    2268    2269    2270    2271    2272    2273    2274
    2275    2276    2277    2278    2279    2280    2281    2282    2283    2284
    2285    2286    2287    2288    2289    2290    2291    2292    2293    2294
    2295    2296    2297    2298    2299    2300    2301    2302    2303    2304
ENDOFSECTION
       ELEMENT GROUP 2.3.16
GROUP:          2 ELEMENTS:       1024 MATERIAL:          2 NFLAGS:          1
                               7
       0
       1       2       3       4       5       6       7       8       9      10
      11      12      13      14      15      16      17      18      19      20
      21      22      23      24      25      26      27      28      29      30
      31      32      33      34      35      36      37      38      39      40
      41      42      43      44      45      46      47      48      49      50
      51      52      53      54      55      56      57      58      59      60
      61      62      63      64      65      66      67      68      69      70
      71      72      73      74      75      76      77      78      79      80
      81      82      83      84      85      86      87      88      89      90
      91      92      93      94      95      96      97      98      99     100
     101     102     103     104     105     106     107     108     109     110
     111     112     113     114     115     116     117     118     119     120
     121     122     123     124     125     126     127     128     129     130
     131     132     133     134     135     136     137     138     139     140
     141     142     143     144     145     146     147     148     149     150
     151     152     153     154     155     156     157     158     159     160
     161     162     163     164     165     166     167     168     169     170
     171     172     173     174     175     176     177     178     179     180
     181     182     183     184     185     186     187     188     189     190
     191     192     193     194     195     196     197     198     199     200
     201     202     203     204     205     206     207     208     209     210
     211     212     213     214     215     216     217     218     219     220
     221     222     223     224     225     226     227     228     229     230
     231     232     233     234     235     236     237     238     239     240
     241     242     243     244     245     246     247     248     249     250
     251     252     253     254     255     256     257     258     259     260
     261     262     263     264     265     266     267     268     269     270
     271     272     273     274     275     276     277     278     279     280
     281     282     283     284     285     286     287     288     289     290
     291     292     293     294     295     296     297     298     299     300
     301     302     303     304     305     306     307     308     309     310
     311     312     313     314     315     316     317     318     319     320
     321     322     323     324     325     326     327     328     329     330
     331     332     333     334     335     336     337     338     339     340
     341     342     343     344     345     346     347     348     349     350
     351     352     353     354     355     356     357     358     359     360
     361     362     363     364     365     366     367     368     369     370
     371     372     373     374     375     376     377     378     379     380
     381     382     383     384     385     386     387     388     389     390
     391     392     393     394     395     396     397     398     399     400
     401     402     403     404     405     406     407     408     409     410
     411     412     413     414     415     416     417     418     419     420
     421     422     423     424     425     426     427     428     429     430
     431     432     433     434     435     436     437     438     439     440
     441     442     443     444     445     446     447     448     449     450
     451     452     453     454     455     456     457     458     459     460
     461     462     463     464     465     466     467     468     469     470
     471     472     473     474     475     476     477     478     479     480
     481     482     483     484     485     486     487     488     489     490
     491     492     493     494     495     496     497     498     499     500
     501     502     503     504     505     506     507     508     509     510
     511     512     513     514     515     516     517     518     519     520
     521     522     523     524     525     526     527     528     529     530
     531     532     533     534     535     536     537     538     539     540
     541     542     543     544     545     546     547     548     549     550
     551     552     553     554     555     556     557     558     559     560
     561     562     563     564     565     566     567     568     569     570
     571     572     573     574     575     576     577     578     579     580
     581     582     583     584     585     586     587     588     589     590
     591     592     593     594     595     596     597     598     599     600
     601     602     603     604     605     606     607     608     609     610
     611     612     613     614     615     616     617     618     619     620
     621     622     623     624     625     626     627     628     629     630
     631     632     633     634     635     636     637     638     639     640
     641     642     643     644     645     646     647     648     649     650
     651     652     653     654     655     656     657     658     659     660
     661     662     663     664     665     666     667     668     669     670
     671     672     673     674     675     676     677     678     679     680
     681     682     683     684     685     686     687     688     689     690
     691     692     693     694     695     696     697     698     699     700
     701     702     703     704     705     706     707     708     709     710
     711     712     713     714     715     716     717     718     719     720
     721     722     723     724     725     726     727     728     729     730
     731     732     733     734     735     736     737     738     739     740
     741     742     743     744     745     746     747     748     749     750
     751     752     753     754     755     756     757     758     759     760
     761     762     763     764     765     766     767     768     769     770
     771     772     773     774     775     776     777     778     779     780
     781     782     783     784     785     786     787     788     789     790
     791     792     793     794     795     796     797     798     799     800
     801     802     803     804     805     806     807     808     809     810
     811     812     813     814     815     816     817     818     819     820
     821     822     823     824     825     826     827     828     829     830
     831     832     833     834     835     836     837     838     839     840
     841     842     843     844     845     846     847     848     849     850
     851     852     853     854     855     856     857     858     859     860
     861     862     863     864     865     866     867     868     869     870
     871     872     873     874     875     876     877     878     879     880
     881     882     883     884     885     886     887     888     889     890
     891     892     893     894     895     896     897     898     899     900
     901     902     903     904     905     906     907     908     909     910
     911     912     913     914     915     916     917     918     919     920
     921     922     923     924     925     926     927     928     929     930
     931     932     933     934     935     936     937     938     939     940
     941     942     943     944     945     946     947     948     949     950
     951     952     953     954     955     956     957     958     959     960
     961     962     963     964     965     966     967     968     969     970
     971     972     973     974     975     976     977     978     979     980
     981     982     983     984     985     986     987     988     989     990
     991     992     993     994     995     996     997     998     999    1000
    1001    1002    1003    1004    1005    1006    1007    1008    1009    1010
    1011    1012    1013    1014    1015    1016    1017    1018    1019    1020
    1021    1022    1023    1024
ENDOFSECTION
 BOUNDARY CONDITIONS 2.3.16
                               1       1     192       0       6
      1025    2    1
      1025    2    4
      1026    2    1
      1027    2    1
      1028    2    1
      1029    2    1
      1030    2    1
      1031    2    1
      1032    2    1
      1033    2    1
      1034    2    1
      1035    2    1
      1036    2    1
      1037    2    1
      1038    2    1
      1039    2    1
      1040    2    1
      1041    2    1
      1042    2    1
      1043    2    1
      1044    2    1
      1045    2    1
      1046    2    1
      1047    2    1
      1048    2    1
      1049    2    1
      1050    2    1
      1051    2    1
      1052    2    1
      1053    2    1
      1054    2    1
      1055    2    1
      1056    2    1
      1057    2    1
      1058    2    1
      1059    2    1
      1060    2    1
      1061    2    1
      1062    2    1
      1063    2    1
      1064    2    1
      1065    2    1
      1066    2    1
      1067    2    1
      1068    2    1
      1069    2    1
      1070    2    1
      1071    2    1
      1072    2    1
      1072    2    2
      1073    2    4
      1120    2    2
      1121    2    4
      1168    2    2
      1169    2    4
      1216    2    2
      1217    2    4
      1264    2    2
      1265    2    4
      1312    2    2
      1313    2    4
      1360    2    2
      1361    2    4
      1408    2    2
      1409    2    4
      1424    2    2
      1425    2    4
      1440    2    2
      1441    2    4
      1456    2    2
      1457    2    4
      1472    2    2
      1473    2    4
      1488    2    2
      1489    2    4
      1504    2    2
      1505    2    4
      1520    2    2
      1521    2    4
      1536    2    2
      1537    2    4
      1552    2    2
      1553    2    4
      1568    2    2
      1569    2    4
      1584    2    2
      1585    2    4
      1600    2    2
      1601    2    4
      1616    2    2
      1617    2    4
      1632    2    2
      1633    2    4
      1648    2    2
      1649    2    4
      1664    2    2
      1665    2    4
      1680    2    2
      1681    2    4
      1696    2    2
      1697    2    4
      1712    2    2
      1713    2    4
      1728    2    2
      1729    2    4
      1744    2    2
      1745    2    4
      1760    2    2
      1761    2    4
      1776    2    2
      1777    2    4
      1792    2    2
      1793    2    4
      1808    2    2
      1809    2    4
      1824    2    2
      1825    2    4
      1840    2    2
      1841    2    4
      1856    2    2
      1857    2    4
      1872    2    2
      1873    2    4
      1888    2    2
      1889    2    4
      1904    2    2
      1905    2    4
      1920    2    2
      1921    2    4
      1968    2    2
      1969    2    4
      2016    2    2
      2017    2    4
      2064    2    2
      2065    2    4
      2112    2    2
      2113    2    4
      2160    2    2
      2161    2    4
      2208    2    2
      2209    2    4
      2256    2    2
      2257    2    3
      2257    2    4
      2258    2    3
      2259    2    3
      2260    2    3
      2261    2    3
      2262    2    3
      2263    2    3
      2264    2    3
      2265    2    3
      2266    2    3
      2267    2    3
      2268    2    3
      2269    2    3
      2270    2    3
      2271    2    3
      2272    2    3
      2273    2    3
      2274    2    3
      2275    2    3
      2276    2    3
      2277    2    3
      2278    2    3
      2279    2    3
      2280    2    3
      2281    2    3
      2282    2    3
      2283    2    3
      2284    2    3
      2285    2    3
      2286    2    3
      2287    2    3
      2288    2    3
      2289    2    3
      2290    2    3
      2291    2    3
      2292    2    3
      2293    2    3
      2294    2    3
      2295    2    3
      2296    2    3
      2297    2    3
      2298    2    3
      2299    2    3
      2300    2    3
      2301    2    3
      2302    2    3
      2303    2    3
      2304    2    2
      2304    2    3
ENDOFSECTION
